tree
version=v4
num_class=1
num_tree_per_iteration=1
label_index=0
max_feature_idx=38
objective=lambdarank
feature_names=fame_score cert_score release_year duration_ms range_low_midi range_high_midi falsetto_max_midi artist_song_count artist_max_fame_score artist_mean_fame_score artist_max_cert_score fame_views_log1p song_age range_width fame_score_missing cert_score_missing release_year_missing duration_ms_missing range_low_midi_missing range_high_midi_missing falsetto_max_midi_missing artist_song_count_missing artist_max_fame_score_missing artist_mean_fame_score_missing artist_max_cert_score_missing fame_views_missing artist_genre_00 artist_genre_01 artist_genre_02 artist_genre_03 artist_genre_04 artist_genre_05 artist_genre_06 artist_genre_07 artist_genre_08 artist_genre_09 artist_genre_10 artist_genre_11 artist_genre_12
feature_infos=[0:6.7115999999999998] [0:6] [1949:2026] [34030:733200] [40:67] [59:85] [62:83] [1:58] [0:6.7115999999999998] [0:6.7115999999999998] [0:6] [0:15.453981114825694] [0:77] [3:37] [0:1] [0:1] [0:1] [0:1] [0:1] [0:1] [0:1] none [0:1] [0:1] [0:1] [0:1] [0:1] [0:1] [0:1] [0:1] [0:1] [0:1] [0:1] [0:1] [0:1] [0:1] [0:1] [0:1] none
tree_sizes=1809 1797 805 698 1019 1022 701 1022 1243 1131 792 897 1122 1133 1016 1127 1023 1132 1359 1486 1372 1358 1486 1481 1803 1598 1700 1821 1816 1812 1825 1802 1800 1803 1805 1802 1800 1809 1822 1806 1813 1812 1806 1822 1808 1810 1815 1811 1814 1808 1806 1803 1810 1817 1803 1814 1806 1802 1798 1807 1824 1830 1803 1806 1814 1814 1827 1826 1827 1830 1811 1828 1827 1828 1818 1822 1815 1814 1819 1818 1799 1800 1801 1796 1790 1812 1795 1797 1787 1835 1792 1795 1804 1802 1810 1794 1798 1833 1801 1802 1793 1809 1822 1805 1810 1811 1817 1810 1825 1817 1801 1810 1811 1813 1815 1807 1812 1810 1810 1811 1807 1817 1804 1816 1823 1802 1818 1820 1809 1811 1806 1797 1807 1820 1810 1811 1814 1822 1813 1829 1807 1808 1818 1804 1811 1821 1800 1829 1824 1824 1829 1824 1839 1838 1820 1838 1826 1823 1828 1827 1828 1823 1821 1831 1828 1823 1826 1824 1824 1826 1827 1826 1822 1816 1824 1821 1821 1823 1817 1819 1825 1807 1816 1836 1812 1822 1811 1823 1827 1833 1823 1823 1832 1815 1822 1826 1831 1818 1817 1816 1824 1829 1827 1819 1818 1818 1818 1819 1829 1825 1816 1821 1811 1818 1807 1816 1821 1815 1815 1822 1823 1819 1815 1824 1824 1808 1812 1817 1808 1824 1821 1811 1820 1820 1817 1813 1822 1812 1819 1827 1812 1813 1824 1813 1814 1821 1812 1816 1815 1800 1813 1809 1804 1814 1822 1806 1811 1814 1828 1822 1814 1821 1826 1804 1824 1810 1817 1818 1819 1811 1818 1827 1816 1801 1823 1815 1826 1817 1828 1824 1819 1822 1825 1814 1808 1802 1811 1806 1808 1815 1812 1810 1810 1813 1812 1818 1804 1816 1816 1815 1814 1819 1815 1817 1814 1804 1810 1831 1813 1819 1804 1813 1815 1818 1803 1814 1816 1831 1809 1807 1816 1821 1817 1805 1803 1805 1809 1819 1799 1821 1801 1832 1819 1809 1808 1824 1831 1824 1827 1829 1824 1812 1821 1834 1826 1825 1820 1823 1827 1820 1834 1820 1827 1827 1822 1827 1823 1823 1822 1826 1823 1811 1833 1808 1819 1807 1820 1816 1817 1812 1814 1819 1827 1807 1819 1824 1819 1823 1824 1818 1820 1817 1819 1815 1814 1813 1817 1818 1825 1808 1813 1815 1825 1819 1822 1834 1823 1813 1834 1825 1816 1828 1812 1816 1834 1833 1826 1829 1826 1819 1827 1805 1825 1816 1829 1821 1816 1821 1821 1824 1832 1814 1824 1828 1833 1825 1818 1814 1820 1828 1816 1819 1826 1808 1834 1817 1837 1824 1831 1830 1815 1817 1840 1821 1825 1826 1809 1828 1827 1832

Tree=0
num_leaves=15
num_cat=0
split_feature=11 3 7 27 0 0 12 12 12 31 6 12 33 29
split_gain=1.584 0.870792 0.41168 0.276109 0.081279 0.0805341 0.0694147 0.0679975 0.0627074 0.0389732 0.0185693 0.0162004 0.0138603 0.0128844
threshold=12.582556829267018 218222.50000000003 11.500000000000002 1.0000000180025095e-35 5.4644500000000011 5.6618500000000003 2.5000000000000004 2.5000000000000004 6.5000000000000009 1.0000000180025095e-35 76.500000000000014 39.500000000000007 1.0000000180025095e-35 1.0000000180025095e-35
decision_type=8 8 2 2 10 8 8 8 10 2 10 10 2 2
left_child=1 8 3 5 -4 -2 -7 -3 -1 10 11 -9 13 -8
right_child=2 7 4 -5 -6 6 12 9 -10 -11 -12 -13 -14 -15
leaf_value=0.0092039210359450147 -0.00078098601970589664 0.00014220008457226373 -0.0067145100452589094 -0.0021675932474374583 0.0028792763166033764 -0.00027642621166003019 0.019906869944082722 -0.022259180125864489 -0.0017910876604748896 0.00040808981824283367 8.7793875407442951e-05 0.00012371367202433975 0.00019127378176261219 0.0014857732907024121
leaf_weight=0.31226834273547832 0.064848120942770593 0.079872266760503297 0.36589292535063567 0.2992103723445324 0.20321322012750898 0.094662834002519847 1.3639581002207704 1.2614225459910811 0.061624497502634767 0.013062869271380007 0.015824425776372553 0.0092832039226776741 0.04513746636803273 0.19681779631355301
leaf_count=166 74 189 665 327 231 253 801 2566 186 18 34 17 96 307
internal_value=-4.74476e-09 -0.0143025 0.0108373 0.0147119 -0.00363705 0.0173221 0.018046 -0.0208267 0.00740709 -0.0216168 -0.0219211 -0.0221132 0.0188176 0.0190713
internal_weight=4.3871 1.75336 2.63374 2.06463 0.569106 1.76542 1.70058 1.37947 0.373893 1.29959 1.28653 1.27071 1.60591 1.56078
internal_count=5930 3176 2754 1858 896 1531 1457 2824 352 2635 2617 2583 1204 1108
is_linear=0
shrinkage=0.025


Tree=1
num_leaves=15
num_cat=0
split_feature=0 28 8 3 2 2 7 31 8 29 9 3 0 2
split_gain=2.98615 1.72312 0.26594 0.213482 0.200249 0.335324 0.188975 0.138134 0.0697378 0.0345501 0.0265357 0.0239561 0.00808424 0.00866695
threshold=5.6401500000000011 1.0000000180025095e-35 5.7482500000000014 1.0000000180025095e-35 2017.5000000000002 2022.5000000000002 1.5000000000000002 1.0000000180025095e-35 6.315100000000001 1.0000000180025095e-35 5.7482500000000014 182578.00000000003 5.6023000000000005 1985.5000000000002
decision_type=8 2 8 10 10 10 2 2 10 2 10 8 10 8
left_child=7 2 -2 -3 6 -6 9 8 12 10 -4 -8 13 -1
right_child=1 3 4 -5 5 -7 11 -9 -10 -11 -12 -13 -14 -15
leaf_value=-0.00010101541051973785 -0.0097517811012855712 -0.001461157170073713 0.005585003973609161 0.024825676897042917 0.012371081473438988 -0.0058781449540869874 0.00076166830310386738 0.0010656269254182796 0.00056480874630548917 -0.0018725064347784766 -0.0012217204192479878 -0.0077261877224675804 -0.00026219837006141126 -0.024648518323214172
leaf_weight=0.01730684042558972 0.69686584841110732 0.092692340229404979 0.93654460646212168 1.7698236973665187 0.9018375016748903 0.23332790369750001 0.045005560386925603 0.059435539063997456 0.026430465135490411 0.062930618005339056 0.059906542650423944 1.0661424240388442 0.030479032080620416 1.458381503529381
leaf_count=21 676 66 296 150 156 351 6 54 24 112 23 687 39 3269
internal_value=-2.51468e-09 0.00863205 -0.00158048 0.023464 0.00200688 0.00762382 -0.00240878 -0.0228623 -0.0238446 0.00365661 0.00476881 -0.00718446 -0.0243274 -0.0245177
internal_weight=7.45711 5.86508 4.00256 1.86252 3.3057 1.13517 2.17053 1.59203 1.5326 1.05938 0.996451 1.11115 1.50617 1.47569
internal_count=5930 2523 2307 216 1631 507 1124 3407 3353 431 319 693 3329 3290
is_linear=0
shrinkage=0.025


Tree=2
num_leaves=6
num_cat=0
split_feature=28 0 0 8 9
split_gain=10.4459 1.45606 0.0792635 0.0119467 0.000888272
threshold=1.0000000180025095e-35 5.5582500000000001 5.9030500000000012 6.315100000000001 5.1360500000000009
decision_type=2 8 10 10 10
left_child=2 -2 3 -1 -4
right_child=1 -3 4 -5 -6
leaf_value=-0.030241488423682988 -0.009616230688388322 0.027495250097402564 0.00052315513416118181 -0.00035691741494363457 -0.00051628888309741686
leaf_weight=3.0290550573263326 0.26250789934420016 3.8864074876764789 0.02159674756694574 0.032493580481968709 0.033817173913121223
leaf_count=5061 550 216 20 43 40
internal_value=-3.3865e-10 0.0237356 -0.0296851 -0.0300903 6.6824e-07
internal_weight=7.26588 4.14892 3.11696 3.06155 0.0554139
internal_count=5930 766 5164 5104 60
is_linear=0
shrinkage=0.025


Tree=3
num_leaves=5
num_cat=0
split_feature=28 0 11 9
split_gain=8.64134 1.52302 0.0602693 0.000835897
threshold=1.0000000180025095e-35 5.5582500000000001 13.528761259799321 5.1360500000000009
decision_type=2 8 10 10
left_child=2 -2 -1 -4
right_child=1 -3 3 -5
leaf_value=-0.029017016074578475 -0.010665437199221686 0.025155501047348018 0.00044947945205856183 -0.0005663542078296538
leaf_weight=2.7460895916447048 0.30510551601764735 3.8795294985175133 0.020082724571693578 0.034050395275698975
leaf_count=5097 550 216 22 45
internal_value=1.75647e-09 0.0209904 -0.0286371 -0.000120604
internal_weight=6.98486 4.18464 2.80022 0.0541331
internal_count=5930 766 5164 67
is_linear=0
shrinkage=0.025


Tree=4
num_leaves=8
num_cat=0
split_feature=28 11 3 11 3 3 9
split_gain=7.37024 1.34462 0.0769328 0.0559226 0.0528373 0.00674972 0.000725581
threshold=1.0000000180025095e-35 12.798312548796973 188726.50000000003 13.528761259799321 164891.50000000003 118861.50000000001 5.1360500000000009
decision_type=2 8 10 10 10 8 10
left_child=3 -2 4 -1 5 -3 -5
right_child=1 2 -4 6 -6 -7 -8
leaf_value=-0.027838311742799139 -0.010434660479899821 0.00059185337098837331 0.024052963719645881 0.0004431284072635665 0.0054427282829252023 -0.0031685377430489617 -0.00049942333836827484
leaf_weight=2.5632013604626995 0.3021499688620678 0.04405199829489026 3.5191981984535232 0.019094347662757971 0.28343162918463349 0.091647539695259184 0.031194962735753506
leaf_count=5097 550 2 135 22 12 67 45
internal_value=8.01252e-09 0.0189404 0.0228507 -0.0274684 0.00292036 -0.00250154 -6.03769e-05
internal_weight=6.85397 4.24048 3.93833 2.61349 0.419131 0.1357 0.0502893
internal_count=5930 766 216 5164 81 69 67
is_linear=0
shrinkage=0.025


Tree=5
num_leaves=8
num_cat=0
split_feature=28 0 3 11 3 3 9
split_gain=6.81063 1.25876 0.298041 0.0513033 0.0437248 0.00386648 0.000735662
threshold=1.0000000180025095e-35 5.5582500000000001 214022.50000000003 13.528761259799321 203053.50000000003 208113.50000000003 5.1360500000000009
decision_type=2 8 10 10 8 10 10
left_child=3 -2 4 -1 -3 -6 -5
right_child=1 2 -4 6 5 -7 -8
leaf_value=-0.02706277075009568 -0.010202842454287354 0.0042080321509632866 0.024220804470076841 0.00044029159769536774 -0.0030383466511933448 0.00022157419705945769 -0.00050971013228167663
leaf_weight=2.5024670106649869 0.29927107552066434 0.33798412315081838 3.3588878727750853 0.018995645223185309 0.098030482593458146 0.12715133745223284 0.031088590243598446
leaf_count=5097 550 29 109 22 69 9 45
internal_value=-2.50137e-09 0.0181684 0.0219664 -0.0267029 0.00162736 -0.00251918 -7.32332e-05
internal_weight=6.77388 4.22132 3.92205 2.55255 0.563166 0.225182 0.0500842
internal_count=5930 766 216 5164 107 78 67
is_linear=0
shrinkage=0.025


Tree=6
num_leaves=5
num_cat=0
split_feature=28 0 11 9
split_gain=6.56573 1.18581 0.0474763 0.000760847
threshold=1.0000000180025095e-35 5.5582500000000001 13.528761259799321 5.1360500000000009
decision_type=2 8 10 10
left_child=2 -2 -1 -4
right_child=1 -3 3 -5
leaf_value=-0.026434146850707441 -0.0098139369628721506 0.021714633089954812 0.00043676808203161813 -0.00053128362472925196
leaf_weight=2.5143595710687809 0.29004502986208525 3.8659601237159222 0.019056510762311407 0.031812371307751164
leaf_count=5097 550 216 22 45
internal_value=-9.39387e-09 0.0180376 -0.0260859 -9.81033e-05
internal_weight=6.72123 4.15601 2.56523 0.0508689
internal_count=5930 766 5164 67
is_linear=0
shrinkage=0.025


Tree=7
num_leaves=8
num_cat=0
split_feature=28 0 3 11 3 8 9
split_gain=5.89383 1.07088 0.213258 0.0448803 0.0283846 0.00402136 0.00074053
threshold=1.0000000180025095e-35 5.5582500000000001 213073.50000000003 13.528761259799321 188726.50000000003 6.315100000000001 5.1360500000000009
decision_type=2 8 10 10 10 10 10
left_child=3 -2 4 5 -3 -1 -5
right_child=1 2 -4 6 -6 -7 -8
leaf_value=-0.025612979494036708 -0.0095283362657899578 -0.002780680398050398 0.0217410018544743 0.00043900994369903257 0.0027486455151565399 -0.00022943411391682661 -0.00051457612279548633
leaf_weight=2.4089285266236411 0.2843602482753339 0.097640215069987213 3.5775928396033123 0.018801921047270187 0.23672654828988016 0.022109634766820707 0.031448829540750012
leaf_count=5054 550 81 111 22 24 43 45
internal_value=-5.69186e-09 0.016864 0.0203317 -0.0251719 0.000260151 -0.0255163 -7.94998e-05
internal_weight=6.67761 4.19632 3.91196 2.48129 0.334367 2.43104 0.0502508
internal_count=5930 766 216 5164 105 5097 67
is_linear=0
shrinkage=0.025


Tree=8
num_leaves=10
num_cat=0
split_feature=28 5 0 11 12 12 12 8 9
split_gain=5.14871 1.00722 0.125115 0.0463451 0.0409674 0.0205609 0.00570427 0.00386143 0.000742527
threshold=1.0000000180025095e-35 74.500000000000014 5.8037500000000009 13.528761259799321 47.500000000000007 51.500000000000007 50.500000000000007 6.315100000000001 5.1360500000000009
decision_type=2 8 10 10 8 10 10 10 10
left_child=3 2 -2 7 -3 6 -6 -1 -5
right_child=1 4 -4 8 5 -7 -8 -9 -10
leaf_value=-0.024291275682645136 -0.011153572178387789 0.020250245467777844 0.0028762789794823432 0.00047414929409836186 -0.0022975538617384075 0.0035701998863960586 0.00072450247879662769 -0.00020965008766371938 -0.00047727087523158812
leaf_weight=2.34300002155942 0.32224300422240038 3.4658721317246095 0.091441034164745361 0.019199104455765226 0.069501543242949881 0.20658345255651511 0.038031581789255142 0.021699156059184932 0.031776230112882331
leaf_count=5054 431 249 5 22 63 16 2 43 45
internal_value=9.87693e-10 0.0156785 -0.00821148 -0.0238398 0.019464 0.00198047 -0.00153962 -0.0241983 -8.73875e-06
internal_weight=6.60935 4.19367 0.413684 2.41567 3.77999 0.314117 0.107533 2.3647 0.0509753
internal_count=5930 766 436 5164 330 81 65 5097 67
is_linear=0
shrinkage=0.025


Tree=9
num_leaves=9
num_cat=0
split_feature=28 0 11 3 3 3 8 9
split_gain=5.26341 1.06167 0.0443966 0.0132587 0.0911976 0.0078027 0.00286922 0.000767577
threshold=1.0000000180025095e-35 5.5582500000000001 13.528761259799321 224407.50000000003 214022.50000000003 193942.50000000003 6.315100000000001 5.1360500000000009
decision_type=2 8 10 10 10 8 10 10
left_child=2 -2 6 4 5 -3 -1 -4
right_child=1 3 7 -5 -6 -7 -8 -9
leaf_value=-0.024404176878761261 -0.009711368222664496 0.00063554016859190669 0.00046568951082135557 0.02133732442600551 0.0078963117790421724 -0.0032666124868214424 -0.00023754672274355177 -0.00050244022189431265
leaf_weight=2.3665480459749242 0.30008444297709491 0.06383982166880775 0.019140380376484134 2.9677568640327081 0.70317747630178928 0.13753719971282408 0.022876430972246342 0.032134119537658989
leaf_count=5054 550 20 22 94 15 87 43 45
internal_value=-5.36547e-09 0.0159394 -0.0239616 0.0195124 0.00546534 -0.00253025 -0.0243112 -4.18375e-05
internal_weight=6.61309 4.1724 2.4407 3.87231 0.904554 0.201377 2.38942 0.0512745
internal_count=5930 766 5164 216 122 107 5097 67
is_linear=0
shrinkage=0.025


Tree=10
num_leaves=6
num_cat=0
split_feature=28 0 10 3 11
split_gain=5.27872 1.09817 0.366416 0.215479 0.0273309
threshold=1.0000000180025095e-35 5.5582500000000001 2.5000000000000004 261016.50000000003 13.8902911991607
decision_type=2 8 8 8 10
left_child=4 -2 -3 -4 -1
right_child=1 2 3 -5 -6
leaf_value=-0.024188359954680126 -0.0099347803841260598 0.024148237851237413 0.0084939594082623047 -0.0051363550614353321 0.00019655283832578719
leaf_weight=2.4300412438751668 0.3128378516412339 2.5039555213297722 1.1083216078695837 0.30668636551126849 0.012797573523130157
leaf_count=5147 550 79 74 63 17
internal_value=-2.00475e-09 0.0158202 0.0194778 0.00463617 -0.0240406
internal_weight=6.67464 4.2318 3.91896 1.41501 2.44284
internal_count=5930 766 216 137 5164
is_linear=0
shrinkage=0.025


Tree=11
num_leaves=7
num_cat=0
split_feature=28 0 10 7 11 7
split_gain=5.71614 1.25186 0.366626 0.0378655 0.0268184 0.0162277
threshold=1.0000000180025095e-35 5.5582500000000001 2.5000000000000004 1.5000000000000002 13.8902911991607 14.500000000000002
decision_type=2 8 8 2 10 2
left_child=4 -2 -3 -4 -1 -5
right_child=1 2 3 5 -6 -7
leaf_value=-0.024451608483845654 -0.01034219552960673 0.024427211156607689 0.0048332166417627345 0.001268401170682341 0.00018213855545073614 -0.0031954562267183535
leaf_weight=2.5548310079611842 0.33427397438208561 2.8808938794536521 0.60952491359785188 0.19916984648443758 0.013005347660509758 0.1151647997321561
leaf_count=5147 550 79 67 21 17 49
internal_value=1.81218e-09 0.0168781 0.0209243 0.0029819 -0.0243108 -0.00155397
internal_weight=6.70686 4.13903 3.80475 0.92386 2.56784 0.314335
internal_count=5930 766 216 137 5164 70
is_linear=0
shrinkage=0.025


Tree=12
num_leaves=9
num_cat=0
split_feature=28 0 3 11 3 10 3 12
split_gain=5.65229 1.2706 0.296075 0.0277262 0.0257408 0.0172161 0.00254735 0.000981744
threshold=1.0000000180025095e-35 5.5582500000000001 218222.50000000003 13.8902911991607 215386.50000000003 1.5000000000000002 212280.00000000003 43.500000000000007
decision_type=2 8 10 10 8 8 10 10
left_child=3 -2 4 -1 6 -4 -3 -6
right_child=1 2 5 -5 7 -7 -8 -9
leaf_value=-0.024150640737605457 -0.010377823097215133 -0.00012738678237607325 0.024583717676288305 0.00019593286762880488 -0.0030382267512837268 0.0051798395078965255 0.0027466013306224287 5.3031910423771712e-05
leaf_weight=2.5834496489551388 0.34132290573324997 0.13084762031212482 2.7402791604399686 0.01333095907466475 0.083645604841876775 0.67069279507268209 0.10749918560031801 0.032393999164924026
leaf_count=5147 550 37 39 17 65 62 7 6
internal_value=1.01895e-09 0.0169081 0.0210402 -0.0240059 -0.000250894 0.0228076 0.00234006 -0.00290098
internal_weight=6.70346 4.10668 3.76536 2.59678 0.354386 3.41097 0.238347 0.11604
internal_count=5930 766 216 5164 115 101 44 71
is_linear=0
shrinkage=0.025


Tree=13
num_leaves=9
num_cat=0
split_feature=28 0 3 3 11 2 8 9
split_gain=5.32811 1.23889 0.165267 0.0526524 0.0298301 0.00376816 0.00190093 0.00063668
threshold=1.0000000180025095e-35 5.5582500000000001 220759.50000000003 214022.50000000003 13.528761259799321 2019.5000000000002 6.315100000000001 5.1360500000000009
decision_type=2 8 10 10 10 10 10 10
left_child=4 -2 3 5 6 -3 -1 -6
right_child=1 2 -4 -5 7 -7 -8 -9
leaf_value=-0.023617788064992921 -0.010303468407005929 -0.0034777672039287902 0.022048255950786137 0.004401985856364355 0.00037667304013271063 0.00028132817833395211 -0.00025742236319618801 -0.00051664753386972552
leaf_weight=2.5287015586800417 0.34470849373610679 0.13230105309048701 3.3490954654989764 0.21894354186952114 0.016639711742754915 0.032473687082529068 0.024388116493355372 0.030138385423924774
leaf_count=5054 550 99 98 11 22 8 43 45
internal_value=8.01683e-09 0.0164949 0.0206237 0.00124184 -0.0232656 -0.00313143 -0.0235299 -0.000142607
internal_weight=6.67739 4.07752 3.73281 0.383718 2.59987 0.164775 2.55309 0.0467781
internal_count=5930 766 216 118 5164 107 5097 67
is_linear=0
shrinkage=0.025


Tree=14
num_leaves=8
num_cat=0
split_feature=28 0 7 7 0 7 9
split_gain=4.98565 1.18277 0.256215 0.0326935 0.0299684 0.000812081 0.000569727
threshold=1.0000000180025095e-35 5.5582500000000001 11.500000000000002 46.500000000000007 5.9030500000000012 2.5000000000000004 5.1360500000000009
decision_type=2 8 2 2 10 2 10
left_child=4 -2 5 -4 -1 -3 -6
right_child=1 2 3 -5 6 -7 -8
leaf_value=-0.022854079810729261 -0.010160090738610877 0.0053553594602889177 0.0026304136589796936 -0.0033105057122468484 0.00038369367330653591 0.0233371497752215 -0.00045456277755293858
leaf_weight=2.5345890134922233 0.34449010726530094 0.72795694106025699 0.22426200669724483 0.10462332470342517 0.015580035047605523 2.6722547468962148 0.027481379423988983
leaf_count=5104 550 88 24 45 20 59 40
internal_value=-7.94438e-09 0.0159369 0.0199863 -0.000328506 -0.0226006 0.0215794 -7.41885e-05
internal_weight=6.65124 4.07359 3.7291 0.328885 2.57765 3.40021 0.0430614
internal_count=5930 766 216 69 5164 147 60
is_linear=0
shrinkage=0.025


Tree=15
num_leaves=9
num_cat=0
split_feature=28 0 3 11 3 2 9 10
split_gain=4.91303 1.18958 0.25559 0.0301734 0.0258752 0.00335685 0.000681204 0.000249406
threshold=1.0000000180025095e-35 5.5582500000000001 218222.50000000003 13.528761259799321 214022.50000000003 2017.5000000000002 5.1360500000000009 1.5000000000000002
decision_type=2 8 10 10 10 10 10 8
left_child=3 -2 4 -1 5 -3 -5 -4
right_child=1 2 7 6 -6 -7 -8 -9
leaf_value=-0.022614821116831177 -0.010180789557741432 -0.0033526889296990217 0.023120591779466203 0.00040217486595126484 0.0023361007952590806 0.00025181009217324261 -0.00051734502048139306 0.0051767552528741191
leaf_weight=2.5478391227661636 0.3503512558818328 0.12183516990626264 2.7270593615248804 0.017159055918455013 0.13023402029648423 0.036388161650393158 0.031199099554214627 0.69873653864487995
leaf_count=5097 550 95 39 22 8 12 45 62
internal_value=1.45654e-08 0.0158666 0.019962 -0.0223453 -0.000667349 -0.00302203 -0.000118671 0.0214573
internal_weight=6.6608 4.0646 3.71425 2.5962 0.288457 0.158223 0.0483582 3.4258
internal_count=5930 766 216 5164 115 107 67 101
is_linear=0
shrinkage=0.025


Tree=16
num_leaves=8
num_cat=0
split_feature=28 11 7 11 7 8 9
split_gain=4.65227 1.15292 0.203731 0.0322971 0.0313918 0.0048442 0.000710401
threshold=1.0000000180025095e-35 12.798312548796973 11.500000000000002 13.528761259799321 46.500000000000007 6.315100000000001 5.1360500000000009
decision_type=2 8 2 10 2 10 10
left_child=3 -2 -3 5 -4 -1 -5
right_child=1 2 4 6 -6 -7 -8
leaf_value=-0.022151272462280498 -0.010087026946872283 0.020915231159300589 0.0027882853124419214 0.00043004298086450084 -0.0030390110032966298 -0.00019966388123980285 -0.00050417210393240695
leaf_weight=2.5127555967774251 0.35185211783391412 3.383506783866324 0.21760455233743403 0.017695775779429712 0.09962878655642271 0.024625214718980604 0.031863582000369206
leaf_count=5054 550 147 24 22 45 43 45
internal_value=-4.84754e-09 0.0154572 0.0195151 -0.0217732 4.04218e-05 -0.0220549 -7.86844e-05
internal_weight=6.63953 4.05259 3.70074 2.58694 0.317233 2.53738 0.0495594
internal_count=5930 766 216 5164 69 5097 67
is_linear=0
shrinkage=0.025


Tree=17
num_leaves=9
num_cat=0
split_feature=28 0 3 11 3 8 12 9
split_gain=4.57181 1.13427 0.185656 0.0302874 0.0267608 0.00393954 0.00151596 0.000700672
threshold=1.0000000180025095e-35 5.5582500000000001 218222.50000000003 13.528761259799321 215386.50000000003 6.315100000000001 43.500000000000007 5.1360500000000009
decision_type=2 8 10 10 8 10 10 10
left_child=3 -2 4 5 -3 -1 -6 -5
right_child=1 2 -4 7 6 -7 -8 -9
leaf_value=-0.0220024066712462 -0.010024385918839597 0.0027345451522444355 0.020663788175365828 0.00041783310698350143 -0.002827809592004214 -0.00021436770327984612 0.00012730104891952728 -0.00051191657387335754
leaf_weight=2.5038159976829784 0.35306419580592763 0.22255802806466851 3.3826375622302294 0.017422024102415778 0.081076297792606056 0.025026405899552517 0.028859460027888417 0.031970712094334885
leaf_count=5054 550 44 101 22 65 43 6 45
internal_value=8.25477e-10 0.0152747 0.0192951 -0.021635 0.000312975 -0.0219086 -0.00263628 -9.83143e-05
internal_weight=6.64643 4.0682 3.71513 2.57824 0.332494 2.52884 0.109936 0.0493927
internal_count=5930 766 216 5164 115 5097 71 67
is_linear=0
shrinkage=0.025


Tree=18
num_leaves=11
num_cat=0
split_feature=28 11 3 11 3 10 2 6 8 9
split_gain=4.23434 1.07395 0.220328 0.0339605 0.023305 0.0175519 0.00324158 0.00247536 0.00231571 0.000205392
threshold=1.0000000180025095e-35 12.798312548796973 218222.50000000003 13.127878339583118 214022.50000000003 1.5000000000000002 2017.5000000000002 68.500000000000014 6.4345500000000007 5.0076708074534162
decision_type=2 8 10 10 10 8 10 10 10 10
left_child=3 -2 4 8 6 -4 -3 9 -1 -5
right_child=1 2 5 7 -6 -7 -8 -9 -10 -11
leaf_value=-0.021434122211286943 -0.009862320725589506 -0.003197344358759307 0.021632458352436976 4.5182540275368757e-05 0.0022238426752126061 0.0046533275943249934 0.00025782563787374817 0.00066019022511418473 -0.00012920225279272463 -0.0011874212631641469
leaf_weight=2.4348996047338014 0.35161466567660671 0.12096373853273723 2.7221472179517154 0.014992066397098713 0.12710686260834336 0.70283135655336071 0.036747043835930526 0.017987309343880042 0.015379416203359031 0.065585005329921842
leaf_count=4977 550 95 39 24 8 62 12 28 25 110
internal_value=6.62064e-09 0.0146802 0.0186065 -0.0209371 -0.000630672 0.0199872 -0.00286497 -0.000498262 -0.0213766 -0.00112851
internal_weight=6.61025 4.06141 3.7098 2.54884 0.284818 3.42498 0.157711 0.0985644 2.45028 0.0805771
internal_count=5930 766 216 5164 115 101 107 162 5002 134
is_linear=0
shrinkage=0.025


Tree=19
num_leaves=12
num_cat=0
split_feature=28 0 10 3 11 35 8 6 6 9 8
split_gain=4.00459 1.03771 0.149034 0.060393 0.0356996 0.00436694 0.00308535 0.0024268 0.000583716 0.000243963 0.000135187
threshold=1.0000000180025095e-35 5.5582500000000001 2.5000000000000004 265013.50000000006 13.127878339583118 1.0000000180025095e-35 6.4345500000000007 68.500000000000014 78.500000000000014 5.0076708074534162 1.0000000180025095e-35
decision_type=2 8 8 8 10 2 10 10 10 10 8
left_child=4 -2 -3 -4 5 6 8 9 -1 -6 -7
right_child=1 2 3 -5 7 10 -8 -9 -10 -11 -12
leaf_value=-0.021210077490771317 -0.0097622923476186913 0.020457347704873813 0.0053997511277559173 -0.0027141558002065896 5.7420173539785219e-05 -0.000754842731619936 -0.00011985808017613443 0.00067384250220506531 -0.00012103088953204587 -0.0011532240026277348 4.3243193272748519e-05
leaf_weight=2.3319315736589505 0.35212692696950387 2.8800225693266843 0.67785544297657896 0.14013204991351813 0.015033745556138345 0.041157694970024639 0.015804068651050218 0.018153314478695393 0.012344353483058401 0.06571385997813195 0.034539010055596009
leaf_count=4787 550 79 78 59 24 85 25 28 24 110 81
internal_value=-1.03357e-09 0.0142849 0.0181652 0.00328138 -0.0204094 -0.0208558 -0.0211051 -0.00044103 -0.0211684 -0.00108325 -0.000689017
internal_weight=6.58481 4.05014 3.69801 0.817987 2.53468 2.43578 2.36008 0.0989009 2.34428 0.0807476 0.0756967
internal_count=5930 766 216 137 5164 5002 4836 162 4811 134 166
is_linear=0
shrinkage=0.025


Tree=20
num_leaves=11
num_cat=0
split_feature=28 0 3 11 3 12 6 35 9 6
split_gain=3.89971 1.02027 0.204182 0.0351077 0.0244406 0.00339292 0.00246562 0.00155428 0.000245019 0.000152314
threshold=1.0000000180025095e-35 5.5582500000000001 218222.50000000003 13.127878339583118 214022.50000000003 8.5000000000000018 68.500000000000014 1.0000000180025095e-35 5.0076708074534162 78.500000000000014
decision_type=2 8 10 10 10 8 10 2 10 10
left_child=3 -2 4 7 5 -3 8 9 -5 -1
right_child=1 2 -4 6 -6 -7 -8 -9 -10 -11
leaf_value=-0.020900234722151651 -0.0097105805120891106 0.0002715682970575162 0.019286819447585542 5.7278297341466217e-05 0.0023314078258037858 -0.0031993012289517572 0.00068074461954163842 -0.00072168432826151627 -0.0011590466757541871 -0.0001232309566627581
leaf_weight=2.3378232654649778 0.3536636970238759 0.037111413839739149 3.4055755271110684 0.015124019904760533 0.13266270188614726 0.12525344360619783 0.018258403579238802 0.075811845686985069 0.066323507548077032 0.012129415525123366
leaf_count=4812 550 12 101 24 8 95 28 166 110 24
internal_value=-1.60504e-09 0.0140766 0.0179321 -0.0201809 -0.000523293 -0.00285485 -0.000440663 -0.0206268 -0.00108907 -0.0208618
internal_weight=6.57974 4.05427 3.7006 2.52547 0.295028 0.162365 0.0997059 2.42576 0.0814475 2.34995
internal_count=5930 766 216 5164 115 107 162 5002 134 4836
is_linear=0
shrinkage=0.025


Tree=21
num_leaves=11
num_cat=0
split_feature=0 2 26 3 31 1 1 8 3 0
split_gain=2.55791 1.49759 0.779742 0.187799 0.0470146 0.0269168 0.0266112 0.0171213 0.00433971 0.000202802
threshold=5.6618500000000003 2018.5000000000002 1.0000000180025095e-35 214661.00000000003 1.0000000180025095e-35 1.5000000000000002 4.5000000000000009 6.315100000000001 214022.50000000003 3.9280500000000003
decision_type=8 8 2 10 2 10 10 10 10 10
left_child=4 2 3 8 7 -3 -4 -1 -2 -6
right_child=1 5 6 -5 9 -7 -8 -9 -10 -11
leaf_value=-0.020250834912087901 -0.002067472530403697 -0.011599053062255067 -0.008184447706296236 0.019929746670304636 -0.00010923048681740096 0.00061610932338767123 0.00083473909753982954 0.00011234718102227245 0.00062357719408902767 0.00056524162994732756
leaf_weight=1.7308652762148993 0.11168231573538001 0.92951609898591403 0.25898451710236248 3.3941163347335532 0.0096226861351168536 0.016733118565753102 0.041799927566898987 0.014954991551348829 0.021292760648066178 0.017254302685614675
leaf_count=3348 147 1713 341 241 20 24 35 24 2 35
internal_value=-7.51323e-09 0.00947737 0.0158408 0.0189773 -0.0197366 -0.0111775 -0.0072529 -0.020099 -0.00146651 0.00045255
internal_weight=6.54682 4.77413 3.82788 3.52709 1.7727 0.946249 0.300784 1.74582 0.132975 0.026877
internal_count=5930 2503 766 390 3427 1737 376 3372 149 55
is_linear=0
shrinkage=0.025


Tree=22
num_leaves=12
num_cat=0
split_feature=28 0 7 11 7 35 6 8 6 9 8
split_gain=3.54539 0.929521 0.19821 0.0373613 0.0290011 0.00731182 0.00256932 0.00245558 0.00191323 0.000313625 0.000226236
threshold=1.0000000180025095e-35 5.5582500000000001 11.500000000000002 13.127878339583118 46.500000000000007 1.0000000180025095e-35 68.500000000000014 6.315100000000001 77.500000000000014 5.0076708074534162 1.0000000180025095e-35
decision_type=2 8 2 10 2 2 10 10 10 10 8
left_child=3 -2 -3 5 -4 7 9 8 -1 -5 -7
right_child=1 2 4 6 -6 10 -8 -9 -10 -11 -12
leaf_value=-0.020179003909734108 -0.0093243578982583342 0.018515148223272323 0.0023874088807197234 7.6057433062948546e-05 -0.0032421018664242269 -0.00072091495225429193 0.00072498185319007803 -0.00020145906971333712 -0.00017799431117327517 -0.0011510462907196358 8.532552519490631e-05
leaf_weight=2.2799706598452776 0.34640471008606244 3.3689380932482895 0.20988833555020381 0.015605436929035821 0.10243814677232876 0.041481372580164932 0.018878248753026128 0.024278663389850297 0.020910550258122274 0.068766241427510977 0.035646763775730506
leaf_count=4754 550 147 24 24 45 85 28 41 41 110 81
internal_value=1.4851e-08 0.0134558 0.0171334 -0.0192984 -0.000522521 -0.0197623 -0.000375515 -0.0200215 -0.0201062 -0.00106325 -0.000615017
internal_weight=6.53321 4.02767 3.68126 2.50554 0.312326 2.40229 0.10325 2.32516 2.30088 0.0843717 0.0771281
internal_count=5930 766 216 5164 69 5002 162 4836 4795 134 166
is_linear=0
shrinkage=0.025


Tree=23
num_leaves=12
num_cat=0
split_feature=28 0 10 11 7 7 35 6 12 6 9
split_gain=3.43478 0.906994 0.110141 0.0365601 0.0186239 0.0162083 0.00662949 0.0025935 0.000964971 0.000615051 0.000319699
threshold=1.0000000180025095e-35 5.5582500000000001 2.5000000000000004 13.127878339583118 1.5000000000000002 46.500000000000007 1.0000000180025095e-35 68.500000000000014 32.500000000000007 78.500000000000014 5.0076708074534162
decision_type=2 8 8 10 2 2 2 10 10 10 10
left_child=3 -2 -3 6 -4 -6 9 10 -7 -1 -5
right_child=1 2 4 7 5 8 -8 -9 -10 -11 -12
leaf_value=-0.019824924886179717 -0.0092522639068814104 0.018902031349525179 0.0044791815878643159 7.7161044152301337e-05 0.0016471200911776622 5.8407947935944155e-05 -0.00061431299689319353 0.00072869781885917919 -0.0027600736241286949 -0.00011004022215734024 -0.0011565265950746195
leaf_weight=2.2946224096522214 0.34650361095555116 2.861108378216159 0.52771041181404132 0.015755256579723098 0.20596153324004263 0.038068704365286976 0.076984422426903509 0.018884201213950291 0.054268998559564352 0.012196562282042467 0.069411366974236444
leaf_count=4812 550 79 67 24 25 15 166 28 30 24 110
internal_value=2.01512e-09 0.0132121 0.0168468 -0.0190675 0.00327492 -0.000664612 -0.0195309 -0.000376765 -0.00260838 -0.0197855 -0.00106751
internal_weight=6.52148 4.03362 3.68712 2.48785 0.82601 0.298299 2.3838 0.104051 0.0923377 2.30682 0.0851666
internal_count=5930 766 216 5164 137 70 5002 162 45 4836 134
is_linear=0
shrinkage=0.025


Tree=24
num_leaves=15
num_cat=0
split_feature=0 2 5 10 31 3 1 1 8 35 3 0 2 3
split_gain=2.30458 1.33861 0.626797 0.0733802 0.044604 0.0420223 0.0291057 0.0247583 0.015827 0.0110018 0.0107907 0.00185768 0.00157955 0.00116288
threshold=5.6401500000000011 2018.5000000000002 71.500000000000014 2.5000000000000004 1.0000000180025095e-35 265013.50000000006 1.5000000000000002 4.5000000000000009 6.315100000000001 1.0000000180025095e-35 214022.50000000003 5.6023000000000005 1985.5000000000002 193942.50000000003
decision_type=8 8 8 8 2 8 10 10 10 2 10 10 8 10
left_child=4 2 7 -4 8 10 9 -2 11 -3 13 12 -1 -5
right_child=1 6 3 5 -6 -7 -8 -9 -10 -11 -12 -13 -14 -15
leaf_value=-8.2669806305949597e-05 -0.0072194312187210596 -0.011470897428238584 0.019526279919859849 0.00042625460037966324 0.00046095826344713002 -0.0020389517153421061 0.00069858280272999521 0.00090677811365933434 0.00011245618238258468 6.4912894041777478e-05 0.0057377097807262394 -0.00015456023388419739 -0.019565735042519999 -0.00081149249672935072
leaf_weight=0.011122818425064573 0.25204711579135652 0.86543425012496289 2.7787165633344562 0.04526647098828096 0.02624094791826781 0.091527860669884831 0.017739689297741279 0.041787939058849588 0.014568110840627813 0.041619309486122802 0.60433741169981658 0.019173899054294341 1.6579409286787268 0.031326029100455344
leaf_count=21 400 1621 89 33 54 97 25 33 24 92 99 39 3269 34
internal_value=2.48812e-09 0.00895326 0.0149181 0.0176597 -0.0189291 0.00371703 -0.0107126 -0.00625613 -0.019288 -0.0111851 0.00524344 -0.0194349 -0.0195155 -0.000363521
internal_weight=6.49885 4.7698 3.84501 3.55117 1.72905 0.772458 0.924793 0.293835 1.70281 0.907054 0.68093 1.68824 1.66906 0.0765925
internal_count=5930 2523 785 352 3407 263 1738 433 3353 1713 166 3329 3290 67
is_linear=0
shrinkage=0.025


Tree=25
num_leaves=13
num_cat=0
split_feature=28 0 3 11 3 35 12 6 8 6 9 8
split_gain=3.1821 0.842761 0.169888 0.0398708 0.0201087 0.010171 0.00372282 0.00269688 0.00201828 0.00283887 0.000379674 0.000303333
threshold=1.0000000180025095e-35 5.5582500000000001 218222.50000000003 13.127878339583118 214022.50000000003 1.0000000180025095e-35 8.5000000000000018 68.500000000000014 6.315100000000001 77.500000000000014 5.0076708074534162 1.0000000180025095e-35
decision_type=2 8 10 10 10 2 8 10 10 10 10 8
left_child=3 -2 4 5 6 8 -3 10 9 -1 -5 -7
right_child=1 2 -4 7 -6 11 -8 -9 -10 -11 -12 -13
leaf_value=-0.019326169022880896 -0.0089635955090977618 0.00032856574302502346 0.017484812840349341 9.4374389533011968e-05 0.0020962652044510684 -0.00068859948861417139 -0.0030031807510674273 0.0007779514380586662 -0.00019155600250746988 -0.00015466025573915084 -0.001142256848962463 0.00012457231913980525
leaf_weight=2.2379564305592812 0.34127772360807274 0.038235201325733548 3.3768031448125839 0.016239862656220683 0.13468613335862756 0.040888779069064074 0.12250269018113613 0.019604313507443294 0.023733383830403798 0.021078813646454253 0.071379415312549099 0.037510535650653765
leaf_count=4754 550 12 101 24 8 85 95 28 41 41 110 81
internal_value=7.87223e-09 0.0127363 0.0162398 -0.0184101 -0.000502806 -0.0188978 -0.00261037 -0.00030227 -0.0191702 -0.0192496 -0.00103702 -0.000544799
internal_weight=6.4819 4.0135 3.67223 2.46839 0.295424 2.36117 0.160738 0.107224 2.28277 2.25904 0.0876193 0.0783993
internal_count=5930 766 216 5164 115 5002 107 162 4836 4795 134 166
is_linear=0
shrinkage=0.025


Tree=26
num_leaves=14
num_cat=0
split_feature=28 0 3 0 3 10 35 12 9 8 6 8 6
split_gain=3.03794 0.817643 0.160489 0.0396093 0.0197749 0.0131933 0.010941 0.00349587 0.00273795 0.00145402 0.00132414 0.000337802 1.99744e-05
threshold=1.0000000180025095e-35 5.5582500000000001 218222.50000000003 5.7040500000000014 214022.50000000003 1.5000000000000002 1.0000000180025095e-35 8.5000000000000018 5.3003500000000008 6.4345500000000007 78.500000000000014 1.0000000180025095e-35 68.500000000000014
decision_type=2 8 10 10 10 8 2 8 10 10 10 8 10
left_child=3 -2 4 6 7 -4 9 -3 12 10 -1 -8 -5
right_child=1 2 5 8 -6 -7 11 -9 -10 -11 -12 -13 -14
leaf_value=-0.018927124579712865 -0.0088898051018956054 0.00031304970412039581 0.018513755668781787 5.7104837771205748e-06 0.0020899606473578952 0.0039595278800072554 -0.00068120436961972136 -0.0029535458574603854 -0.0010600680147535759 -0.0001120335726674533 -9.5981955226869041e-05 0.00014166912519472248 0.00078521272061998792
leaf_weight=2.2322551110410149 0.34130297685624089 0.037648426834494209 2.6771623971872036 0.036033307231264078 0.1341916685923934 0.69863284309394647 0.040751311636995413 0.12143950373865664 0.054422670742496848 0.014573705615475663 0.012570929509820306 0.038088303990662098 0.017305269080679864
leaf_count=4788 550 12 39 55 8 62 85 95 82 25 24 81 24
internal_value=-1.54279e-08 0.0124268 0.015889 -0.0180682 -0.00047706 0.0170949 -0.0185577 -0.00257736 -0.00028259 -0.0188342 -0.0188837 -0.000520837 0.000763968
internal_weight=6.45638 4.01038 3.66907 2.446 0.29328 3.3758 2.33824 0.159088 0.107761 2.2594 2.24483 0.0788396 0.0533386
internal_count=5930 766 216 5164 115 101 5003 107 161 4837 4812 166 79
is_linear=0
shrinkage=0.025


Tree=27
num_leaves=15
num_cat=0
split_feature=28 0 3 11 3 35 10 31 12 8 9 8 6 8
split_gain=2.89579 0.792936 0.151729 0.0423305 0.0190705 0.0124554 0.0118211 0.004699 0.00348326 0.00339928 0.00289931 0.00214628 0.00130936 0.000391801
threshold=1.0000000180025095e-35 5.5582500000000001 218222.50000000003 13.127878339583118 214022.50000000003 1.0000000180025095e-35 1.5000000000000002 1.0000000180025095e-35 8.5000000000000018 6.315100000000001 5.3003500000000008 4.0173500000000013 69.500000000000014 1.0000000180025095e-35
decision_type=2 8 10 10 10 2 8 2 8 10 10 8 10 8
left_child=3 -2 4 5 8 7 -4 9 -3 -1 -5 -9 -13 -7
right_child=1 2 6 10 -6 13 -8 11 -10 -11 -12 12 -14 -15
leaf_value=-0.019188219962956221 -0.008810475318753036 0.00031967653246768422 0.018115602438576135 0.00081592741175126452 0.0020664023761978608 -0.00067512443599746863 0.0038780919602899424 0.00033349840244803052 -0.0028960442323879608 -0.00016791535259114176 -0.0010511032488294554 -0.0020613241252657871 0.00018792298491694269 0.00016765523017076673
leaf_weight=2.0137243472272548 0.3408135142817631 0.037852726352867072 2.6693394528701906 0.054614483000477665 0.13411095272749662 0.041186029935488366 0.69663841987494368 0.017976533505134173 0.12062716577202082 0.023679602018091717 0.055011267017107457 0.17441683955257758 0.0088551248773001134 0.038802633294835687
leaf_count=4334 550 12 39 80 8 85 62 39 95 41 82 405 17 81
internal_value=-1.96059e-08 0.0121352 0.0155588 -0.0176967 -0.000441036 -0.0182064 0.0167321 -0.0184928 -0.00251503 -0.0190952 -0.000223893 -0.00157484 -0.00188568 -0.000489606
internal_weight=6.42765 3.99938 3.65857 2.42827 0.292591 2.31864 3.36598 2.23865 0.15848 2.0374 0.109626 0.201248 0.183272 0.0799887
internal_count=5930 766 216 5164 115 5002 101 4836 107 4375 162 461 422 166
is_linear=0
shrinkage=0.025


Tree=28
num_leaves=15
num_cat=0
split_feature=28 0 7 11 7 7 35 31 9 8 8 6 8 8
split_gain=2.77372 0.77191 0.157407 0.0436814 0.0223277 0.0165352 0.0135674 0.00707758 0.0030103 0.00275347 0.00210591 0.00132085 0.00043628 3.64966e-05
threshold=1.0000000180025095e-35 5.5582500000000001 11.500000000000002 13.127878339583118 46.500000000000007 3.5000000000000004 1.0000000180025095e-35 1.0000000180025095e-35 5.3003500000000008 6.315100000000001 4.0173500000000013 69.500000000000014 1.0000000180025095e-35 5.519000000000001
decision_type=2 8 2 10 2 2 2 2 10 10 8 10 8 10
left_child=3 -2 5 6 -4 -3 7 9 -5 -1 -9 13 -8 -12
right_child=1 2 4 8 -6 -7 12 10 -10 -11 11 -13 -14 -15
leaf_value=-0.018891872696296413 -0.0087440945805899693 0.0042953271241351898 0.0020620409701666265 0.0008513715066861149 -0.0028938437359573525 0.018153768595808868 -0.00067202007643441637 0.0003382424667137063 -0.0010457608671879863 -0.00017265635380094669 -0.0020230213420969383 0.00019489217766302844 0.00018875988793020035 -5.4855424545476689e-06
leaf_weight=1.994183786300711 0.34071279098861884 0.83259701455244872 0.20722644426859904 0.055438197683542856 0.096108477911911905 2.5146696780575439 0.041750907344976329 0.017904428968904429 0.055528460216009989 0.023510854400228598 0.16359181146253832 0.0089689562737476081 0.039430546399671584 0.011109077458968386
leaf_count=4334 550 95 24 80 45 52 85 39 82 41 379 17 81 26
internal_value=-7.62158e-11 0.0118747 0.0152654 -0.0173741 -0.000523746 0.0164876 -0.017896 -0.0181908 -0.000184758 -0.0188032 -0.0015135 -0.00182726 -0.000466041 -0.00200861
internal_weight=6.40273 3.99131 3.6506 2.41142 0.303335 3.34727 2.30045 2.21927 0.110967 2.01769 0.201574 0.18367 0.0811815 0.174701
internal_count=5930 766 216 5164 69 147 5002 4836 162 4375 461 422 166 405
is_linear=0
shrinkage=0.025


Tree=29
num_leaves=15
num_cat=0
split_feature=28 0 10 3 11 3 3 35 31 8 6 2 8 6
split_gain=2.67313 0.757262 0.0913131 0.112257 0.0441509 0.0344844 0.0291412 0.0143012 0.00910687 0.00308198 0.00284622 0.00260615 0.00212307 0.00134354
threshold=1.0000000180025095e-35 5.5582500000000001 2.5000000000000004 237750.00000000003 13.127878339583118 264086.00000000006 226587.00000000003 1.0000000180025095e-35 1.0000000180025095e-35 6.315100000000001 68.500000000000014 1981.5000000000002 4.0173500000000013 69.500000000000014
decision_type=2 8 8 10 10 8 8 2 2 10 10 10 8 10
left_child=4 -2 3 6 7 -4 -3 8 9 -1 -6 -7 -10 -14
right_child=1 2 5 -5 10 11 -8 -9 12 -11 -12 -13 13 -15
leaf_value=-0.018628127246495402 -0.0086996089067072329 0.0045710771931887139 0.0044347991011263058 0.019115917578959737 -0.00097653599320413607 0.00030971520621647067 -0.0012353461128130762 -0.00045128694125615355 0.00034734175752822275 -0.00016399229470836409 0.00086696848401663241 -0.0022179576795746509 -0.0019813242796071578 0.00020112374867065246
leaf_weight=1.9796412015857656 0.34180454208399202 0.31673229625448662 0.66586154128890473 2.1483870083466172 0.091701417346484848 0.050821550656110048 0.34995845064986497 0.082661573047516756 0.018130137061234453 0.023564044648082816 0.020821486657951027 0.10820000927196816 0.17686759334173985 0.0091281707573216408
leaf_count=4334 550 12 76 30 134 21 37 166 39 41 28 40 405 17
internal_value=-2.43136e-08 0.0116661 0.0150412 0.0169159 -0.0170808 0.00287979 0.00261069 -0.01761 -0.0179115 -0.0185379 -0.000162752 -0.0018399 -0.00147423 -0.00179494
internal_weight=6.38428 3.98177 3.63996 2.81508 2.40252 0.824883 0.666691 2.28999 2.20733 2.00321 0.112523 0.159022 0.204126 0.185996
internal_count=5930 766 216 79 5164 137 49 5002 4836 4375 162 61 461 422
is_linear=0
shrinkage=0.025


Tree=30
num_leaves=15
num_cat=0
split_feature=28 0 3 10 11 3 35 6 12 9 8 8 8 8
split_gain=2.769 0.802255 0.171214 0.0865818 0.0392288 0.0194937 0.0113201 0.00454957 0.00337353 0.00312917 0.00274226 0.000423851 0.000166124 6.36636e-05
threshold=1.0000000180025095e-35 5.5582500000000001 218222.50000000003 2.5000000000000004 13.127878339583118 214022.50000000003 1.0000000180025095e-35 74.500000000000014 8.5000000000000018 5.3003500000000008 6.4345500000000007 1.0000000180025095e-35 4.8531000000000004 6.1721000000000013
decision_type=2 8 10 8 10 10 2 10 8 10 10 8 8 10
left_child=4 -2 5 -4 6 8 7 10 -3 -6 -1 -8 -9 -14
right_child=1 2 3 -5 9 -7 11 12 -10 -11 -12 -13 13 -15
leaf_value=-0.018281087392539676 -0.0088704144260582079 0.0002878763345534713 0.018457558402354825 0.0026443674609726649 0.00082567913864476966 0.0019775666119633581 -0.00072102884006982021 6.9963998688221281e-05 -0.0030288696885051028 -0.0011169002217474894 -8.2718540414755185e-05 0.00016807112601545897 -0.00073111721557950562 2.3397097154000515e-05
leaf_weight=2.1585989498707949 0.35356084606610272 0.039229451096617018 2.6820766907185321 0.62810052360873658 0.057535485131665953 0.13659629272297025 0.044269664183957391 0.010672540636733063 0.12669683573767543 0.058360888331662863 0.014316668763058149 0.041863434627884999 0.061608746676938608 0.010438486002385616
leaf_count=4645 550 12 43 58 80 8 85 21 95 82 24 81 127 19
internal_value=-4.3169e-09 0.0119597 0.0154794 0.0167667 -0.0171778 -0.000664674 -0.0176811 -0.0179714 -0.00267036 -0.000276816 -0.018225 -0.000532017 -0.000629718 -0.000701946
internal_weight=6.42393 3.96626 3.6127 3.31018 2.45766 0.302523 2.34177 2.25564 0.165926 0.115896 2.17292 0.0861331 0.0827198 0.0720472
internal_count=5930 766 216 101 5164 115 5002 4836 107 162 4669 166 167 146
is_linear=0
shrinkage=0.025


Tree=31
num_leaves=15
num_cat=0
split_feature=28 11 7 7 11 3 12 35 31 9 12 8 8 6
split_gain=2.65156 0.780693 0.187969 0.0493155 0.0407624 0.020148 0.019922 0.0125266 0.0082858 0.00325289 0.00256685 0.00251315 0.0021883 0.00138405
threshold=1.0000000180025095e-35 12.798312548796973 11.500000000000002 3.5000000000000004 13.127878339583118 257924.00000000003 26.500000000000004 1.0000000180025095e-35 1.0000000180025095e-35 5.3003500000000008 31.500000000000004 6.315100000000001 4.0173500000000013 69.500000000000014
decision_type=2 8 2 2 10 8 8 2 2 10 10 10 8 10
left_child=4 -2 3 5 7 -3 -4 8 11 -6 -8 -1 -10 -14
right_child=1 2 6 -5 9 -7 10 -9 12 -11 -12 -13 13 -15
leaf_value=-0.018390662441277929 -0.008800348858960751 0.0047167128442756646 0.0017325998937383663 0.018315888354417588 0.00086346004460401181 -0.00085377384716111356 0.00017970688311117269 -0.00050568250503717541 0.00035051843893080465 -0.0011102451524186421 -0.003299491673904688 -0.00017672295881750614 -0.00201801316564049 0.0002029755654319725
leaf_weight=2.0012131554831303 0.35318456756067496 0.57035049871774468 0.20440876437351096 2.5357978773536161 0.058408562035765388 0.18954754585865885 0.039422067988198251 0.0873289179871789 0.018543088081059866 0.058920163835864514 0.062790300929918885 0.024304531165398546 0.18234687260701321 0.009472523262957111
leaf_count=4334 550 65 22 52 80 30 15 166 39 82 32 41 405 17
internal_value=-6.66634e-09 0.0117064 0.0151922 0.0165637 -0.016861 0.00363162 -0.000943746 -0.0173776 -0.0176766 -0.00023428 -0.00301201 -0.0183028 -0.00150705 -0.00183005
internal_weight=6.39604 3.9555 3.60232 3.2957 2.44054 0.759898 0.306621 2.32321 2.23588 0.117329 0.102212 2.02552 0.210362 0.191819
internal_count=5930 766 216 147 5164 95 69 5002 4836 162 47 4375 461 422
is_linear=0
shrinkage=0.025


Tree=32
num_leaves=15
num_cat=0
split_feature=28 0 7 7 0 7 3 35 6 3 3 3 8 12
split_gain=2.549 0.763444 0.167008 0.0552886 0.0430783 0.0185727 0.0182395 0.0139574 0.00531629 0.0040322 0.003241 0.00278267 0.00223481 0.00149026
threshold=1.0000000180025095e-35 5.5582500000000001 11.500000000000002 3.5000000000000004 5.6023000000000005 46.500000000000007 244713.00000000003 1.0000000180025095e-35 68.500000000000014 224407.50000000003 146166.50000000003 214661.00000000003 6.4345500000000007 32.500000000000007
decision_type=2 8 2 2 10 2 8 2 10 10 8 10 10 10
left_child=4 -2 3 6 7 -4 9 10 -6 11 -1 -3 -12 -7
right_child=1 2 5 -5 8 13 -8 -9 -10 -11 12 -13 -14 -15
leaf_value=-0.00014535969929946273 -0.0087444779418377593 -0.00083528894577691794 0.0017531185224037749 0.018000853550737227 -0.0014453928590736989 9.7984633146548159e-05 -0.00074432104722255133 -0.00048217466617638438 0.0010813093076935663 0.0050004815965751506 -0.017643918734626684 0.00095904526201608716 -9.3632205617181607e-05 -0.0029991021890591768
leaf_weight=0.023465034435504406 0.35346515080891583 0.079924588673748853 0.20797689183382306 2.5289529567817226 0.12987375917145971 0.039434253587387502 0.22140940738609061 0.088662740221479797 0.025928800867404789 0.36358941998332739 2.1454736155283176 0.091012763325124979 0.015264561312505864 0.057389635010622442
leaf_count=50 550 38 24 52 203 15 33 166 36 18 4684 6 25 30
internal_value=-8.69166e-09 0.0114888 0.0149523 0.016238 -0.0165636 -0.000729341 0.0034476 -0.017192 -0.000453161 0.00453748 -0.0175059 0.000123219 -0.0175888 -0.00279842
internal_weight=6.37182 3.94316 3.58969 3.28489 2.42867 0.304801 0.755936 2.27287 0.155803 0.534527 2.1842 0.170937 2.16074 0.0968239
internal_count=5930 766 216 147 5164 69 95 4925 239 62 4759 44 4709 45
is_linear=0
shrinkage=0.025


Tree=33
num_leaves=15
num_cat=0
split_feature=28 5 12 7 3 6 1 3 31 3 1 8 1 8
split_gain=2.44215 0.591997 0.301282 0.0616363 0.0505019 0.0385301 0.0210702 0.0200741 0.0168343 0.0107952 0.0053482 0.00463625 0.00150083 0.00129617
threshold=1.0000000180025095e-35 74.500000000000014 7.5000000000000009 3.5000000000000004 225259.00000000003 74.500000000000014 4.5000000000000009 244713.00000000003 1.0000000180025095e-35 238242.00000000003 5.5000000000000009 6.4345500000000007 3.5000000000000004 4.0173500000000013
decision_type=2 8 10 2 8 10 10 8 2 8 8 10 10 8
left_child=5 4 9 7 -2 8 -6 -4 11 -3 -10 -1 -7 -12
right_child=1 2 3 -5 6 12 -8 -9 10 -11 13 -13 -14 -15
leaf_value=-0.017391227571775619 0.0015699848961420915 0.00065940757057406975 0.0043222188892807654 0.017711519942017272 -0.0089094967911876408 -0.00066311331657138933 0.00061027147322005788 -0.00096612563713905763 0.00080086434211430594 -0.0042323617911914123 0.0001730490833417308 -6.9498068716923717e-05 0.00067703810449455887 -0.0021359942738572906
leaf_weight=2.0996607784763923 0.070172172738239502 0.062845472857589235 0.5110756226931702 2.5946600603638217 0.31417767010862008 0.06159811999532383 0.027457440155558288 0.20366618561092764 0.023908104602014535 0.14585448178695515 0.014424154098378494 0.017758590023731702 0.028121814044425264 0.16805652956827544
leaf_count=4511 14 17 57 108 415 125 7 35 45 113 31 27 51 374
internal_value=-3.76785e-09 0.0112548 0.0143614 0.0160197 -0.00665918 -0.0162544 -0.0082598 0.00313068 -0.0166908 -0.00343247 -0.00124289 -0.0173148 -7.23324e-06 -0.00196148
internal_weight=6.34344 3.92991 3.5181 3.3094 0.411807 2.41353 0.341635 0.714742 2.32381 0.2087 0.206389 2.11742 0.0897199 0.182481
internal_count=5930 766 330 200 436 5164 422 92 4988 130 450 4538 176 405
is_linear=0
shrinkage=0.025


Tree=34
num_leaves=15
num_cat=0
split_feature=28 0 7 3 0 3 2 35 31 6 8 12 3 3
split_gain=2.34857 0.734071 0.161562 0.0518696 0.0480983 0.0204432 0.0191937 0.0175232 0.0158213 0.00511636 0.00442171 0.00401531 0.00232299 0.00176086
threshold=1.0000000180025095e-35 5.5582500000000001 11.500000000000002 220759.50000000003 5.6023000000000005 214022.50000000003 1999.5000000000002 1.0000000180025095e-35 1.0000000180025095e-35 68.500000000000014 6.315100000000001 33.500000000000007 180732.00000000003 193942.50000000003
decision_type=2 8 2 10 10 10 10 2 2 10 10 8 8 8
left_child=4 -2 3 5 7 13 11 8 10 -6 -1 -4 -10 -3
right_child=1 2 6 -5 9 -7 -8 -9 12 -11 -12 -13 -14 -15
leaf_value=-0.017751036434270583 -0.0086737537602965993 0.00021612069330616238 0.00032757745999959344 0.01667575437002616 -0.0013320777044509597 0.0031686507185844539 0.0017738404096033649 -0.00039266955762493912 0.0003898079626979893 0.0011252999788099011 -0.00014024284753461939 -0.0032664397546285934 -0.0017096718513571621 -0.0020111880140133878
leaf_weight=1.9171887106786027 0.35532348882406983 0.058546444226522776 0.034690002037677803 2.907423528842628 0.12931584383477446 0.21671430859714746 0.20575286244275048 0.089096632233122253 0.0313552752486429 0.026247962436173111 0.024999691202537977 0.065813476976472884 0.18144894871511497 0.074977139593102038
leaf_count=4260 550 19 8 65 203 11 22 166 63 36 41 39 395 52
internal_value=1.10189e-08 0.0110428 0.0144783 0.0157554 -0.0159787 0.00142355 -0.000768349 -0.0166371 -0.0169714 -0.000302449 -0.0176491 -0.00285549 -0.00133398 -0.00170548
internal_weight=6.31889 3.91924 3.56392 3.25766 2.39965 0.350238 0.306256 2.24409 2.15499 0.155564 1.94219 0.100503 0.212804 0.133524
internal_count=5930 766 216 147 5164 82 69 4925 4759 239 4301 47 458 71
is_linear=0
shrinkage=0.025


Tree=35
num_leaves=15
num_cat=0
split_feature=28 0 7 0 7 10 35 3 31 6 12 8 3 3
split_gain=2.2474 0.71293 0.157285 0.0491186 0.0481938 0.0193763 0.018425 0.0184034 0.0180799 0.00513473 0.00437628 0.00416218 0.00403644 0.00265673
threshold=1.0000000180025095e-35 5.5582500000000001 11.500000000000002 5.6023000000000005 3.5000000000000004 4.5000000000000009 1.0000000180025095e-35 244713.00000000003 1.0000000180025095e-35 68.500000000000014 28.500000000000004 6.315100000000001 224407.50000000003 214661.00000000003
decision_type=2 8 2 10 2 10 2 8 2 10 8 10 10 10
left_child=3 -2 4 6 7 -4 8 12 11 -5 -7 -1 13 -3
right_child=1 2 5 9 -6 10 -8 -9 -10 -11 -12 -13 -14 -15
leaf_value=-0.017490491984332179 -0.0085966764121858646 -0.00082032982509271926 0.0018028825312479072 -0.0013069986606919276 0.017152573028598298 0.00033751561861008751 -0.00036685714595120148 -0.00080194122176507454 -0.0012815024492695559 0.0011490453044839207 -0.003303154741151846 -0.00014092791900766278 0.0048770146414883414 0.00093157513003191907
leaf_weight=1.8946841697616048 0.35425274018780362 0.080949928902556034 0.19516253622714419 0.13003799217403855 2.490189517964609 0.047115493915043771 0.090051938983378821 0.21735046576941386 0.21482462005224068 0.026520629471633583 0.065181404759641737 0.025052029261132591 0.36570611642673612 0.091847775969654322
leaf_count=4260 550 38 20 203 52 13 166 33 458 36 36 41 18 6
internal_value=5.52089e-09 0.010805 0.0142023 -0.0156833 0.0154686 -0.000772723 -0.0163525 0.00331162 -0.0166948 -0.000257176 -0.0028455 -0.0173899 0.00441401 0.000111189
internal_weight=6.28893 3.90776 3.5535 2.38117 3.24604 0.307459 2.22461 0.755854 2.13456 0.156559 0.112297 1.91974 0.538504 0.172798
internal_count=5930 766 216 5164 147 69 4925 95 4759 239 49 4301 62 44
is_linear=0
shrinkage=0.025


Tree=36
num_leaves=15
num_cat=0
split_feature=28 0 7 0 7 10 3 31 6 8 3 3 3 9
split_gain=2.14619 0.691971 0.157659 0.0504953 0.0421354 0.0198831 0.0185687 0.0183924 0.00510463 0.00416492 0.00355588 0.00243451 0.00242778 0.00107608
threshold=1.0000000180025095e-35 5.5582500000000001 11.500000000000002 5.6023000000000005 3.5000000000000004 4.5000000000000009 244713.00000000003 1.0000000180025095e-35 68.500000000000014 6.315100000000001 224407.50000000003 180732.00000000003 214661.00000000003 4.3841888888888887
decision_type=2 8 2 10 2 10 8 2 10 10 10 8 10 10
left_child=3 -2 4 7 6 -4 10 9 13 -1 12 -9 -3 -5
right_child=1 2 5 8 -6 -7 -8 11 -10 -11 -12 -13 -14 -15
leaf_value=-0.016825311166745495 -0.0085205131071301766 -0.00076442468817888366 0.0017978936184232072 0.0002162191706619013 0.016838536247424252 -0.0029193404672044117 -0.00081121847512417118 0.00043130878421740134 0.0011706042989859007 -0.00013169813492608376 0.0048668565107621081 -0.0016263259517897291 0.00091227860736745536 -0.0014818162931971239
leaf_weight=1.9631289354001644 0.35299175110412795 0.082814555964433434 0.19498909206595261 0.011951412394409888 2.4744372512213886 0.11415467323968187 0.21557495184242725 0.032103463599923887 0.02682089974405244 0.025282573886215576 0.36747441720217466 0.18482484549167566 0.09194362023845315 0.11908784444676712
leaf_count=4426 550 38 20 18 52 49 33 63 36 41 18 395 6 185
internal_value=-1.06093e-08 0.0105651 0.0139248 -0.0153752 0.0152028 -0.000843401 0.00332097 -0.0160583 -0.000205101 -0.0167281 0.00442458 -0.00121762 0.000143371 -0.0012727
internal_weight=6.25758 3.89438 3.54139 2.3632 3.23224 0.309144 0.757808 2.20534 0.15786 1.98841 0.542233 0.216928 0.174758 0.131039
internal_count=5930 766 216 5164 147 69 95 4925 239 4467 62 458 44 203
is_linear=0
shrinkage=0.025


Tree=37
num_leaves=15
num_cat=0
split_feature=28 0 12 10 0 10 35 31 7 6 8 8 7 9
split_gain=2.18466 0.702088 0.137916 0.117474 0.0492252 0.0290789 0.0190285 0.014372 0.00554967 0.00516603 0.00383946 0.00250208 0.00211103 0.00109496
threshold=1.0000000180025095e-35 5.5582500000000001 8.5000000000000018 2.5000000000000004 5.6023000000000005 1.5000000000000002 1.0000000180025095e-35 1.0000000180025095e-35 1.5000000000000002 68.500000000000014 6.315100000000001 4.0173500000000013 26.500000000000004 4.3841888888888887
decision_type=2 8 10 8 10 8 2 2 2 10 10 8 2 10
left_child=4 -2 5 -4 6 -3 7 10 -5 13 -1 -9 -10 -6
right_child=1 2 3 8 9 -7 -8 11 12 -11 -12 -13 -14 -15
leaf_value=-0.017335586427591979 -0.0085566796272614903 -0.0032141402552686698 0.017139493974585016 0.0026781984595233115 0.00021495638659589346 0.0024351321251037178 -0.00034503607209921967 0.00042566644037294037 0.00056984020887387182 0.0011553343638075245 -0.00014648368134794227 -0.001728416546968394 -0.00099768191681541118 -0.0015147207565103264
leaf_weight=1.8673701605875987 0.35597940807929296 0.12174184131436083 2.5646296506165531 0.42607310577295709 0.012051365629304089 0.18003252911148593 0.089739245158852898 0.019601638632593565 0.16679954720893875 0.026632503839209676 0.025335786252980941 0.19797121940064244 0.084654307924211025 0.1201988777902443
leaf_count=4260 550 30 42 49 18 36 166 39 15 36 41 419 44 185
internal_value=-4.9243e-09 0.0106458 0.0140332 0.0152041 -0.0155299 -0.000562233 -0.0162094 -0.0165562 0.00202802 -0.000252949 -0.0172357 -0.00134414 -0.000333413 -0.00130646
internal_weight=6.25881 3.89991 3.54393 3.24216 2.3589 0.301774 2.20002 2.11028 0.677527 0.158883 1.89271 0.217573 0.251454 0.13225
internal_count=5930 766 216 150 5164 66 4925 4759 108 239 4301 458 59 203
is_linear=0
shrinkage=0.025


Tree=38
num_leaves=15
num_cat=0
split_feature=28 11 3 11 35 3 31 6 8 12 3 9 8 6
split_gain=2.05866 0.676522 0.195793 0.0511915 0.0210423 0.0200188 0.0194825 0.00512205 0.00447772 0.00321826 0.00260773 0.00111951 0.000767012 0.00073916
threshold=1.0000000180025095e-35 12.798312548796973 218222.50000000003 12.896613280504036 1.0000000180025095e-35 214022.50000000003 1.0000000180025095e-35 68.500000000000014 6.315100000000001 8.5000000000000018 180732.00000000003 4.3841888888888887 1.0000000180025095e-35 74.500000000000014
decision_type=2 8 10 10 2 10 2 10 10 8 8 10 8 10
left_child=3 -2 5 4 6 9 8 11 13 -3 -8 -5 -6 -1
right_child=1 2 -4 7 12 -7 10 -9 -10 -11 -12 -13 -14 -15
leaf_value=-0.017217696853866617 -0.008466835311771146 0.00023428343380565444 0.015221780309724688 0.00022592571947923813 -0.00065285655126009383 0.0017486800383460011 0.00045183323304528441 0.0011857525724034692 -0.00013087404122429826 -0.003340095544740216 -0.0016620401791579869 -0.0014760888449385475 0.00034851113491579948 -0.00052689585021691227
leaf_weight=1.7745439566206198 0.35432671947637606 0.039847541716881429 3.1799209173768759 0.012214376998599508 0.046764557482674607 0.14118314301595092 0.032748678204370552 0.026924803125439212 0.025491308275377267 0.16657978319562972 0.18701751920161769 0.12122535347589292 0.04408445258741267 0.066213451646035426
leaf_count=4116 550 12 101 18 85 8 63 36 41 95 395 186 81 143
internal_value=6.3844e-10 0.0103448 0.013687 -0.0151328 -0.015831 -0.00122981 -0.0161935 -0.000179826 -0.0169096 -0.00302784 -0.00123486 -0.00125842 -0.000292902 -0.0170141
internal_weight=6.21909 3.88186 3.52753 2.33723 2.17686 0.34761 2.08601 0.160365 1.86625 0.206427 0.219766 0.13344 0.090849 1.84076
internal_count=5930 766 216 5164 4924 115 4758 240 4300 107 458 204 166 4259
is_linear=0
shrinkage=0.025


Tree=39
num_leaves=15
num_cat=0
split_feature=28 0 7 0 7 31 35 10 3 6 6 3 9 2
split_gain=1.87513 0.636223 0.175234 0.0531528 0.0360924 0.0249401 0.026526 0.0206782 0.0200689 0.00483 0.00294167 0.00250734 0.00110299 0.000753681
threshold=1.0000000180025095e-35 5.5582500000000001 11.500000000000002 5.6023000000000005 3.5000000000000004 1.0000000180025095e-35 1.0000000180025095e-35 2.5000000000000004 244713.00000000003 68.500000000000014 74.500000000000014 180732.00000000003 4.3841888888888887 1997.5000000000002
decision_type=2 8 2 10 2 2 2 8 8 10 10 8 10 10
left_child=3 -2 4 5 8 6 10 -4 -3 12 -1 -7 -5 -9
right_child=1 2 7 9 -6 11 -8 13 -10 -11 -12 -13 -14 -15
leaf_value=-0.016617481277094708 -0.0083172526331271295 0.0043682816951646766 0.0016313463480649446 0.00023753081992426161 0.016089013765202692 0.00048505409333101529 -0.00021209738210984698 -0.0034174117505079309 -0.00092405552034536403 0.0012081932559707739 -0.00049481193004638686 -0.001494731788775567 -0.0013871977593099931 -1.6372477372802836e-05
leaf_weight=1.7623946380917921 0.35027495404938269 0.53455462394049469 0.19388646748848248 0.012305172102060058 2.4421361127169803 0.033106392569607013 0.091816990199731552 0.066614894836675376 0.21643176057841629 0.027071068994700909 0.069939632929162943 0.18929637287510559 0.12058792085736059 0.052397919120267034
leaf_count=4151 550 62 20 18 52 63 166 36 33 36 150 395 185 13
internal_value=-8.06664e-09 0.00988709 0.013148 -0.0145212 0.0145381 -0.0152362 -0.0159585 -0.001306 0.00318638 -6.3039e-05 -0.0163941 -0.00104431 -0.00115988 -0.00327279
internal_weight=6.16281 3.8563 3.50602 2.30652 3.19312 2.14655 1.92415 0.312899 0.750986 0.159964 1.83233 0.222403 0.132893 0.119013
internal_count=5930 766 216 5164 147 4925 4467 69 95 239 4301 458 203 49
is_linear=0
shrinkage=0.025


Tree=40
num_leaves=15
num_cat=0
split_feature=28 0 12 7 0 2 35 31 8 6 8 7 9 8
split_gain=1.91785 0.646701 0.141045 0.0749586 0.0516141 0.0273866 0.0218323 0.0212066 0.00505349 0.00493695 0.00256699 0.00242308 0.00093109 0.000823539
threshold=1.0000000180025095e-35 5.5582500000000001 8.5000000000000018 3.5000000000000004 5.6023000000000005 2022.5000000000002 1.0000000180025095e-35 1.0000000180025095e-35 6.315100000000001 68.500000000000014 4.0173500000000013 1.5000000000000002 4.5385000000000009 1.0000000180025095e-35
decision_type=2 8 10 2 10 8 2 2 10 10 8 2 10 8
left_child=4 -2 5 11 6 -3 7 8 -1 12 -9 -4 -6 -8
right_child=1 2 3 -5 9 -7 13 10 -10 -11 -12 -13 -14 -15
leaf_value=-0.016628956555648774 -0.0083560775931254671 0.0023461994817893998 0.0025323728632070074 0.016039364506804207 0.00019756102069677 -0.0031777678414865217 -0.00064790208991568157 0.00047255062960380509 -0.00011219354727167034 0.0011937393147739509 -0.0015984624065814074 -6.878520014766717e-05 -0.0013952576061991334 0.00037759381657448139
leaf_weight=1.8008446288295101 0.35311719734454561 0.12417020823340896 0.4299136740737598 2.5792850340949371 0.013336760981473961 0.17284972727065906 0.047539921768475213 0.020246781350579002 0.025330840580863767 0.026854807103518397 0.20244904415449128 0.20419101690640673 0.12027403526008129 0.044682846259092912
leaf_count=4260 550 13 50 81 20 53 85 39 41 36 419 19 183 81
internal_value=8.98644e-10 0.00998276 0.0132711 0.0144652 -0.0147056 -0.000840015 -0.0154132 -0.0157862 -0.0165206 -0.000118123 -0.00117769 0.00216525 -0.00120224 -0.000260238
internal_weight=6.16509 3.86353 3.51041 3.21339 2.30156 0.29702 2.14109 2.04887 1.82618 0.160466 0.222696 0.634105 0.133611 0.0922228
internal_count=5930 766 216 150 5164 66 4925 4759 4301 239 458 69 203 166
is_linear=0
shrinkage=0.025


Tree=41
num_leaves=15
num_cat=0
split_feature=28 0 7 11 3 35 31 10 3 6 6 8 9 8
split_gain=1.71119 0.601992 0.176033 0.0565281 0.0353806 0.0262563 0.0228155 0.0200012 0.0141635 0.00832378 0.00372537 0.00269251 0.00212437 0.00183583
threshold=1.0000000180025095e-35 5.5582500000000001 11.500000000000002 12.621547319989594 220759.50000000003 1.0000000180025095e-35 1.0000000180025095e-35 4.5000000000000009 214022.50000000003 80.500000000000014 74.500000000000014 4.0173500000000013 4.3841888888888887 6.4345500000000007
decision_type=2 8 2 10 10 2 2 10 10 8 10 8 10 10
left_child=3 -2 4 5 8 6 10 -4 -3 -5 13 -8 -11 -1
right_child=1 2 7 9 -6 -7 11 -9 -10 12 -12 -13 -14 -15
leaf_value=-0.016339572256822338 -0.0081907617837922598 -0.0013482772571768568 0.0015255034594723342 0.0014473751577296818 0.014860913000326617 -0.00014822847152373486 0.00051081755417700734 -0.0033511142390236295 0.0027640288701462467 0.00032316223773895444 -0.00043447995244414329 -0.001550858561761119 -0.0019362014252470609 -7.6688249452551058e-05
leaf_weight=1.6424069740751299 0.3483456178219061 0.13261391367996189 0.19240867946064089 0.04056701369700022 2.8226470365189016 0.093446652143029385 0.020644407020881661 0.11969694128492847 0.21459181234240532 0.015665719780372345 0.065376190788810962 0.20290848446893506 0.17378565776743926 0.013822827779222169
leaf_count=3981 550 71 20 65 65 166 39 49 11 25 142 416 309 21
internal_value=-1.86535e-08 0.00945301 0.0126518 -0.0139695 0.0140624 -0.0148827 -0.0152999 -0.00147336 0.00135843 -0.000356393 -0.0160627 -0.00109859 -0.00163475 -0.0162838
internal_weight=6.09893 3.8303 3.48196 2.26862 3.16985 2.03861 1.94516 0.312106 0.347206 0.230018 1.72161 0.223553 0.189451 1.65623
internal_count=5930 766 216 5164 147 4765 4599 69 82 399 4144 455 334 4002
is_linear=0
shrinkage=0.025


Tree=42
num_leaves=15
num_cat=0
split_feature=28 0 7 2 0 7 35 31 3 6 6 8 9 8
split_gain=1.64996 0.587898 0.163717 0.0754584 0.0562368 0.050928 0.0266568 0.0235845 0.0212984 0.00828447 0.00403791 0.00271746 0.00213808 0.00193206
threshold=1.0000000180025095e-35 5.5582500000000001 10.500000000000002 1997.5000000000002 5.4806500000000016 3.5000000000000004 1.0000000180025095e-35 1.0000000180025095e-35 244713.00000000003 80.500000000000014 74.500000000000014 4.0173500000000013 4.3841888888888887 6.4345500000000007
decision_type=2 8 2 10 10 2 2 2 8 8 10 8 10 10
left_child=4 -2 5 -4 6 8 7 10 -3 -6 13 -9 -11 -1
right_child=1 2 3 -5 9 -7 -8 11 -10 12 -12 -13 -14 -15
leaf_value=-0.016157164034891213 -0.0081328740504058149 0.0042212378066189341 -0.0045238792646852223 0.0039874880067889071 0.0014557518909828449 0.016216063858934447 -0.0001293396839476555 0.00052254920560158152 -0.00105782841335919 0.00032793588900041225 -0.00042371060450371775 -0.0015296493062889676 -0.0019212776322340673 -7.3862718605724424e-05
leaf_weight=1.6218274835555355 0.34739060877473127 0.53570824419148344 0.18438646785216395 0.44836534839123487 0.040625574387377128 2.0889196412172168 0.094055122812278458 0.020805501117138081 0.21603021468035877 0.015725494420621433 0.065606961579760426 0.20381763458135538 0.17439034071867354 0.013907241140259319
leaf_count=3980 550 62 53 27 65 41 166 39 33 25 142 416 310 21
internal_value=-3.67535e-09 0.00928176 0.0124522 0.000255592 -0.0137646 0.014395 -0.0146811 -0.0151047 0.00296633 -0.000331787 -0.0158764 -0.00106808 -0.00161601 -0.0161003
internal_weight=6.07156 3.8208 3.47341 0.632752 2.25076 2.84066 2.02002 1.92596 0.751738 0.230741 1.70134 0.224623 0.190116 1.63573
internal_count=5930 766 216 80 5164 136 4764 4598 95 400 4143 455 335 4001
is_linear=0
shrinkage=0.025


Tree=43
num_leaves=15
num_cat=0
split_feature=28 0 3 11 35 3 31 6 3 8 6 9 8 8
split_gain=1.7662 0.629917 0.189725 0.0514663 0.0225658 0.0214759 0.014709 0.00867325 0.00753548 0.00300237 0.00216839 0.00193928 0.00148112 0.000890063
threshold=1.0000000180025095e-35 5.5582500000000001 218222.50000000003 12.621547319989594 1.0000000180025095e-35 215386.50000000003 1.0000000180025095e-35 80.500000000000014 214022.50000000003 4.0173500000000013 74.500000000000014 4.4911976190476199 6.4345500000000007 1.0000000180025095e-35
decision_type=2 8 10 10 2 8 2 8 10 8 10 10 10 8
left_child=3 -2 5 4 6 8 10 -5 -3 -8 12 -9 -1 -6
right_child=1 2 -4 7 13 -7 9 11 -10 -11 -12 -13 -14 -15
leaf_value=-0.016400479247426221 -0.008317827254329644 -0.00077263810425487499 0.014493789527211677 0.0014136879127726962 -0.00065259470407912003 -0.0032795303559754042 0.00050749497592696277 0.00028012431757026753 0.002597228068743138 -0.0017369392125164713 -0.0004812273818955172 -0.0020153892265314926 -8.7485974701962879e-05 0.00040521916269325341
leaf_weight=1.6457468782609801 0.35869665571954135 0.098705616663210427 3.1090901237912476 0.040808310586726293 0.049594837269978487 0.16002199804643169 0.02113152653328132 0.017050526483217143 0.097039323300123215 0.20817702540080063 0.067477122967829817 0.17671486848848872 0.014263046177802496 0.045415062952088192
leaf_count=3981 550 41 101 65 85 71 39 27 3 416 142 307 21 81
internal_value=8.04296e-09 0.00963002 0.0129349 -0.0141344 -0.0150192 -0.00133059 -0.0154134 -0.000498358 0.0016729 -0.00128553 -0.0161298 -0.00174795 -0.0163459 -0.000238663
internal_weight=6.10993 3.82355 3.46486 2.28638 2.05181 0.355767 1.9568 0.234574 0.195745 0.229309 1.72749 0.193765 1.66001 0.0950099
internal_count=5930 766 216 5164 4765 115 4599 399 44 455 4144 334 4002 166
is_linear=0
shrinkage=0.025


Tree=44
num_leaves=15
num_cat=0
split_feature=28 0 3 10 11 35 31 3 6 3 6 7 8 9
split_gain=1.62899 0.599492 0.150821 0.109323 0.053725 0.0217271 0.0217103 0.0198489 0.00840096 0.00717124 0.00350458 0.00316821 0.00288687 0.00215522
threshold=1.0000000180025095e-35 5.5582500000000001 218222.50000000003 2.5000000000000004 12.621547319989594 1.0000000180025095e-35 1.0000000180025095e-35 215386.50000000003 80.500000000000014 214022.50000000003 74.500000000000014 1.5000000000000002 4.0173500000000013 4.3841888888888887
decision_type=2 8 10 8 10 2 2 8 8 10 10 2 8 10
left_child=4 -2 7 -4 5 6 10 9 -6 -3 -1 -9 -8 -10
right_child=1 2 3 -5 8 -7 12 11 13 -11 -12 -13 -14 -15
leaf_value=-0.015927871051172736 -0.0082059628226969893 -0.00072854526521407015 0.015641556839951314 0.001495349781673225 0.0014482125408532909 -0.00021805774135060996 0.00053348133269598582 0.00023345953321578946 0.00032511003955906976 0.0026001216045441989 -0.00044244185095943943 -0.0033377210630977012 -0.0015891129652723292 -0.0019506964136908297
leaf_weight=1.6310838825011167 0.35604584269458461 0.099237842718139624 2.4844002677127723 0.6310976156964897 0.040937606507213786 0.09466582816094149 0.021373719762777799 0.038270278950221837 0.01591672099311825 0.097461370751261711 0.067659643100341671 0.094919971656054258 0.20990476428414695 0.17638371282373555
leaf_count=4002 550 41 43 58 65 166 39 11 25 3 142 60 416 309
internal_value=-3.99531e-09 0.00925836 0.0125031 0.0138356 -0.0136447 -0.0145458 -0.0149343 -0.00102223 -0.000370556 0.00171529 -0.0157036 -0.00301109 -0.00111899 -0.00164764
internal_weight=6.05936 3.80143 3.44539 3.1155 2.25793 2.02469 1.93002 0.329889 0.233238 0.196699 1.69874 0.13319 0.231278 0.1923
internal_count=5930 766 216 101 5164 4765 4599 115 399 44 4144 71 455 334
is_linear=0
shrinkage=0.025


Tree=45
num_leaves=15
num_cat=0
split_feature=28 0 7 7 11 31 35 10 6 7 8 8 11 8
split_gain=1.51961 0.575066 0.185154 0.0602083 0.055784 0.0241108 0.025796 0.018487 0.00942465 0.00732787 0.00319995 0.0028011 0.00134403 0.000875378
threshold=1.0000000180025095e-35 5.5582500000000001 11.500000000000002 3.5000000000000004 12.582556829267018 1.0000000180025095e-35 1.0000000180025095e-35 4.5000000000000009 80.500000000000014 1.5000000000000002 6.315100000000001 4.0173500000000013 13.8902911991607 1.0000000180025095e-35
decision_type=2 8 2 2 10 2 2 10 8 2 10 8 10 8
left_child=4 -2 3 9 5 6 10 -4 -6 -3 -1 -7 -10 -8
right_child=1 2 7 -5 8 11 13 -9 12 -11 -12 -13 -14 -15
leaf_value=-0.015490263689713183 -0.0081118403808474286 0.003259163414136788 0.0013282129966746821 0.0153606394450513 0.0015610884616860839 0.00055657905382150495 -0.00060737369391629685 -0.0034684521344841221 -0.0018963168604226107 -0.00036555710160162731 -0.00012050010160569924 -0.0014767706715190147 0.00020862222136108573 0.00042918265851162892
leaf_weight=1.6377932843752208 0.35364109106012653 0.54427974054124284 0.19306721363682289 2.3530515750171617 0.044470352295320481 0.021648958820151054 0.049993013613857218 0.12157197442138568 0.19004143658094097 0.21315992693416774 0.024309717235155293 0.21167657646583393 0.011344654194545001 0.044958128855796531
leaf_count=4076 550 68 20 52 72 39 85 49 345 27 38 416 12 81
internal_value=-1.90973e-08 0.00895808 0.0121554 0.0136467 -0.0132279 -0.0141766 -0.0149336 -0.00175369 -0.000333262 0.00261152 -0.0153952 -0.000989795 -0.00170279 -0.000172848
internal_weight=6.01501 3.77877 3.42513 3.11049 2.23624 1.99038 1.75705 0.314639 0.245856 0.75744 1.6621 0.233326 0.201386 0.0949511
internal_count=5930 766 216 147 5164 4735 4280 69 429 95 4114 455 357 166
is_linear=0
shrinkage=0.025


Tree=46
num_leaves=15
num_cat=0
split_feature=28 0 12 10 11 10 35 6 7 9 8 6 8 7
split_gain=1.55865 0.585383 0.160747 0.142657 0.0551848 0.0315274 0.0208464 0.00966799 0.00753924 0.00288541 0.00238883 0.00138953 0.000857602 0.000730596
threshold=1.0000000180025095e-35 5.5582500000000001 8.5000000000000018 2.5000000000000004 12.582556829267018 5.5000000000000009 1.0000000180025095e-35 80.500000000000014 1.5000000000000002 4.3841888888888887 6.315100000000001 78.500000000000014 1.0000000180025095e-35 26.500000000000004
decision_type=2 8 10 8 10 8 2 8 2 10 10 10 8 2
left_child=4 -2 5 -4 6 -3 10 -6 -5 -9 11 -1 -8 -10
right_child=1 2 3 8 7 -7 12 9 13 -11 -12 -13 -14 -15
leaf_value=-0.014875338572583467 -0.0081538540903851615 -0.0037947308410100199 0.015739791029684518 0.0021382454040665146 0.0015572933688780986 0.0022347806490109409 -0.00063384378159604291 0.00040031770008508997 0.00014008298086157916 -0.0021212597716946439 -0.00012793157105491412 -5.4219208508978791e-05 0.00040229722599405916 -0.0010442904142380423
leaf_weight=1.8525668221118397 0.35646463467855971 0.15998657030286301 2.4414950936334212 0.43616904341615725 0.044665622903266922 0.13643392472295091 0.050255786452907958 0.016999966668663435 0.16844605421647429 0.18560175911989063 0.024459944776026421 0.01130380859831337 0.04465397703461349 0.086910291924141347
leaf_count=4511 550 42 42 49 72 24 85 27 15 330 38 20 81 44
internal_value=1.87648e-08 0.00905688 0.0122828 0.0136142 -0.0134175 -0.00143638 -0.0143683 -0.000385639 0.00124119 -0.00175274 -0.0147555 -0.0148358 -0.000224162 -0.000773781
internal_weight=6.01641 3.78591 3.42944 3.13302 2.23051 0.29642 1.98324 0.247267 0.691525 0.202602 1.88833 1.86387 0.0949098 0.255356
internal_count=5930 766 216 150 5164 66 4735 429 108 357 4569 4531 166 59
is_linear=0
shrinkage=0.025


Tree=47
num_leaves=15
num_cat=0
split_feature=28 0 3 11 10 31 35 3 6 3 9 3 9 3
split_gain=1.4906 0.571665 0.175362 0.0574465 0.0470601 0.0229089 0.023296 0.0215418 0.00963955 0.00742746 0.00288031 0.0021944 0.000718038 0.000690907
threshold=1.0000000180025095e-35 5.5582500000000001 218222.50000000003 12.582556829267018 2.5000000000000004 1.0000000180025095e-35 1.0000000180025095e-35 215386.50000000003 80.500000000000014 214022.50000000003 4.3841888888888887 204826.50000000003 5.9025500000000006 267517.50000000006
decision_type=2 8 10 10 8 2 2 8 8 10 10 8 10 10
left_child=3 -2 7 5 -4 6 -1 9 -5 -3 -10 -7 -12 -13
right_child=1 2 4 8 -6 11 -8 -9 10 -11 12 13 -14 -15
leaf_value=-0.01533628389244452 -0.0081077668473018196 -0.00076789838980812365 0.014968975066593171 0.0015936904859360668 0.0022553786947149858 0.00041815754341741914 -0.00021601296224263222 -0.0033148117128586219 0.00040841963350626582 0.0025730890986616264 -0.0021768629747281748 -0.001567763954958059 8.870873549441684e-05 0.00012385119456964405
leaf_weight=1.6373532084398905 0.35608537623193148 0.099754076334648167 2.4412404722534125 0.045167833974119276 0.61556115187704552 0.069069453486008459 0.094837316777557024 0.16214583883993328 0.017073781404178479 0.097597513347864151 0.17305700763245113 0.14477905366220511 0.012943747278768569 0.016810532979434356
leaf_count=4114 550 41 43 72 58 129 166 71 27 3 315 294 15 32
internal_value=2.20673e-09 0.00886101 0.0120651 -0.0131694 0.0135958 -0.0141436 -0.0148905 -0.0013774 -0.000306559 0.00165341 -0.00170258 -0.000992778 -0.00207734 -0.00143666
internal_weight=5.98348 3.77238 3.4163 2.21109 3.0568 1.96285 1.73219 0.359497 0.248242 0.197352 0.203075 0.230659 0.186001 0.16159
internal_count=5930 766 216 5164 101 4735 4280 115 429 44 357 455 330 326
is_linear=0
shrinkage=0.025


Tree=48
num_leaves=15
num_cat=0
split_feature=28 0 3 10 11 31 35 3 6 3 3 11 6 3
split_gain=1.41518 0.554109 0.159206 0.0627517 0.0585957 0.0255108 0.0240435 0.0206196 0.00951928 0.00733701 0.0022646 0.00140255 0.000984529 0.000713714
threshold=1.0000000180025095e-35 5.5582500000000001 218222.50000000003 2.5000000000000004 12.582556829267018 1.0000000180025095e-35 1.0000000180025095e-35 215386.50000000003 80.500000000000014 214022.50000000003 204826.50000000003 13.8902911991607 74.500000000000014 267517.50000000006
decision_type=2 8 10 8 10 2 2 8 8 10 8 10 10 10
left_child=4 -2 7 -4 5 6 12 9 -6 -3 -7 -10 -1 -12
right_child=1 2 3 -5 8 10 -8 -9 11 -11 13 -13 -14 -15
leaf_value=-0.015285259464249476 -0.0080373928653105914 -0.00075583944212545399 0.01474451216500354 0.0019474728657584697 0.0016189794425054103 0.00045025190879609999 -0.00018552366153123161 -0.0031677615839366085 -0.0018558352030102025 0.0025760660421093647 -0.0015249915997925714 0.00022305862678096206 -0.00044652798579882848 0.0001324993174739101
leaf_weight=1.5514370090386367 0.35436434106668491 0.099987220950425004 2.4248799309134488 0.62143017398193467 0.045484665228286758 0.069666969822719582 0.095211988314986118 0.15710936958203092 0.19172465609153722 0.098049411550164223 0.14564494843943976 0.011473849765025079 0.064332427049521246 0.016955035593127832
leaf_count=3976 550 41 43 58 72 129 166 71 345 3 294 12 138 32
internal_value=2.06833e-08 0.00864248 0.0118115 0.0132604 -0.0128768 -0.0138651 -0.014636 -0.00123102 -0.000234974 0.00166709 -0.000917604 -0.00165062 -0.015091 -0.00138685
internal_weight=5.94775 3.75582 3.40146 3.04631 2.19193 1.94325 1.71098 0.355146 0.248683 0.198037 0.232267 0.203199 1.61577 0.1626
internal_count=5930 766 216 101 5164 4735 4280 115 429 44 455 357 4114 326
is_linear=0
shrinkage=0.025


Tree=49
num_leaves=15
num_cat=0
split_feature=28 0 12 10 11 9 31 35 7 20 8 8 9 8
split_gain=1.35433 0.53977 0.141101 0.151926 0.0602186 0.0307592 0.0273725 0.0237836 0.0105841 0.00926585 0.00423284 0.00285648 0.00284175 0.000866217
threshold=1.0000000180025095e-35 5.5582500000000001 8.5000000000000018 2.5000000000000004 12.582556829267018 5.7064833333333338 1.0000000180025095e-35 1.0000000180025095e-35 1.5000000000000002 1.0000000180025095e-35 6.315100000000001 4.0173500000000013 4.3841888888888887 1.0000000180025095e-35
decision_type=2 8 10 8 10 8 2 2 2 2 10 8 10 8
left_child=4 -2 5 -4 6 -3 7 10 -5 -6 -1 -8 -11 -9
right_child=1 2 3 8 9 -7 11 13 -10 12 -12 -13 -14 -15
leaf_value=-0.014995612398930059 -0.0079786163170773219 -0.0036976945496676079 0.01505892704288501 0.0020688498415249606 0.0016310551466422335 0.0022417584051455 0.00060399909053987153 -0.00060654322304153367 -0.0011825701722045392 0.00042415038690717105 -8.9142871542955597e-05 -0.0013856024471122926 -0.0019769569223612861 0.00042525277831173655
leaf_weight=1.5717667911376341 0.35305733676068518 0.15574706706684116 2.3962338704150175 0.44070568762253959 0.046438322344329208 0.1377107665175572 0.02186924559646275 0.051012088544666656 0.25834458583267406 0.017217140499269479 0.024027437350014114 0.21167928204522468 0.18574196886038408 0.044353025412419811
leaf_count=4076 550 42 42 49 73 24 39 85 59 27 38 416 329 81
internal_value=4.18606e-09 0.0084604 0.0116008 0.0128529 -0.012639 -0.00133219 -0.0136463 -0.0144361 0.000878445 -0.000164807 -0.014892 -0.000860686 -0.00159 -0.000176535
internal_weight=5.9159 3.7418 3.38874 3.09528 2.17411 0.293458 1.92471 1.69116 0.69905 0.249397 1.59579 0.233549 0.202959 0.0953651
internal_count=5930 766 216 150 5164 66 4735 4280 108 429 4114 455 356 166
is_linear=0
shrinkage=0.025


Tree=50
num_leaves=15
num_cat=0
split_feature=28 11 7 3 11 3 31 35 3 6 8 9 8 6
split_gain=1.24396 0.514024 0.131448 0.0795828 0.0625908 0.035073 0.0332693 0.0247527 0.0156155 0.00920582 0.00465664 0.00284164 0.00268125 0.00172054
threshold=1.0000000180025095e-35 12.798312548796973 11.500000000000002 245183.50000000003 12.582556829267018 231447.00000000003 1.0000000180025095e-35 1.0000000180025095e-35 267113.00000000006 80.500000000000014 6.315100000000001 4.3841888888888887 4.0173500000000013 74.500000000000014
decision_type=2 8 2 10 10 8 2 2 8 8 10 10 8 10
left_child=4 -2 3 5 6 -3 7 10 -4 -6 13 -11 -8 -1
right_child=1 2 8 -5 9 -7 12 -9 -10 11 -12 -13 -14 -15
leaf_value=-0.014806254210916353 -0.0078764507565760207 0.004650210200510734 0.0014258843255767959 0.014934442807472552 0.0016973155684462879 -0.0014499053425926667 0.00063098358849681508 -0.00012634094975728344 -0.0028783769034524116 0.00043984653398497048 -7.4502534504938126e-05 -0.0019084069309670952 -0.0012409747661104639 -0.00038352007896176404
leaf_weight=1.4851655124512038 0.35022526656393926 0.79968323744833525 0.15923102607484896 1.9539871509186921 0.046452952781692147 0.31436922593275096 0.022140473563922458 0.095201171905500703 0.13956001889891922 0.017352765164105111 0.024168085277778917 0.18598921058583073 0.21322970965411514 0.059484525670995825
leaf_count=3945 550 70 15 36 72 41 39 166 54 27 38 330 416 131
internal_value=-1.91673e-08 0.00812312 0.01121 0.0124333 -0.0121674 0.00305725 -0.013202 -0.0140453 -0.00125282 -3.17733e-05 -0.014512 -0.00150902 -0.00069666 -0.0146198
internal_weight=5.86624 3.71706 3.36683 3.06804 2.14918 1.11405 1.89939 1.66402 0.298791 0.249795 1.56882 0.203342 0.23537 1.54465
internal_count=5930 766 216 147 5164 111 4735 4280 69 429 4114 357 455 4076
is_linear=0
shrinkage=0.025


Tree=51
num_leaves=15
num_cat=0
split_feature=28 0 7 7 11 31 3 35 10 6 8 9 8 6
split_gain=1.2118 0.513317 0.193774 0.073503 0.0610244 0.0351595 0.0267116 0.0229117 0.0158262 0.00930674 0.00446495 0.00287722 0.00265155 0.001689
threshold=1.0000000180025095e-35 5.5582500000000001 11.500000000000002 3.5000000000000004 12.582556829267018 1.0000000180025095e-35 234793.50000000003 1.0000000180025095e-35 4.5000000000000009 80.500000000000014 6.315100000000001 4.3841888888888887 4.0173500000000013 74.500000000000014
decision_type=2 8 2 2 10 2 8 2 10 8 10 10 8 10
left_child=4 -2 3 6 5 7 -3 10 -4 -6 13 -11 -7 -1
right_child=1 2 8 -5 9 12 -8 -9 -10 11 -12 -13 -14 -15
leaf_value=-0.01460756737429808 -0.0078781671467061717 0.0038776939714034418 0.001019570171330225 0.014606425008245619 0.0017025208364811119 0.00064011077447815711 -0.0014814639588319482 -0.00015626046233614319 -0.0036581338972716698 0.00044226983542461611 -7.7992165856344265e-05 -0.0019202580063028285 -0.0012069489493709441 -0.00038477206245164311
leaf_weight=1.4846154047700113 0.35332852206192944 0.49352187511976886 0.19021296262508247 2.2512766578001902 0.047010240552481264 0.022565471299458184 0.27874128153780475 0.096372720319777616 0.12605461699422449 0.017590229486813658 0.024613682879134902 0.18866782789700665 0.21808807202614844 0.060496130608953425
leaf_count=3945 550 58 20 52 72 39 37 166 49 27 38 330 416 131
internal_value=1.99951e-09 0.00805837 0.0111712 0.0127715 -0.011968 -0.0129936 0.00219889 -0.0138605 -0.00220757 -3.985e-05 -0.0143137 -0.00151916 -0.000657407 -0.0144207
internal_weight=5.85316 3.69314 3.33981 3.02354 2.16002 1.90675 0.772263 1.6661 0.316268 0.253268 1.56973 0.206258 0.240654 1.54511
internal_count=5930 766 216 147 5164 4735 95 4280 69 429 4114 357 455 4076
is_linear=0
shrinkage=0.025


Tree=52
num_leaves=15
num_cat=0
split_feature=28 0 3 11 10 31 3 35 6 3 8 9 8 6
split_gain=1.2576 0.524494 0.173659 0.0608987 0.0578956 0.0293135 0.0216509 0.0215903 0.00968801 0.00777894 0.00433737 0.0029628 0.00293167 0.0010407
threshold=1.0000000180025095e-35 5.5582500000000001 218222.50000000003 12.582556829267018 2.5000000000000004 1.0000000180025095e-35 215386.50000000003 1.0000000180025095e-35 80.500000000000014 214022.50000000003 6.315100000000001 4.3841888888888887 4.0173500000000013 74.500000000000014
decision_type=2 8 10 10 8 2 8 2 8 10 10 10 8 10
left_child=3 -2 6 5 -4 7 9 10 -5 -3 13 -10 -7 -1
right_child=1 2 4 8 -6 12 -8 -9 11 -11 -12 -13 -14 -15
leaf_value=-0.014793115965874643 -0.0079186472082742425 -0.00081653934920051575 0.014391192888661683 0.0017050047977045645 0.0019469111590329478 0.00063427403427340615 -0.0034433262011790144 -0.00019975655350896052 0.00044069989864840218 0.0025453545687118412 -8.4779385532937968e-05 -0.0019822882913245149 -0.0013502872870795525 -0.00040921932761941548
leaf_weight=1.4785686448449271 0.35574176692171056 0.1029096387792382 2.3502963967621331 0.047335074341390282 0.62662460794672359 0.022571588197024428 0.16601503151468933 0.09668550919741381 0.017708584258798399 0.098594695329666138 0.024702190421521553 0.19022072188090533 0.21767257701139897 0.061277099681319558
leaf_count=3945 550 41 43 72 58 39 71 166 27 3 38 330 416 131
internal_value=4.91333e-09 0.00819687 0.0113392 -0.0122046 0.01292 -0.0132352 -0.00154969 -0.0140559 -9.96963e-05 0.00157781 -0.0145004 -0.00158193 -0.000802759 -0.0146072
internal_weight=5.85692 3.70018 3.34444 2.15674 2.97692 1.90148 0.367519 1.66123 0.255264 0.201504 1.56455 0.207929 0.240244 1.53985
internal_count=5930 766 216 5164 101 4735 115 4280 429 44 4114 357 455 4076
is_linear=0
shrinkage=0.025


Tree=53
num_leaves=15
num_cat=0
split_feature=28 11 3 11 10 3 35 6 3 3 9 8 9 3
split_gain=1.20242 0.510405 0.169554 0.0621317 0.0582947 0.0217835 0.0188933 0.00957861 0.00856711 0.00765795 0.00297038 0.000860234 0.000840255 0.000768172
threshold=1.0000000180025095e-35 12.798312548796973 218222.50000000003 12.582556829267018 2.5000000000000004 215386.50000000003 1.0000000180025095e-35 80.500000000000014 153874.50000000003 214022.50000000003 4.3841888888888887 1.0000000180025095e-35 5.9025500000000006 241880.00000000003
decision_type=2 8 10 10 8 8 2 8 8 10 10 8 10 8
left_child=3 -2 5 6 -4 9 8 -5 -1 -3 -9 -8 13 -12
right_child=1 2 4 7 -6 -7 11 10 -10 -11 12 -13 -14 -15
leaf_value=-4.0891154542518075e-06 -0.0078566680011123973 -0.00080352621180206942 0.014178417319892507 0.0017303177547965118 0.0018832122126323351 -0.0034481395567747849 -0.00060478337555394473 0.00045066238593573834 -0.013547846554520014 0.002540847344293305 7.2684202036717838e-05 0.00042332035222217637 0.00011296769692226792 -0.0021911880290141099
leaf_weight=0.030112968786852545 0.35402246037847396 0.10333825030829791 2.3344577066600327 0.047675080335466191 0.62761886510998 0.16683957818895578 0.052649406541604438 0.017833522259024792 1.7564423581352457 0.098715508356690407 0.034234320803079754 0.044279735942836851 0.013314588519278914 0.14302965038223192
leaf_count=67 550 41 43 72 58 71 85 27 4502 3 62 81 15 253
internal_value=-1.12697e-09 0.00802265 0.0111347 -0.0119717 0.0127061 -0.00154747 -0.0130199 -3.45824e-05 -0.013403 0.00158488 -0.00153611 -0.000177368 -0.00194439 -0.00206362
internal_weight=5.82456 3.68499 3.33097 2.13957 2.96208 0.368893 1.88348 0.256087 1.78656 0.202054 0.208412 0.0969291 0.190579 0.177264
internal_count=5930 766 216 5164 101 115 4735 429 4569 44 357 166 330 315
is_linear=0
shrinkage=0.025


Tree=54
num_leaves=15
num_cat=0
split_feature=28 0 3 10 11 31 3 6 3 8 9 8 6 7
split_gain=1.13806 0.493706 0.153938 0.0740423 0.0629916 0.0354618 0.0207243 0.00941451 0.00752844 0.00454154 0.00297218 0.00270638 0.00198639 0.00192111
threshold=1.0000000180025095e-35 5.5582500000000001 218222.50000000003 2.5000000000000004 12.582556829267018 1.0000000180025095e-35 215386.50000000003 80.500000000000014 214022.50000000003 6.315100000000001 4.3841888888888887 4.0173500000000013 74.500000000000014 1.5000000000000002
decision_type=2 8 10 8 10 2 8 8 10 10 10 8 10 2
left_child=4 -2 6 -4 5 9 8 -6 -3 12 -9 -7 -1 -5
right_child=1 2 3 13 7 11 -8 10 -10 -11 -12 -13 -14 -15
leaf_value=-0.013911313139013115 -0.007782408264457346 -0.00079086003351729701 0.013967402576890206 0.0019125191888865257 0.0017540970671124758 0.00066761134844148381 -0.003293707176113918 0.00046155369381275786 0.0025338527920124739 -6.2722445936073292e-05 -0.0019006484569813603 -0.0011793557317827381 -0.0003595389517129642 -0.00012182813887070023
leaf_weight=1.5388033999770416 0.3518250509805515 0.10338819143362377 2.3189899511635308 0.41014883387833823 0.047949611092917621 0.022675003972835728 0.16148243099451065 0.017954043549252563 0.098746614530682564 0.02454189333366219 0.19088249499327503 0.21634091067244299 0.06098203218425613 0.22290817415341735
leaf_count=4111 550 41 43 26 72 39 71 27 3 38 330 416 131 32
internal_value=7.71264e-09 0.00781384 0.0108886 0.0123748 -0.0116889 -0.0127528 -0.00140373 3.54848e-05 0.00159004 -0.0136278 -0.00148375 -0.000606731 -0.0137317 0.00156023
internal_weight=5.78762 3.66749 3.31566 2.95205 2.12013 1.86334 0.363617 0.256786 0.202135 1.62433 0.208837 0.239016 1.59979 0.633057
internal_count=5930 766 216 101 5164 4735 115 429 44 4280 357 455 4242 58
is_linear=0
shrinkage=0.025


Tree=55
num_leaves=15
num_cat=0
split_feature=28 0 12 10 11 8 35 7 6 6 9 8 8 9
split_gain=1.08595 0.479476 0.138614 0.161678 0.0639322 0.0336719 0.0212477 0.0105132 0.00934367 0.00483818 0.00298126 0.0028598 0.000901967 0.000883379
threshold=1.0000000180025095e-35 5.5582500000000001 8.5000000000000018 2.5000000000000004 12.582556829267018 6.1352000000000011 1.0000000180025095e-35 1.5000000000000002 80.500000000000014 74.500000000000014 4.3841888888888887 6.4345500000000007 1.0000000180025095e-35 5.9025500000000006
decision_type=2 8 10 8 10 8 2 2 8 10 10 10 8 10
left_child=4 -2 5 -4 6 -3 9 -5 -6 11 -10 -1 -8 -12
right_child=1 2 3 7 8 -7 12 -9 10 -11 13 -13 -14 -15
leaf_value=-0.013216512685489385 -0.0077150734994896157 -0.0039480140347970486 0.014329957023223908 0.0017679607376612973 0.0017835898569973107 0.0022815833957868514 -0.00056286121694090914 -0.001387043533936876 0.00047127542535335188 -0.00034081734576937639 -0.0019959763294408895 -2.6318935652489332e-05 0.00047771987201042506 0.00012424325905177616
leaf_weight=1.6620920500135983 0.34959394711768288 0.16075211204588447 2.2883702707476918 0.44807278888765711 0.048389827919891104 0.1425682979170233 0.052201750135281944 0.26197789586149156 0.018070524267386534 0.073097663902444654 0.17743860711925663 0.014324824325740226 0.044303946167929098 0.013408440514467657
leaf_count=4398 550 42 42 49 72 24 85 59 27 150 315 21 81 15
internal_value=7.69497e-10 0.00764166 0.0106831 0.0119877 -0.0114535 -0.00151597 -0.0125331 0.000473505 9.97836e-05 -0.012939 -0.00144298 -0.0131557 -8.51421e-05 -0.00186777
internal_weight=5.75466 3.65134 3.30174 2.99842 2.10333 0.30332 1.84602 0.710051 0.257307 1.74951 0.208918 1.67642 0.0965057 0.190847
internal_count=5930 766 216 150 5164 66 4735 108 429 4569 357 4419 166 330
is_linear=0
shrinkage=0.025


Tree=56
num_leaves=15
num_cat=0
split_feature=28 0 7 7 11 31 3 35 10 6 6 9 3 3
split_gain=0.965356 0.447154 0.174374 0.071872 0.0657876 0.0456195 0.0296621 0.0265851 0.0115805 0.00887733 0.00617262 0.00291176 0.00244743 0.00139888
threshold=1.0000000180025095e-35 5.5582500000000001 11.500000000000002 3.5000000000000004 12.582556829267018 1.0000000180025095e-35 234793.50000000003 1.0000000180025095e-35 4.5000000000000009 80.500000000000014 74.500000000000014 4.3841888888888887 204826.50000000003 224407.50000000003
decision_type=2 8 2 2 10 2 8 2 10 8 10 10 8 10
left_child=4 -2 3 6 5 7 13 10 -4 -6 -1 -11 -7 -3
right_child=1 2 8 -5 9 12 -8 -9 -10 11 -12 -13 -14 -15
leaf_value=-0.013675474333589269 -0.0075669636672280926 0.00021431302667060154 0.00075409755418338279 0.013544741860508898 0.0018363026215408021 0.00072192044602956877 -0.0017532965471237863 -8.0915955276225727e-06 -0.0034389262553638847 0.00048977751791823146 -0.00028771470543712457 -0.0017570634287087429 -0.00095532314609609193 0.0040715995757865759
leaf_weight=1.4168887539417485 0.344311298860703 0.18397263647057194 0.18699352897237975 2.1858824446098879 0.048916206083958969 0.071943024435313307 0.27888077648822218 0.096944283723132574 0.12373861682135612 0.018183970474637934 0.065757421863963716 0.19044518773443997 0.16652724466985092 0.31476665660738945
leaf_count=3976 550 44 20 52 72 129 37 166 49 27 138 330 326 14
internal_value=-1.45683e-08 0.00722629 0.0101883 0.0117362 -0.0108515 -0.0119615 0.0018928 -0.0129352 -0.00226541 0.0002649 -0.0134368 -0.00131803 -0.000274979 0.00374111
internal_weight=5.69415 3.61855 3.27423 2.9635 2.07561 1.81806 0.77762 1.57959 0.310732 0.257545 1.48265 0.208629 0.23847 0.498739
internal_count=5930 766 216 147 5164 4735 95 4280 69 429 4114 357 455 58
is_linear=0
shrinkage=0.025


Tree=57
num_leaves=15
num_cat=0
split_feature=28 0 3 11 10 31 35 3 6 3 8 6 9 3
split_gain=1.00531 0.457296 0.160304 0.0662311 0.0560595 0.0404651 0.0255053 0.0217792 0.00922068 0.00770198 0.0057032 0.00379804 0.00299445 0.00262028
threshold=1.0000000180025095e-35 5.5582500000000001 218222.50000000003 12.582556829267018 2.5000000000000004 1.0000000180025095e-35 1.0000000180025095e-35 215386.50000000003 80.500000000000014 214022.50000000003 6.315100000000001 74.500000000000014 4.3841888888888887 204826.50000000003
decision_type=2 8 10 10 8 2 2 8 8 10 10 10 10 8
left_child=3 -2 7 5 -4 6 10 9 -5 -3 11 -1 -10 -7
right_child=1 2 4 8 -6 13 -8 -9 12 -11 -12 -13 -14 -15
leaf_value=-0.013952962084716278 -0.0076069376044848097 -0.00082076120817360188 0.013372665099181329 0.001837584526092646 0.0017086617261619923 0.00068699515875621404 -4.9451163426369522e-05 -0.003525609064560386 0.00048861741494335496 0.0025083869952456381 -3.65606959573331e-05 -0.00032744889350870142 -0.001809991327269411 -0.0010749398383969946
leaf_weight=1.3916939481568991 0.34632608070387538 0.10437650163657997 2.2739525968208913 0.049226589238969609 0.63242040062323202 0.0721551336464471 0.097246263554552459 0.16840185946784914 0.018293099274160229 0.098820235580205917 0.024511074239853659 0.062015565752517321 0.19209512750967406 0.16616507328581065
leaf_count=3945 550 41 43 72 58 129 166 71 27 3 38 131 330 326
internal_value=7.91333e-09 0.0073654 0.0103557 -0.0110821 0.0119217 -0.0121998 -0.013128 -0.00165463 0.000212697 0.00153744 -0.0136212 -0.013742 -0.00137156 -0.000417495
internal_weight=5.6977 3.6243 3.27797 2.0734 2.90637 1.81379 1.57547 0.371599 0.259615 0.203197 1.47822 1.45371 0.210388 0.23832
internal_count=5930 766 216 5164 101 4735 4280 115 429 44 4114 4076 357 455
is_linear=0
shrinkage=0.025


Tree=58
num_leaves=15
num_cat=0
split_feature=0 2 5 7 3 31 6 3 3 3 2 2 2 8
split_gain=0.946703 0.599328 0.205029 0.0941097 0.0995654 0.0599688 0.0384231 0.0379341 0.0197494 0.0119813 0.00619332 0.00618517 0.00569833 0.00359773
threshold=5.6023000000000005 2022.5000000000002 71.500000000000014 3.5000000000000004 245183.50000000003 1.0000000180025095e-35 65.500000000000014 234793.50000000003 225259.00000000003 214022.50000000003 1982.5000000000002 2018.5000000000002 1985.5000000000002 5.6095000000000015
decision_type=8 8 8 2 10 2 10 8 10 10 10 10 8 8
left_child=5 2 -2 7 8 6 12 9 -5 -4 -9 -8 -1 -12
right_child=1 -3 3 4 -6 -7 11 10 -10 -11 13 -13 -14 -15
leaf_value=5.3994123798873569e-05 -0.0030012730517377708 -0.00791670080151116 -0.00060676815987219289 0.0028275480047105042 0.015442766640702136 0.0011089113233294582 -0.0014462503442287215 0.00057869895723374853 -0.0017305272650061751 0.0045809203053394781 0.00030031516349241617 0.0012403590313603821 -0.014544008748118632 -0.0031066528342161034
leaf_weight=0.0094057958340268977 0.28578310730517875 0.74619857117068011 0.084340110479388719 0.30250501402770202 1.8585818417777771 0.032683136494597309 0.076080379280028754 0.079529648384777829 0.20683181754429825 0.45444928747019731 0.038103571772808209 0.077067084348527715 1.2180164754099678 0.19663355467491783
leaf_count=20 484 1536 93 77 156 53 187 6 43 53 7 177 2930 108
internal_value=-9.4584e-09 0.00595464 0.010008 0.0115998 0.0135807 -0.0129616 -0.0136206 0.00173968 0.00105638 0.00390227 -0.00211604 -0.00019107 -0.0144581 -0.00275829
internal_weight=5.66621 4.25296 3.50676 3.22097 2.36792 1.41325 1.38057 0.853056 0.509337 0.538789 0.314267 0.153147 1.22742 0.234737
internal_count=5930 2563 1027 543 276 3367 3314 267 120 146 121 364 2950 115
is_linear=0
shrinkage=0.025


Tree=59
num_leaves=15
num_cat=0
split_feature=28 0 3 10 11 31 35 3 6 3 6 8 9 3
split_gain=0.920194 0.432449 0.146432 0.0761685 0.0699958 0.045438 0.0286357 0.0208903 0.00911553 0.00749604 0.00676392 0.00435168 0.00300777 0.00260379
threshold=1.0000000180025095e-35 5.5582500000000001 218222.50000000003 2.5000000000000004 12.582556829267018 1.0000000180025095e-35 1.0000000180025095e-35 215386.50000000003 80.500000000000014 214022.50000000003 74.500000000000014 6.315100000000001 4.3841888888888887 204826.50000000003
decision_type=2 8 10 8 10 2 2 8 8 10 10 10 10 8
left_child=4 -2 7 -4 5 6 10 9 -6 -3 11 -1 -10 -7
right_child=1 2 3 -5 8 13 -8 -9 12 -11 -12 -13 -14 -15
leaf_value=-0.013634669133363024 -0.0074533876034923981 -0.00080114145566468351 0.0131873181898793 0.0013119844248647373 0.0019279306058478708 0.00075459326298555306 4.5398912957631099e-05 -0.0033979587625554298 0.00051263347899561929 0.0024919177082294405 -0.00028010464210537374 -3.6207636601047343e-05 -0.0017329678275816035 -0.00097073832748344321
leaf_weight=1.3725106922211128 0.34152632672339711 0.1058521140366796 2.217307783197612 0.64460907399188716 0.050652488658670336 0.073317574162501731 0.097938251274172106 0.16490024590166286 0.018600087816594058 0.098629433661699295 0.06765094251022663 0.020168542396277078 0.19393714496982284 0.16816275424207561
leaf_count=3945 550 41 43 58 72 129 166 71 27 3 138 31 330 326
internal_value=9.38617e-10 0.00710281 0.0100392 0.0115449 -0.0106042 -0.011772 -0.0127565 -0.00153831 0.00037896 0.00153738 -0.0132846 -0.0135352 -0.00127574 -0.000261029
internal_weight=5.63576 3.57282 3.2313 2.86192 2.06294 1.79975 1.55827 0.369382 0.26319 0.204482 1.46033 1.39268 0.212537 0.24148
internal_count=5930 766 216 101 5164 4735 4280 115 429 44 4114 3976 357 455
is_linear=0
shrinkage=0.025


Tree=60
num_leaves=15
num_cat=0
split_feature=11 12 26 28 31 11 6 0 11 3 12 12 7 9
split_gain=0.895993 0.530496 0.282771 0.144053 0.0495294 0.0361987 0.0265019 0.0116647 0.0116252 0.00551018 0.00414084 0.00282339 0.00171787 0.00153404
threshold=12.582556829267018 3.5000000000000004 1.0000000180025095e-35 1.0000000180025095e-35 1.0000000180025095e-35 13.127878339583118 68.500000000000014 5.9340000000000011 13.031865756391944 223633.50000000003 3.5000000000000004 27.500000000000004 3.5000000000000004 5.1553522727272734
decision_type=8 10 2 2 2 10 10 8 8 8 8 10 2 10
left_child=4 7 3 9 6 8 -1 -2 13 -3 -8 -7 -5 -4
right_child=1 2 5 12 -6 11 10 -9 -10 -11 -12 -13 -14 -15
leaf_value=-0.014269031812702651 0.00042846566616166917 0.00065284720882815086 0.00087262259693911032 0.0031981383270494506 0.00089973219664319737 0.0020697452432319342 0.00099191402494718558 -0.0077114610297017898 -0.0062728582348725278 -0.002344238318434761 -0.0012309906944530256 -0.00040239261534753758 0.014064773359915581 -0.00052670863747381503
leaf_weight=1.1450438233732709 0.0097559177665970109 0.055533888604259896 0.043857367447344475 0.73348094767425243 0.030866890738252439 0.083507574716350064 0.036414175468962529 0.73611447113216855 0.20732199540361762 0.18280200482695363 0.094397326465696096 0.01994765450945124 2.1902740215882659 0.036032262752996758
leaf_count=2810 15 113 85 72 50 69 82 1528 358 374 234 25 40 75
internal_value=7.6407e-09 0.00566173 0.00943488 0.0116121 -0.0130052 -0.00386576 -0.0135891 -0.00742056 -0.00559982 -0.00168264 -0.000282239 0.00166039 0.0128485 0.000338189
internal_weight=5.60535 4.29863 3.55276 3.16209 1.30672 0.390667 1.27586 0.74587 0.287212 0.238336 0.130812 0.103455 2.92375 0.0798896
internal_count=5930 2754 1211 599 3176 612 3126 1543 518 487 316 94 112 160
is_linear=0
shrinkage=0.025


Tree=61
num_leaves=15
num_cat=0
split_feature=11 2 26 28 31 11 6 11 0 3 2 12 9 13
split_gain=0.864295 0.514843 0.274839 0.139018 0.0489172 0.0365272 0.0275899 0.0118475 0.0115354 0.00560935 0.00418258 0.00280926 0.00153272 0.000480091
threshold=12.582556829267018 2022.5000000000002 1.0000000180025095e-35 1.0000000180025095e-35 1.0000000180025095e-35 13.127878339583118 68.500000000000014 13.031865756391944 5.9340000000000011 223633.50000000003 2022.5000000000002 27.500000000000004 5.1553522727272734 16.500000000000004
decision_type=8 8 2 2 2 10 10 8 8 8 10 10 10 10
left_child=4 2 3 9 6 7 -1 12 -3 -2 -8 -7 13 -4
right_child=1 8 5 -5 -6 11 10 -9 -10 -11 -12 -13 -14 -15
leaf_value=-0.014104348289943856 0.00067328575780253429 0.00042936156750673069 -0.00013869864514183403 0.012660474259274287 0.00090385125007868064 0.0020910391463786165 -0.0012145697440779971 -0.0062540133339480004 -0.0076173114552521431 -0.002319691755576747 0.0010147802099260909 -0.00039590548203593319 -0.00052140530469300895 0.0010283344227540842
leaf_weight=1.1296786130988037 0.055633552925429153 0.0097609099466352545 0.013525637070415431 2.909732230938971 0.030783772119320818 0.083855686010792851 0.094505529152229317 0.20683457309496589 0.73422602363280021 0.18283111392520368 0.036663575447164476 0.019897251680959016 0.036129534477367997 0.03049102021032013
leaf_count=2810 113 15 28 112 50 69 234 358 1528 374 82 25 75 57
internal_value=-1.38815e-08 0.00556195 0.00928851 0.0114426 -0.0128221 -0.00381531 -0.0134087 -0.00557016 -0.00732608 -0.0016416 -0.000245204 0.00168752 0.000350759 0.000880364
internal_weight=5.57455 4.28292 3.53893 3.1482 1.29163 0.390734 1.26085 0.286981 0.743987 0.238465 0.131169 0.103753 0.0801462 0.0440167
internal_count=5930 2754 1211 599 3176 612 3126 518 1543 487 316 94 160 85
is_linear=0
shrinkage=0.025


Tree=62
num_leaves=15
num_cat=0
split_feature=28 0 7 6 7 31 3 35 2 0 0 0 8 6
split_gain=0.881748 0.411738 0.123231 0.0655777 0.0495938 0.0476025 0.0411994 0.027361 0.0236269 0.0130643 0.00823525 0.00420925 0.0039709 0.00338587
threshold=1.0000000180025095e-35 5.5582500000000001 10.500000000000002 71.500000000000014 3.5000000000000004 1.0000000180025095e-35 234793.50000000003 1.0000000180025095e-35 1997.5000000000002 5.786900000000001 5.0697500000000009 3.5614000000000003 6.315100000000001 69.500000000000014
decision_type=2 8 2 10 2 2 8 2 10 10 10 10 10 8
left_child=3 -2 4 5 6 7 -3 9 -4 12 -5 -7 13 -1
right_child=1 2 8 10 -6 11 -8 -9 -10 -11 -12 -13 -14 -15
leaf_value=-6.1107060378340439e-05 -0.0072884466238062832 0.0044630859128030635 -0.0031210604599050239 -0.0011520044076107573 0.013294881454532219 -0.0010639979498003284 -0.0019959310731917624 7.1707477732580976e-05 0.0018259247772074801 -0.00018540976409188694 0.002015916755019788 0.0011166874372740652 -2.2385795233326733e-05 -0.013356049757009179
leaf_weight=0.021300657943356782 0.33496687444858286 0.60461514664348293 0.12800274248002086 0.10304586068377819 1.8467054470675064 0.21917978290002782 0.27739484002813697 0.095261804497567826 0.354960867902264 0.078752656700089463 0.072804094466846436 0.019236897496739402 0.017640240694163256 1.4115386421035512
leaf_count=56 550 58 53 238 41 418 37 166 27 94 129 29 28 4006
internal_value=-2.22097e-08 0.00696826 0.00983267 -0.0104261 0.0113869 -0.011378 0.00245054 -0.0123511 -0.000705687 -0.0128473 0.000758575 -0.000128419 -0.0131786 -0.0132648
internal_weight=5.58541 3.54665 3.21168 2.03876 2.72872 1.86291 0.88201 1.62449 0.482964 1.52923 0.17585 0.238417 1.45048 1.43284
internal_count=5930 766 216 5164 136 4797 95 4350 80 4184 367 447 4090 4062
is_linear=0
shrinkage=0.025


Tree=63
num_leaves=15
num_cat=0
split_feature=28 0 12 11 10 31 3 35 3 6 8 7 6 9
split_gain=0.878734 0.414316 0.161293 0.067597 0.0672917 0.0386651 0.0300237 0.0281761 0.0197679 0.00937649 0.0063204 0.00509192 0.00416409 0.00308476
threshold=1.0000000180025095e-35 5.5582500000000001 7.5000000000000009 12.582556829267018 2.5000000000000004 1.0000000180025095e-35 234793.50000000003 1.0000000180025095e-35 238242.00000000003 80.500000000000014 6.315100000000001 3.5000000000000004 74.500000000000014 4.3841888888888887
decision_type=2 8 10 10 8 2 8 2 8 8 10 2 10 10
left_child=3 -2 8 5 -4 7 -6 10 -3 -5 12 -8 -1 -11
right_child=1 2 4 9 6 -7 11 -9 -10 13 -12 -13 -14 -15
leaf_value=-0.01336794273278384 -0.0073060842048697453 0.001315857044493956 0.013123138581569667 0.0019429896524074159 0.0038910137361833214 -0.00037267763848476844 -0.0022714499994979406 7.1469998589959233e-05 -0.0040445708513289708 0.00051669698197179433 -1.1114840029268566e-05 0.00055247154758930562 -0.00031503862993000173 -0.0017627254010173763
leaf_weight=1.3442826490208974 0.33691656804876435 0.091471240273677146 2.1062783410307024 0.051169071724871174 0.52301933581475157 0.24320807427284297 0.21424436895176768 0.095955033553764113 0.14001515618292615 0.018647286196937674 0.024820385558996239 0.12127480970229954 0.064815652731340268 0.19583959045121446
leaf_count=3945 550 10 43 72 54 455 19 166 51 27 38 39 131 330
internal_value=6.5804e-09 0.00697282 0.00986033 -0.0104021 0.0112367 -0.0115648 0.00203787 -0.0124934 -0.0025779 0.000364085 -0.0130181 -0.00160134 -0.0131475 -0.00130228
internal_weight=5.57196 3.53322 3.1963 2.03874 2.96482 1.77308 0.858539 1.52987 0.231486 0.265656 1.43392 0.335519 1.4091 0.214487
internal_count=5930 766 216 5164 155 4735 112 4280 61 429 4114 58 4076 357
is_linear=0
shrinkage=0.025


Tree=64
num_leaves=15
num_cat=0
split_feature=11 28 3 31 10 2 6 6 7 11 2 0 5 3
split_gain=0.8544 0.480192 0.0808652 0.0461956 0.0460748 0.028881 0.0280186 0.0240565 0.0147267 0.00963266 0.00425938 0.00406206 0.00288167 0.00166094
threshold=12.582556829267018 1.0000000180025095e-35 214022.50000000003 1.0000000180025095e-35 2.5000000000000004 2017.5000000000002 71.500000000000014 68.500000000000014 1.5000000000000002 13.528761259799321 2022.5000000000002 5.4644500000000011 75.500000000000014 146166.50000000003
decision_type=8 2 10 2 8 10 10 10 2 10 10 10 10 8
left_child=3 6 5 7 -4 -3 9 -1 -6 12 -9 -8 13 -2
right_child=1 2 4 -5 8 -7 11 10 -10 -11 -12 -13 -14 -15
leaf_value=-0.014004406735542915 2.8021508436173061e-05 -0.0031329398840663769 0.012239386056125547 0.00085255267699748533 0.0030366268963138189 0.0025019507935289454 -0.0006798601702336655 -0.0012672087235045969 -0.0010692569682568011 0.00025837802693665703 0.00099070565700229408 0.0017964941800394298 9.2249958068227594e-05 -0.0068159725324418614
leaf_weight=1.1190016421460312 0.014161636150674672 0.17941835842793841 2.1334349303506319 0.030404004588490241 0.5151116563938557 0.12760291760787368 0.024164818372810148 0.096039095835294463 0.23149380041286349 0.056811362563166767 0.036782133480301127 0.039641633629798889 0.012005966913420707 0.93210164838819765
leaf_count=2810 32 96 45 50 30 12 59 234 34 58 82 53 21 2314
internal_value=-3.64844e-09 0.0055372 0.00973511 -0.0127764 0.0107307 -0.000668574 -0.0055813 -0.013339 0.00188024 -0.00633936 -0.000319348 0.00110116 -0.00666271 -0.00675178
internal_weight=5.54818 4.26595 3.18706 1.28223 2.88004 0.307021 1.07889 1.25182 0.746605 1.01508 0.132821 0.0638065 0.958269 0.946263
internal_count=5930 2754 217 3176 109 108 2537 3126 64 2425 316 112 2367 2346
is_linear=0
shrinkage=0.025


Tree=65
num_leaves=15
num_cat=0
split_feature=11 28 31 10 2 9 6 6 2 11 2 0 13 12
split_gain=0.82521 0.453222 0.0445581 0.0441334 0.0283582 0.0274995 0.0274489 0.0248506 0.0124037 0.00961637 0.00428154 0.00409491 0.00159268 0.0013637
threshold=12.582556829267018 1.0000000180025095e-35 1.0000000180025095e-35 2.5000000000000004 2009.5000000000002 1.6091444444444447 71.500000000000014 68.500000000000014 1989.5000000000002 13.528761259799321 2022.5000000000002 5.4644500000000011 17.500000000000004 22.500000000000004
decision_type=8 2 2 8 10 10 10 10 8 10 10 10 10 10
left_child=2 6 7 5 8 -3 9 -1 -5 -2 -9 -8 -11 -10
right_child=1 3 -4 4 -6 -7 11 10 13 12 -12 -13 -14 -15
leaf_value=-0.013836583902168695 -0.0064741475392073563 0.0018496925273412197 0.00083489784215598842 0.0010938130401274904 0.0042124536677083874 0.012522459411062512 -0.00067917311004263639 -0.0012511272390413487 -0.0028421565689612208 -0.00056398020344183852 0.0010081479273980436 0.0018123518856630492 0.00085412010517183922 -5.8067546972739472e-05
leaf_weight=1.1036739029077578 0.95458406192483358 0.57918078207876611 0.029994672193424665 0.34108372655464325 0.38330938317812979 1.6109024384641086 0.024176288628950604 0.09620657018967893 0.088253731606528163 0.034347857115790248 0.03693391740671359 0.039825873216614127 0.022671638231258839 0.16972499084658921
leaf_count=2810 2367 38 50 50 32 42 59 234 31 36 82 53 22 24
internal_value=4.50855e-10 0.00544465 -0.0126053 0.00952653 0.00208493 0.0111646 -0.00538406 -0.0131588 -0.00105938 -0.00614641 -0.000287794 0.00111742 0.000274482 -0.00251269
internal_weight=5.51487 4.24806 1.26681 3.17246 0.982372 2.19008 1.07561 1.23681 0.599062 1.0116 0.13314 0.0640022 0.0570195 0.257979
internal_count=5930 2754 3176 217 137 80 2537 3126 105 2425 316 112 58 55
is_linear=0
shrinkage=0.025


Tree=66
num_leaves=15
num_cat=0
split_feature=11 2 26 28 31 11 6 11 0 3 2 2 2 5
split_gain=0.783602 0.447229 0.249759 0.125176 0.0451374 0.0379728 0.0285359 0.013582 0.0113514 0.00543222 0.0044057 0.00250989 0.000974569 0.000747197
threshold=12.582556829267018 2022.5000000000002 1.0000000180025095e-35 1.0000000180025095e-35 1.0000000180025095e-35 13.127878339583118 68.500000000000014 13.031865756391944 5.4806500000000016 223633.50000000003 2018.5000000000002 1999.5000000000002 2016.5000000000002 73.500000000000014
decision_type=8 8 2 2 2 10 10 8 10 8 10 10 10 10
left_child=4 2 3 9 6 7 -1 12 -3 -2 -8 -7 -4 -11
right_child=1 8 5 -5 -6 11 10 -9 -10 13 -12 -13 -14 -15
leaf_value=-0.013623132665972888 0.00067710545014769939 -0.0071908902662862111 -0.00034260855331616551 0.012019461900894229 0.00087289420202494748 -0.00034008135514712129 -0.0012469044763320696 -0.0062508789547129212 0.00045069491171445222 -0.0023461316915540497 0.0010330252539250333 0.002144325891349269 0.00082381454857763142 7.8120917147198672e-05
leaf_weight=1.0862619000836273 0.05457477780873965 0.69664194318465877 0.066803423833334707 2.8700757386395708 0.029844204895198234 0.02193835296202451 0.060550539637915679 0.20660496104392223 0.0097870943718589842 0.1639678057981655 0.072999138472368941 0.083302990649826825 0.013788620795821771 0.018201881728600711
leaf_count=2810 113 1528 137 112 50 27 151 358 15 348 165 67 23 26
internal_value=7.48834e-09 0.00532811 0.00877517 0.0108549 -0.0123292 -0.00366067 -0.0128999 -0.00549462 -0.00688295 -0.00156639 -0.000188761 0.00178731 0.000434649 -0.00224272
internal_weight=5.45534 4.20569 3.49926 3.10682 1.24966 0.392438 1.21981 0.287197 0.706429 0.236744 0.13355 0.105241 0.080592 0.18217
internal_count=5930 2754 1211 599 3176 612 3126 518 1543 487 316 94 160 374
is_linear=0
shrinkage=0.025


Tree=67
num_leaves=15
num_cat=0
split_feature=11 2 26 28 31 0 6 0 2 3 2 10 3 4
split_gain=0.789657 0.440326 0.231858 0.129868 0.04389 0.0430313 0.0258022 0.011159 0.00538867 0.00517198 0.00441594 0.00279796 0.000766489 0.000713767
threshold=12.582556829267018 2022.5000000000002 1.0000000180025095e-35 1.0000000180025095e-35 1.0000000180025095e-35 5.4644500000000011 68.500000000000014 5.4806500000000016 1997.5000000000002 223633.50000000003 2022.5000000000002 2.5000000000000004 219856.50000000003 46.500000000000007
decision_type=8 8 2 2 2 10 10 10 10 8 10 10 8 10
left_child=4 2 3 9 6 -4 -1 -3 -7 13 12 -10 -8 -2
right_child=1 7 5 -5 -6 8 10 -9 11 -11 -12 -13 -14 -15
leaf_value=-0.013632908314256762 0.00086552844492953501 -0.0071610642828927977 -0.0057458869612098708 0.011891371825142046 0.0008433380857658095 -0.00063862625373391181 0.00016086427146465952 0.00044491020589665906 -0.00029364805678928473 -0.0023262755952736481 0.0010412757337978056 0.0027115053199042337 -0.0014110485217627218 -0.00025225397152733078
leaf_weight=1.0850569648173403 0.045342096011155131 0.68343138261116099 0.19456866013933893 2.8941530134761706 0.029460599645972141 0.040228580182883888 0.011484946502605342 0.0097399551887065172 0.019709430634975433 0.18269075179705396 0.03734903602162376 0.13376086257630959 0.085750423022545874 0.0087667878833599389
leaf_count=2810 95 1528 346 112 50 66 26 15 33 374 82 167 208 18
internal_value=2.50152e-08 0.00534237 0.00872993 0.0107011 -0.0123811 -0.00342399 -0.0129366 -0.00685454 0.00176799 -0.0016987 -0.000254867 0.00240558 -0.00124799 0.000616927
internal_weight=5.46149 4.21239 3.51922 3.13095 1.2491 0.388268 1.21964 0.693171 0.193699 0.2368 0.134584 0.15347 0.0972354 0.0541089
internal_count=5930 2754 1211 599 3176 612 3126 1543 266 487 316 200 234 113
is_linear=0
shrinkage=0.025


Tree=68
num_leaves=15
num_cat=0
split_feature=11 2 26 28 0 31 6 0 2 3 2 10 3 5
split_gain=0.765649 0.423131 0.223789 0.126393 0.0430833 0.0430452 0.0263476 0.0110743 0.00534853 0.00510663 0.00443505 0.00279163 0.000883995 0.000735365
threshold=12.582556829267018 2022.5000000000002 1.0000000180025095e-35 1.0000000180025095e-35 5.4644500000000011 1.0000000180025095e-35 68.500000000000014 5.4806500000000016 1997.5000000000002 223633.50000000003 2022.5000000000002 2.5000000000000004 218222.50000000003 73.500000000000014
decision_type=8 8 2 2 10 2 10 10 10 8 10 10 8 10
left_child=5 2 3 9 -4 6 -1 -3 -6 -2 12 -10 -8 -11
right_child=1 7 4 -5 8 -7 10 -9 11 13 -12 -13 -14 -15
leaf_value=-0.013489908959636962 0.00061322909498796039 -0.0070332204211645474 -0.0057013883357596874 0.011697242282305972 -0.0006293614722040668 0.0008390281859315112 0.00018581497391497327 0.00045028054785522349 -0.00029130607993487688 -0.0024120424501324483 0.0010559462499763464 0.0027241208392810488 -0.001420438961653803 7.3285563499437799e-05
leaf_weight=1.0725930762710048 0.053860112820985573 0.67818291761795979 0.19368139561265696 2.8863288293941878 0.04024380020564422 0.029266897472552844 0.010720911377575137 0.009769967058673501 0.019737426046049222 0.16432473630993627 0.037482788757188246 0.13409801421221346 0.086556314199697226 0.018227476277388632
leaf_count=2810 113 1528 346 112 66 50 24 15 33 348 82 167 210 26
internal_value=-1.09254e-08 0.00526224 0.00858083 0.0105201 -0.00336367 -0.0122308 -0.0127842 -0.00672314 0.00179023 -0.00168837 -0.000229171 0.00242007 -0.0012354 -0.00231176
internal_weight=5.43507 4.19845 3.5105 3.12274 0.387761 1.23662 1.20735 0.687953 0.194079 0.236412 0.13476 0.153835 0.0972772 0.182552
internal_count=5930 2754 1211 599 612 3176 3126 1543 266 487 316 200 234 374
is_linear=0
shrinkage=0.025


Tree=69
num_leaves=15
num_cat=0
split_feature=11 2 26 28 0 31 6 2 3 2 10 8 12 8
split_gain=0.739306 0.407962 0.206441 0.127931 0.0481171 0.0426628 0.0272249 0.00584533 0.00544152 0.00447322 0.00207447 0.000922133 0.000422874 0.000680588
threshold=12.582556829267018 2023.5000000000002 1.0000000180025095e-35 1.0000000180025095e-35 5.4644500000000011 1.0000000180025095e-35 68.500000000000014 1997.5000000000002 223633.50000000003 2018.5000000000002 2.5000000000000004 6.1058500000000011 4.5000000000000009 4.5325500000000005
decision_type=8 8 2 2 10 2 10 10 8 10 10 10 10 10
left_child=5 2 3 8 -4 6 -1 -6 12 -8 -9 -10 -2 -14
right_child=1 -3 4 -5 7 -7 9 10 11 -11 -12 -13 13 -15
leaf_value=-0.013337606369396834 -0.00015717877361031535 -0.0067445953909201486 -0.0056982654740921016 0.011466676026901733 -0.00062059899552356125 0.00084556283923104827 -0.0012584247126845548 -0.00019450360175808567 -0.0024660009596999652 0.0010385541958021847 0.0028863209924851409 0.00010389622306692854 0.0010064245733985492 -0.00020390955560063611
leaf_weight=1.058958632944268 0.0209310768113945 0.65465327369747672 0.19567882784758683 2.8790401011938229 0.040232496539829299 0.029242337652249151 0.06112158263567824 0.020334952452685684 0.18002502855961211 0.073695938393939286 0.13781037539592944 0.010196807736065239 0.030568207934265956 0.013534952944610268
leaf_count=2810 46 1483 356 114 66 50 151 34 379 165 171 14 63 28
internal_value=2.6075e-09 0.00517297 0.00838528 0.0102423 -0.00313706 -0.0120609 -0.0126183 0.00203614 -0.0017008 -0.000194084 0.00266428 -0.00235669 0.000629136 0.000795438
internal_weight=5.40602 4.18301 3.52835 3.1343 0.394057 1.22302 1.19378 0.198378 0.255256 0.134818 0.158145 0.190222 0.0650342 0.0441032
internal_count=5930 2754 1271 644 627 3176 3126 271 530 316 205 393 137 91
is_linear=0
shrinkage=0.025


Tree=70
num_leaves=15
num_cat=0
split_feature=11 2 26 28 0 31 6 2 3 2 10 3 3 5
split_gain=0.713831 0.39086 0.199193 0.123424 0.048148 0.0424414 0.0278349 0.00578664 0.005421 0.0045565 0.00205345 0.0016472 0.0175354 0.000719582
threshold=12.582556829267018 2023.5000000000002 1.0000000180025095e-35 1.0000000180025095e-35 5.4644500000000011 1.0000000180025095e-35 68.500000000000014 1997.5000000000002 223633.50000000003 2018.5000000000002 2.5000000000000004 245183.50000000003 229847.00000000003 73.500000000000014
decision_type=8 8 2 2 10 2 10 10 8 10 10 10 8 10
left_child=5 2 3 8 -4 6 -1 -6 -2 -8 -9 12 -5 -10
right_child=1 -3 4 11 7 -7 9 10 13 -11 -12 -13 -14 -15
leaf_value=-0.013187379643233766 0.00063414931778611077 -0.0066061259502687916 -0.0056632836083572204 0.0046304531591914869 -0.00061111679995316923 0.00085547190250760815 -0.0012526704796424596 -0.00019151900811123721 -0.0024314897001318412 0.001063123090920981 0.0028948293941389439 0.012931421751511078 -0.00056781658727405053 6.9841616678238731e-05
leaf_weight=1.0452412026061209 0.064787838724442603 0.6499655898369382 0.1947604827582835 0.83654585829935979 0.040205895580584183 0.029241800366435089 0.061086225672624894 0.020336686284281313 0.171226807491621 0.073897250083973631 0.13800920179346576 1.7682585050351916 0.26602159172762196 0.018639771296875551
leaf_count=2810 137 1483 356 63 66 50 151 34 366 165 171 35 16 27
internal_value=-8.78872e-09 0.00508407 0.00822747 0.0100549 -0.00308834 -0.0118935 -0.0124569 0.00205518 -0.00167492 -0.000165206 0.00267531 0.0112593 0.0037027 -0.00233361
internal_weight=5.37822 4.16876 3.51879 3.12548 0.393312 1.20947 1.18022 0.198552 0.254654 0.134983 0.158346 2.87083 1.10257 0.189867
internal_count=5930 2754 1271 644 627 3176 3126 271 530 316 205 114 79 393
is_linear=0
shrinkage=0.025


Tree=71
num_leaves=15
num_cat=0
split_feature=11 12 26 10 0 31 6 8 12 12 10 7 12 3
split_gain=0.695714 0.38108 0.196439 0.0886164 0.0484503 0.0425907 0.0284821 0.0134104 0.00578021 0.00466181 0.00204572 0.000732502 0.000590567 0.00030119
threshold=12.582556829267018 2.5000000000000004 1.0000000180025095e-35 2.5000000000000004 5.4644500000000011 1.0000000180025095e-35 68.500000000000014 3.4663500000000007 28.500000000000004 7.5000000000000009 2.5000000000000004 3.5000000000000004 6.5000000000000009 253921.00000000003
decision_type=8 10 2 10 10 2 10 8 10 8 10 2 10 10
left_child=5 -2 3 7 -4 6 -1 -3 10 13 -6 -5 -13 -8
right_child=1 2 4 11 8 -7 9 -9 -10 -11 -12 12 -14 -15
leaf_value=-0.013076342778424097 -0.0065176832227128627 0.00095441126922831375 -0.0056641561795308139 0.00011666207601109034 -0.00018977863944248457 0.00086930044081301244 0.0011795975528850642 0.011237188598075072 -0.00060743008799027907 -0.0012533212651983398 0.0029038921163396137 8.5645531781649691e-05 -0.0018892200320944294 -6.2659105516597397e-05
leaf_weight=1.0367202576017005 0.64950805628905062 0.28255341501790221 0.19494004812440824 0.012077265884727129 0.020436621038243175 0.029481831443263107 0.044917488645296433 2.701049875584431 0.040413261769572273 0.061224433244206011 0.13853449615999125 0.012598365690791979 0.10078264473122545 0.029610834317281842
leaf_count=2810 1483 25 356 18 34 50 96 407 66 151 171 24 170 69
internal_value=-1.41742e-09 0.00502628 0.00813851 0.00996302 -0.00307517 -0.0117622 -0.0123338 0.0107474 0.00206818 -0.000142626 0.00268559 -0.00166583 -0.00178995 0.00108705
internal_weight=5.35485 4.15289 3.50339 3.10906 0.394324 1.20195 1.17247 2.9836 0.199384 0.135753 0.158971 0.125458 0.113381 0.0745283
internal_count=5930 2754 1271 644 627 3176 3126 432 271 316 205 212 194 165
is_linear=0
shrinkage=0.025


Tree=72
num_leaves=15
num_cat=0
split_feature=11 2 26 28 0 31 6 7 2 2 7 10 10 2
split_gain=0.678457 0.37282 0.193298 0.120823 0.0482993 0.0426037 0.0284839 0.0058456 0.00574492 0.00470698 0.0031298 0.0020479 0.00185118 0.000714767
threshold=12.582556829267018 2023.5000000000002 1.0000000180025095e-35 1.0000000180025095e-35 5.4644500000000011 1.0000000180025095e-35 68.500000000000014 3.5000000000000004 1997.5000000000002 2018.5000000000002 6.5000000000000009 2.5000000000000004 1.0000000180025095e-35 2010.5000000000002
decision_type=8 8 2 2 10 2 10 2 10 10 2 10 8 10
left_child=5 2 3 10 -4 6 -1 -5 -6 -8 13 -10 -12 -2
right_child=1 -3 4 7 8 -7 9 -9 11 -11 12 -13 -14 -15
leaf_value=-0.012965708740891216 -0.00032446506921936588 -0.0064611995967689424 -0.0056502380586792109 0.0030036393840852872 -0.00060430991244474772 0.00087916632228590176 -0.0012534611804696767 0.012381483509639425 -0.00019031237500271043 0.0010973492716698167 0.00022894490436835356 0.0029003365053827976 -0.0023813761788588697 0.00065461140242591479
leaf_weight=1.0277996517543213 0.03137033979874182 0.64704544880078163 0.19475215353304509 0.86063191923312876 0.040529290243284777 0.029740726226009317 0.061344894085777812 1.9851054113823918 0.020436111342860386 0.074874145269859582 0.010498555144295096 0.13873187772696838 0.13495633876300417 0.080918478430248797
leaf_count=2810 62 1483 356 74 66 50 151 40 34 165 23 171 277 168
internal_value=2.99152e-09 0.00496356 0.00804354 0.00985754 -0.00306281 -0.0116409 -0.0122193 0.0110639 0.00206694 -0.000132758 -0.00166844 0.00268167 -0.00215758 0.000335289
internal_weight=5.33874 4.14498 3.49793 3.10348 0.394449 1.19376 1.16402 2.84574 0.199697 0.136219 0.257744 0.159168 0.145455 0.112289
internal_count=5930 2754 1271 644 627 3176 3126 114 271 316 530 205 300 230
is_linear=0
shrinkage=0.025


Tree=73
num_leaves=15
num_cat=0
split_feature=11 12 26 28 0 31 6 7 12 3 12 10 8 7
split_gain=0.655117 0.359211 0.187056 0.115932 0.0487736 0.0426251 0.0291263 0.00783085 0.00572803 0.00566159 0.00481482 0.00201683 0.000961819 0.000429637
threshold=12.582556829267018 2.5000000000000004 1.0000000180025095e-35 1.0000000180025095e-35 5.4644500000000011 1.0000000180025095e-35 68.500000000000014 3.5000000000000004 28.500000000000004 223633.50000000003 7.5000000000000009 2.5000000000000004 6.1058500000000011 17.500000000000004
decision_type=8 10 2 2 10 2 10 2 10 8 8 10 10 2
left_child=5 -2 3 9 -4 6 -1 -5 11 13 -8 -6 -11 -3
right_child=1 2 4 7 8 -7 10 -9 -10 12 -12 -13 -14 -15
leaf_value=-0.012823735865448459 -0.0063465545761410948 0.00082769598868936306 -0.0056318165256825717 0.0029153033296654583 -0.0001852292445226244 0.00089413288967924809 0.0011253119614612077 0.012207538117530998 -0.00059571699702108064 -0.0024251751005139673 -0.0012506043802894963 0.0029224230029281399 0.00011102185955267244 -0.00015725809279178496
leaf_weight=1.014570315426681 0.64400437322910864 0.05608183590811755 0.19398150639608491 0.86061520356452126 0.020384210074553266 0.029887774202506878 0.075183763750828692 1.9721408005570991 0.040517426357837394 0.18158339170622639 0.06127019613632001 0.13912987735238858 0.010273399500874802 0.0099444799998309463
leaf_count=2810 1483 113 356 74 34 50 165 40 66 379 151 171 14 24
internal_value=4.35593e-09 0.00488058 0.00790799 0.00969743 -0.00301584 -0.0114772 -0.0120648 0.0108817 0.00210008 -0.00162026 -0.000103226 0.00270804 -0.00231016 0.00067099
internal_weight=5.30957 4.12866 3.48465 3.09064 0.394013 1.18091 1.15102 2.83276 0.200032 0.257883 0.136454 0.159514 0.191857 0.0660263
internal_count=5930 2754 1271 644 627 3176 3126 114 271 530 316 205 393 137
is_linear=0
shrinkage=0.025


Tree=74
num_leaves=15
num_cat=0
split_feature=11 2 26 28 0 31 6 7 3 2 2 10 8 7
split_gain=0.635426 0.346643 0.181297 0.11144 0.0494077 0.0426054 0.0296365 0.00902196 0.00574929 0.00570893 0.00491209 0.00200408 0.00097783 0.00043733
threshold=12.582556829267018 2023.5000000000002 1.0000000180025095e-35 1.0000000180025095e-35 5.4644500000000011 1.0000000180025095e-35 68.500000000000014 3.5000000000000004 223633.50000000003 1997.5000000000002 2018.5000000000002 2.5000000000000004 6.1058500000000011 17.500000000000004
decision_type=8 8 2 2 10 2 10 2 8 10 10 10 10 2
left_child=5 2 3 8 -4 6 -1 -5 13 -6 -8 -11 -10 -2
right_child=1 -3 4 7 9 -7 10 -9 12 11 -12 -13 -14 -15
leaf_value=-0.012699600829300509 0.00084792548496673737 -0.0062396618164816536 -0.0056180403320216432 0.0028449714805223532 -0.00058599388282398279 0.0009065521321518894 -0.001249092366215193 0.012042272466192947 -0.0023986810940347381 -0.00018159352028677869 0.0011495889735179923 0.0029504369249818904 0.00011455928730025122 -0.00015614450915112601
leaf_weight=1.0033192761620737 0.056279648182681608 0.63944003233336832 0.19341784354764957 0.8605039688991386 0.04045003216015175 0.030010838265297823 0.061186263046692946 1.9604413867928085 0.18139031893224455 0.020381895097671077 0.075513216783292592 0.13968359681894071 0.01028798840707168 0.0099609089375007898
leaf_count=2810 113 1483 356 74 66 50 151 40 379 34 165 171 14 24
internal_value=9.82798e-09 0.00481135 0.00778625 0.00955252 -0.00296793 -0.0113347 -0.01193 0.0107155 -0.0015741 0.00213872 -7.84038e-05 0.00273887 -0.00228085 0.000692101
internal_weight=5.28227 4.11224 3.4728 3.07886 0.393933 1.17003 1.14002 2.82095 0.257919 0.200516 0.136699 0.160065 0.191678 0.0662406
internal_count=5930 2754 1271 644 627 3176 3126 114 530 271 316 205 393 137
is_linear=0
shrinkage=0.025


Tree=75
num_leaves=15
num_cat=0
split_feature=11 2 26 28 0 31 6 7 2 2 7 10 10 2
split_gain=0.614385 0.335637 0.175989 0.106989 0.0500384 0.0425629 0.0301697 0.010121 0.00568908 0.00500332 0.00366916 0.00197444 0.00192746 0.00075628
threshold=12.582556829267018 2023.5000000000002 1.0000000180025095e-35 1.0000000180025095e-35 5.4644500000000011 1.0000000180025095e-35 68.500000000000014 3.5000000000000004 1997.5000000000002 2018.5000000000002 6.5000000000000009 2.5000000000000004 1.0000000180025095e-35 2010.5000000000002
decision_type=8 8 2 2 10 2 10 2 10 10 2 10 8 10
left_child=5 2 3 10 -4 6 -1 -5 -6 -8 13 -10 -12 -2
right_child=1 -3 4 7 8 -7 9 -9 11 -11 12 -13 -14 -15
leaf_value=-0.012564198803531969 -0.00030575780735719567 -0.0061512929274665082 -0.0056084206848764197 0.0027750276868034581 -0.00057680513068694836 0.00091992122043094398 -0.0012457060440679169 0.011879550273535169 -0.00017652179460803761 0.0011742509508577597 0.00024439508350503818 0.0029753044450636082 -0.0023307670867785692 0.00073301248498029508
leaf_weight=0.99118882614129666 0.031294482934755119 0.6358990670996717 0.19288921466795717 0.8596438484382819 0.040395965246716514 0.030136460351059102 0.06112860786379315 1.9486596470233051 0.020372780621983111 0.075846253894269466 0.010572547937044874 0.1402459965320304 0.13450006119091995 0.081454205414047465
leaf_count=2810 62 1483 356 74 66 50 151 40 34 165 23 171 277 168
internal_value=1.24613e-08 0.00473489 0.00766622 0.00941177 -0.0029255 -0.0111794 -0.011783 0.0105531 0.00217512 -5.14882e-05 -0.00152636 0.00276789 -0.00209356 0.000429021
internal_weight=5.25423 4.09593 3.46003 3.06612 0.393904 1.1583 1.12816 2.8083 0.201015 0.136975 0.257821 0.160619 0.145073 0.112749
internal_count=5930 2754 1271 644 627 3176 3126 114 271 316 530 205 300 230
is_linear=0
shrinkage=0.025


Tree=76
num_leaves=15
num_cat=0
split_feature=11 2 26 28 0 31 6 7 3 3 2 2 9 8
split_gain=0.593968 0.324025 0.170712 0.102922 0.0504478 0.0423637 0.0307207 0.0112115 0.026315 0.00592383 0.00566569 0.00509185 0.00188971 0.000985186
threshold=12.582556829267018 2023.5000000000002 1.0000000180025095e-35 1.0000000180025095e-35 5.4644500000000011 1.0000000180025095e-35 68.500000000000014 3.5000000000000004 234793.50000000003 223633.50000000003 1997.5000000000002 2018.5000000000002 5.628962500000001 6.1058500000000011
decision_type=8 8 2 2 10 2 10 2 10 8 10 10 10 10
left_child=5 2 3 9 -4 6 -1 8 -5 -2 -6 -8 -12 -11
right_child=1 -3 4 7 10 -7 11 -9 -10 13 12 -13 -14 -15
leaf_value=-0.012430789597133196 0.00073439470907039146 -0.0060500210645346424 -0.0055927941329719502 0.004134554658312359 -0.00056896780923759629 0.00092980675512639222 -0.0012417572171321552 0.011714329232175278 -0.0013624591825101716 -0.002346690122138144 0.0029830970770284323 0.0011989117267377119 -0.00017336919400466475 0.00011857591445928731
leaf_weight=0.97874493910057914 0.066594069445273685 0.6327448104857466 0.19227334970491927 0.62273511500097845 0.040368858579313383 0.030208600248442852 0.061102590290829539 1.9373020795173941 0.23593757953494787 0.18102734480635263 0.14501979743363336 0.076177603390533477 0.016047328244894743 0.010292432300047949
leaf_count=2810 137 1483 356 56 66 50 151 40 18 379 182 165 23 14
internal_value=-4.97738e-09 0.00465851 0.00754227 0.00926653 -0.00288476 -0.0110272 -0.0116373 0.0103883 0.00270374 -0.00148532 0.00220371 -2.40836e-05 0.00279015 -0.00222586
internal_weight=5.22658 4.08034 3.4476 3.05389 0.393709 1.14623 1.11603 2.79597 0.858673 0.257914 0.201436 0.13728 0.161067 0.19132
internal_count=5930 2754 1271 644 627 3176 3126 114 74 530 271 316 205 393
is_linear=0
shrinkage=0.025


Tree=77
num_leaves=15
num_cat=0
split_feature=11 2 26 28 0 31 6 3 7 3 2 2 10 8
split_gain=0.573523 0.312843 0.164792 0.098537 0.0508945 0.0423266 0.0313113 0.0124306 0.0224562 0.00598493 0.00564673 0.00518001 0.00194632 0.000984383
threshold=12.582556829267018 2023.5000000000002 1.0000000180025095e-35 1.0000000180025095e-35 5.4644500000000011 1.0000000180025095e-35 68.500000000000014 245183.50000000003 2.5000000000000004 223633.50000000003 1997.5000000000002 2018.5000000000002 2.5000000000000004 6.1058500000000011
decision_type=8 8 2 2 10 2 10 10 2 8 10 10 10 10
left_child=5 2 3 9 -4 6 -1 8 -5 -2 -6 -8 -12 -11
right_child=1 -3 4 7 10 -7 11 -9 -10 13 12 -13 -14 -15
leaf_value=-0.012293384676608501 0.00075428468997413688 -0.0059561723195280924 -0.0055687858992509538 0.004565525740961608 -0.00056042145546856062 0.00094419512410345353 -0.0012368918108437775 0.011904656485225831 -0.00062399198963270235 -0.0023163660697797829 -0.00017003882542083879 0.001224508686809123 0.0030205282419586248 0.00012031466600888192
leaf_weight=0.96690300239424665 0.066798946267227488 0.62849666122929182 0.19149889910477202 0.63662227231543533 0.040325885551283136 0.030343651509610825 0.061108129884814844 1.6954290797002611 0.45182683516759425 0.1807826678850688 0.02042755886213854 0.076511702296556905 0.14130682774703018 0.010295365733327344
leaf_count=2810 137 1483 356 55 66 50 151 35 24 379 34 165 171 14
internal_value=7.75537e-09 0.0045818 0.00741796 0.00911618 -0.00283044 -0.0108678 -0.0114868 0.0102155 0.00314401 -0.00143806 0.0022385 5.02978e-06 0.00281806 -0.00219429
internal_weight=5.19868 4.06381 3.43531 3.04176 0.393559 1.13487 1.10452 2.78388 1.08845 0.257877 0.20206 0.13762 0.161734 0.191078
internal_count=5930 2754 1271 644 627 3176 3126 114 79 530 271 316 205 393
is_linear=0
shrinkage=0.025


Tree=78
num_leaves=15
num_cat=0
split_feature=11 2 26 28 0 31 6 7 3 3 2 2 10 35
split_gain=0.558208 0.3054 0.160834 0.0960331 0.0518805 0.0422373 0.0318884 0.0158621 0.0270086 0.0060381 0.00569535 0.00529421 0.00195209 0.0012778
threshold=12.582556829267018 2023.5000000000002 1.0000000180025095e-35 1.0000000180025095e-35 5.4644500000000011 1.0000000180025095e-35 68.500000000000014 3.5000000000000004 234793.50000000003 223633.50000000003 1997.5000000000002 2018.5000000000002 2.5000000000000004 1.0000000180025095e-35
decision_type=8 8 2 2 10 2 10 2 10 8 10 10 10 2
left_child=5 2 3 9 -4 6 13 8 -5 -2 -6 -8 -12 -1
right_child=1 -3 4 7 10 -7 11 -9 -10 -11 12 -13 -14 -15
leaf_value=-0.012323451994025604 0.00076841342481462685 -0.0058846398475044578 -0.0055684782073574836 0.0040201528028411494 -0.00055529899531373396 0.00095416097777285467 -0.0012379169021023392 0.011484378415000683 -0.0014588948823756349 -0.002175167362564494 -0.00016733129942781167 0.0012502367076485429 0.0030626480382070598 -0.00019620736047271971
leaf_weight=0.92002376291202359 0.067174163530581477 0.62779481837060291 0.1915231228340416 0.62419540237169746 0.040464928490109742 0.030480749730486312 0.061276410764548928 1.9046352014411239 0.23653146484866738 0.19159738585585728 0.020512863411568105 0.077022742480039597 0.14275630965130404 0.038299996289424598
leaf_count=2739 137 1483 356 56 66 50 151 40 18 393 34 165 171 71
internal_value=-1.37495e-08 0.00452707 0.00733765 0.00902345 -0.00278346 -0.0107419 -0.011367 0.0101142 0.00253962 -0.00140764 0.00228566 2.8781e-05 0.00286185 -0.0121865
internal_weight=5.17429 4.04719 3.41939 3.02413 0.395257 1.1271 1.09662 2.76536 0.860727 0.258772 0.203734 0.138299 0.163269 0.958324
internal_count=5930 2754 1271 644 627 3176 3126 114 74 530 271 316 205 2810
is_linear=0
shrinkage=0.025


Tree=79
num_leaves=15
num_cat=0
split_feature=11 2 26 28 0 31 6 7 3 3 2 2 10 35
split_gain=0.539519 0.295269 0.154353 0.0921554 0.0522405 0.0422279 0.0324022 0.0165103 0.0266306 0.00608923 0.00570366 0.00537772 0.00193727 0.0013125
threshold=12.582556829267018 2023.5000000000002 1.0000000180025095e-35 1.0000000180025095e-35 5.4644500000000011 1.0000000180025095e-35 68.500000000000014 3.5000000000000004 234793.50000000003 223633.50000000003 1997.5000000000002 2018.5000000000002 2.5000000000000004 1.0000000180025095e-35
decision_type=8 8 2 2 10 2 10 2 10 8 10 10 10 2
left_child=5 2 3 9 -4 6 13 8 -5 -2 -6 -8 -12 -1
right_child=1 -3 4 7 10 -7 11 -9 -10 -11 12 -13 -14 -15
leaf_value=-0.012196607286238365 0.00078554085815967564 -0.005793697522821958 -0.0055291438650682534 0.0039525299455431947 -0.00054855045979484193 0.00096876290172184961 -0.0012336145943260817 0.011312435170321792 -0.0014686402867711255 -0.0021492436590234421 -0.00016353827441945731 0.0012743814565549638 0.0030934998686370924 -0.00019105843319188809
leaf_weight=0.9081922593177294 0.067347788135521891 0.6249140890140551 0.19058398468769144 0.62473714887164566 0.040465963771566749 0.030589049129048251 0.061274022707948461 1.8925828110659493 0.23601001407951117 0.1913248527853284 0.020535632647806779 0.077299664029851556 0.14360812917584553 0.038024164707167074
leaf_count=2739 137 1483 356 56 66 50 151 40 18 393 34 165 171 71
internal_value=-8.66589e-09 0.00445333 0.0072209 0.00887505 -0.00271131 -0.0105937 -0.011228 0.00994549 0.00247566 -0.00136811 0.00232449 5.59363e-05 0.00289557 -0.0120602
internal_weight=5.14749 4.03211 3.4072 3.012 0.395194 1.11538 1.08479 2.75333 0.860747 0.258673 0.20461 0.138574 0.164144 0.946216
internal_count=5930 2754 1271 644 627 3176 3126 114 74 530 271 316 205 2810
is_linear=0
shrinkage=0.025


Tree=80
num_leaves=15
num_cat=0
split_feature=11 2 7 7 3 3 31 6 8 3 8 3 0 2
split_gain=0.545409 0.297252 0.122995 0.0719399 0.0837934 0.0480591 0.0416387 0.0301725 0.0197405 0.0135655 0.0134009 0.0104341 0.00801413 0.00528768
threshold=12.582556829267018 2023.5000000000002 26.500000000000004 3.5000000000000004 245183.50000000003 234793.50000000003 1.0000000180025095e-35 68.500000000000014 4.0059000000000013 215386.50000000003 5.9168000000000012 228338.00000000003 5.786900000000001 2018.5000000000002
decision_type=8 8 2 2 10 8 2 10 10 8 8 8 10 10
left_child=6 2 3 5 8 10 7 -1 9 -5 -2 -10 -4 -9
right_child=1 -3 12 4 -6 -7 -8 13 11 -11 -12 -13 -14 -15
leaf_value=-0.012085791164039298 -0.00073827702919979966 -0.0058376755146437283 -0.0034045744673969177 0.001133744388329449 0.012281237774561552 -0.0026931873161764948 0.0009479067237769753 -0.0012555217981166586 0.0032381213197131583 -0.0033796852555178789 0.0044050804150121267 -0.00080631915605991478 0.00061056192937490822 0.0012301791261214818
leaf_weight=0.94474061157961819 0.078728449734626893 0.61849616619292636 0.17781967521295872 0.060183283669175913 1.6020054301625348 0.34364560947869915 0.030542655644239747 0.061895280407043174 0.22371687140548602 0.10413459461415187 0.64884613390313461 0.11246283617219888 0.068830811011139303 0.077710879704682156
leaf_count=2810 32 1483 316 32 272 192 50 151 73 43 145 119 47 165
internal_value=-2.95521e-09 0.0044721 0.00723526 0.00846725 0.0104728 0.00137514 -0.0106551 -0.0112799 0.000357144 -0.00217265 0.00374334 0.00229426 -0.00269313 -6.54195e-06
internal_weight=5.15376 4.03887 3.42037 3.17372 2.1025 1.07122 1.11489 1.08435 0.500498 0.164318 0.727575 0.33618 0.24665 0.139606
internal_count=5930 2754 1271 908 539 369 3176 3126 267 75 177 192 363 316
is_linear=0
shrinkage=0.025


Tree=81
num_leaves=15
num_cat=0
split_feature=11 12 7 7 3 3 31 6 28 12 12 12 12 0
split_gain=0.53068 0.290078 0.120676 0.0729062 0.0707099 0.0473176 0.0418837 0.0303741 0.0241632 0.0226862 0.0136781 0.0209484 0.0084213 0.00805725
threshold=12.582556829267018 2.5000000000000004 26.500000000000004 3.5000000000000004 234793.50000000003 234793.50000000003 1.0000000180025095e-35 68.500000000000014 1.0000000180025095e-35 11.500000000000002 13.500000000000002 22.500000000000004 43.500000000000007 5.786900000000001
decision_type=8 10 2 2 10 8 2 10 2 10 10 10 10 10
left_child=6 -2 3 5 9 10 7 -1 -6 -5 -3 -12 -11 -4
right_child=1 2 13 4 8 -7 -8 -9 -10 12 11 -13 -14 -15
leaf_value=-0.011977877636969912 -0.0057697901703999037 0.0049428587198385096 -0.0033886120170867049 0.0027492175283298989 0.000201760660283099 -0.0026904451638657648 0.00096601548013274061 9.1253069533985068e-06 0.012556999278075052 -0.0030073302413739377 -0.0025774686226685013 0.0020937058788345012 0.00066408688659847729 0.00061786257795779247
leaf_weight=0.93673888854391385 0.61733176800771605 0.31111289412365351 0.17789423183421593 0.1770538306445818 0.1374356075248212 0.34528493619291123 0.030747521668672451 0.14015754967113025 1.4919177871197462 0.13579696998931468 0.10674823410226963 0.31133076691185124 0.14382468489930034 0.069044448027852923
leaf_count=2810 1483 95 316 122 283 192 50 316 22 104 32 50 8 47
internal_value=8.73625e-09 0.00441651 0.00715236 0.00837747 0.0104018 0.00132764 -0.0105292 -0.0111646 0.0119879 0.00039807 0.00368587 -7.55021e-05 -0.00207571 -0.00267127
internal_weight=5.13242 4.02478 3.40744 3.16051 2.08603 1.07448 1.10764 1.0769 1.62935 0.456675 0.729192 0.418079 0.279622 0.246939
internal_count=5930 2754 1271 908 539 369 3176 3126 305 234 177 82 112 363
is_linear=0
shrinkage=0.025


Tree=82
num_leaves=15
num_cat=0
split_feature=11 2 7 7 3 3 31 6 28 2 8 2 0 2
split_gain=0.521411 0.287807 0.11986 0.0672117 0.0611903 0.0493669 0.0418019 0.030111 0.0233442 0.0209711 0.0142313 0.00845286 0.00813151 0.00542508
threshold=12.582556829267018 2023.5000000000002 26.500000000000004 3.5000000000000004 234793.50000000003 234793.50000000003 1.0000000180025095e-35 68.500000000000014 1.0000000180025095e-35 2014.5000000000002 5.9168000000000012 1982.5000000000002 5.786900000000001 2018.5000000000002
decision_type=8 8 2 2 10 8 2 10 2 10 8 10 10 10
left_child=6 2 3 5 9 10 7 -1 -6 11 -2 -5 -4 -9
right_child=1 -3 12 4 8 -7 -8 13 -10 -11 -12 -13 -14 -15
leaf_value=-0.011905938307124983 -0.00077019248291698304 -0.0057574788208001994 -0.0033878174765012308 0.0007147735582483547 0.00020522462436715615 -0.0027116805278036087 0.0009711124509981493 -0.0012634667178503187 0.012365991483055984 0.0027414203340923858 0.0044912686856573483 -0.0028771109080348153 0.00062388755635847822 0.0012535704110116746
leaf_weight=0.93019976685172856 0.079281469807029326 0.61736140720313404 0.17817840914358374 0.14248509335448067 0.13833750342018869 0.34549155097920459 0.030929860571632051 0.062545680091716349 1.4766234531998634 0.17691637860843912 0.65762784873368219 0.13343012827681378 0.069529238506220281 0.078347156057134271
leaf_count=2810 32 1483 316 8 283 192 50 151 22 122 145 104 47 165
internal_value=1.65412e-08 0.00438073 0.00711303 0.00833855 0.0103141 0.00142386 -0.010452 -0.0110915 0.0118011 0.000538284 0.00380768 -0.00191579 -0.00266424 8.14536e-06
internal_weight=5.11728 4.01526 3.3979 3.15019 2.06779 1.0824 1.10202 1.07109 1.61496 0.452832 0.736909 0.275915 0.247708 0.140893
internal_count=5930 2754 1271 908 539 369 3176 3126 305 234 177 112 363 316
is_linear=0
shrinkage=0.025


Tree=83
num_leaves=15
num_cat=0
split_feature=11 2 7 7 3 3 3 28 2 8 6 0 2 2
split_gain=0.507652 0.280361 0.117947 0.0667316 0.0541811 0.0482924 0.0381359 0.0218243 0.0209115 0.0141593 0.0130679 0.00796325 0.0077208 0.00469016
threshold=12.582556829267018 2023.5000000000002 26.500000000000004 3.5000000000000004 234793.50000000003 234793.50000000003 200221.00000000003 1.0000000180025095e-35 2014.5000000000002 5.9168000000000012 75.500000000000014 5.786900000000001 1982.5000000000002 1975.5000000000002
decision_type=8 8 2 2 10 8 8 2 10 8 8 10 10 10
left_child=6 2 3 5 8 9 -1 -6 12 -2 -8 -4 -5 -7
right_child=1 -3 11 4 7 13 10 -9 -10 -11 -12 -13 -14 -15
leaf_value=0.00066596658782825573 -0.00077570790959551061 -0.0056836620818732416 -0.0033684322884990642 0.00067739374981750093 0.00022596418909491932 0.00041168009424833715 -0.00015444359573658386 0.012190820265551123 0.0027973432089788944 0.0044438558169799507 -0.011501278812477957 0.00061436961576862383 -0.0027783870773635238 -0.0030827726910839463
leaf_weight=0.070991191489156003 0.07962742517702337 0.61579960981907778 0.17806449966155913 0.13857821299461681 0.13894853883539293 0.035847392864525429 0.094041589574771933 1.4630908872932196 0.17902229251922108 0.66011364804580808 0.92881043742818292 0.069012876716442406 0.13179963879520074 0.31076745130121708
leaf_count=186 32 1483 316 8 283 2 233 22 122 145 2757 47 104 190
internal_value=1.92871e-08 0.00432734 0.00702946 0.0082495 0.0102277 0.00140219 -0.0103348 0.0116387 0.00063807 0.00375908 -0.0110501 -0.00265538 -0.00186819 -0.00268403
internal_weight=5.09452 4.00067 3.38487 3.1378 2.05144 1.08636 1.09384 1.60204 0.4494 0.739741 1.02285 0.247077 0.270378 0.346615
internal_count=5930 2754 1271 908 539 369 3176 305 234 177 2990 363 112 192
is_linear=0
shrinkage=0.025


Tree=84
num_leaves=15
num_cat=0
split_feature=11 2 7 7 3 31 3 6 28 9 7 9 3 0
split_gain=0.496565 0.276989 0.116857 0.0633311 0.0492041 0.0420871 0.0390566 0.0305867 0.0256023 0.0172448 0.0136307 0.0122145 0.0118801 0.0078934
threshold=12.582556829267018 2023.5000000000002 26.500000000000004 3.5000000000000004 245183.50000000003 1.0000000180025095e-35 234793.50000000003 68.500000000000014 1.0000000180025095e-35 0.87000090909090921 1.5000000000000002 4.889942500000001 215386.50000000003 5.786900000000001
decision_type=8 8 2 2 10 2 8 10 2 10 2 10 8 10
left_child=5 2 3 6 9 7 10 -1 -6 12 -2 -11 -5 -4
right_child=1 -3 13 4 8 -7 -8 -9 -10 11 -12 -13 -14 -15
leaf_value=-0.011723989069390137 0.0043676062972309903 -0.005666698874092462 -0.0033603669248228186 0.0011389228653505383 6.2250181899337127e-05 0.00100045361775058 -0.0023232078594836326 4.0717228332683744e-05 0.012145927779870835 0.0034345118901259125 -0.00055561241090890329 -0.00095719492799018846 -0.0029718123326173064 0.00061042368790715921
leaf_weight=0.91481991831096798 0.55405481392517786 0.61383278532593966 0.17819050076650444 0.060884683480253776 0.12560098455287483 0.031119077670154982 0.34246017879922885 0.14141551131615415 1.4269049130380154 0.26294840307673439 0.1916045026446227 0.069372543948702514 0.09456408949336037 0.06876323843607679
leaf_count=2810 113 1483 316 32 251 50 192 316 21 100 64 95 40 47
internal_value=1.96522e-09 0.00428352 0.00697462 0.0081928 0.0101361 -0.0102384 0.00143987 -0.0108951 0.0115757 0.00085325 0.00350895 0.0024874 -0.00176951 -0.00265187
internal_weight=5.07654 3.98918 3.37535 3.1284 2.04028 1.08735 1.08812 1.05624 1.55251 0.48777 0.745659 0.332321 0.155449 0.246954
internal_count=5930 2754 1271 908 539 3176 369 3126 272 267 177 195 72 363
is_linear=0
shrinkage=0.025


Tree=85
num_leaves=15
num_cat=0
split_feature=11 12 5 31 26 6 10 3 3 0 2 9 12 10
split_gain=0.470144 0.259154 0.120018 0.0419568 0.0401663 0.0323058 0.0224523 0.0397706 0.0260855 0.0208755 0.00572681 0.00540596 0.00469774 0.00348783
threshold=12.582556829267018 2.5000000000000004 71.500000000000014 1.0000000180025095e-35 1.0000000180025095e-35 68.500000000000014 2.5000000000000004 238242.00000000003 234793.50000000003 5.786900000000001 2018.5000000000002 1.7818892857142858 7.5000000000000009 2.5000000000000004
decision_type=8 10 8 2 2 10 8 10 10 10 10 10 10 10
left_child=3 -2 9 5 6 -1 7 11 -8 12 -7 -4 -3 -6
right_child=1 2 4 -5 13 10 8 -9 -10 -11 -12 -13 -14 -15
leaf_value=-0.011531800819648816 -0.0054690374733806692 0.00030673058716855468 -0.00088266866892350185 0.0010230891219321096 -0.0014994763099726647 -0.0012450183214097077 0.0038113265052075241 0.011401310679638425 -0.0013474976947006959 0.0014879637620405614 0.0013431837388755664 0.0015905036365888702 -0.0042110015765222967 0.0006584937839949613
leaf_weight=0.89956946340680566 0.61012529153958928 0.018650728423381557 0.15885300625814203 0.031215237773721927 0.056525280495406949 0.062606383813545108 0.74940077669452854 1.4480575899360699 0.3232061960734427 0.059103951847646385 0.078640714113134891 0.2202040808624588 0.23499130696291104 0.083322914724703878
leaf_count=2810 1483 34 19 50 88 151 188 51 160 61 165 32 488 150
internal_value=-6.90271e-09 0.00417628 0.00678498 -0.0100021 0.00813021 -0.010672 0.00864509 0.0101973 0.0023567 -0.0025231 0.000110273 0.000665568 -0.00389912 -0.000764026
internal_weight=5.03447 3.96244 3.35232 1.07203 3.03957 1.04082 2.89972 1.82711 1.07261 0.312746 0.141247 0.379057 0.253642 0.139848
internal_count=5930 2754 1271 3176 688 3126 450 102 348 583 316 51 522 238
is_linear=0
shrinkage=0.025


Tree=86
num_leaves=15
num_cat=0
split_feature=11 2 7 7 31 3 3 6 8 9 7 3 2 6
split_gain=0.456259 0.250895 0.126575 0.0705151 0.0419328 0.0406509 0.0362216 0.032467 0.0149001 0.0149504 0.0133472 0.011437 0.00576108 0.00549542
threshold=12.582556829267018 2023.5000000000002 26.500000000000004 3.5000000000000004 1.0000000180025095e-35 234793.50000000003 234793.50000000003 68.500000000000014 4.0059000000000013 4.889942500000001 1.5000000000000002 215386.50000000003 2018.5000000000002 71.500000000000014
decision_type=8 8 2 2 2 10 8 10 10 10 2 8 10 10
left_child=4 2 3 6 7 8 10 -1 11 -10 -2 -5 -9 -4
right_child=1 -3 13 5 -6 -7 -8 12 9 -11 -12 -13 -14 -15
leaf_value=-0.0114236532035946 0.0041215436321894606 -0.0053814417731526398 -0.0035399956951397181 0.0011545015933026564 0.0010360722552941396 0.011265529397660567 -0.002317337377844759 -0.0012396130881063251 0.003514865638516545 -0.0011716878936261896 -0.00060604753919071429 -0.0028328881054696564 0.001357090549506126 0.00043839839521472753
leaf_weight=0.89000226274947614 0.5627052444324373 0.60802754451287899 0.19772375980392087 0.061247935227584427 0.031320458860136458 1.5741890792560296 0.34490506441215996 0.062560817314079031 0.23116355674574152 0.064076926792040467 0.19157355185598135 0.089796111278701574 0.078784459736198187 0.023364473454421386
leaf_count=2810 113 1483 320 32 50 305 192 151 85 84 64 33 165 43
internal_value=-6.95416e-10 0.00411725 0.00668753 0.00796672 -0.00987816 0.0100044 0.00123953 -0.0105565 0.000842539 0.00237841 0.00325981 -0.00161771 0.000128659 -0.00310485
internal_weight=5.01144 3.94877 3.34075 3.11966 1.06267 2.02047 1.09918 1.03135 0.446285 0.29524 0.754279 0.151044 0.141345 0.221088
internal_count=5930 2754 1271 908 3176 539 369 3126 234 169 177 65 316 363
is_linear=0
shrinkage=0.025


Tree=87
num_leaves=15
num_cat=0
split_feature=11 12 7 7 31 5 3 6 3 9 3 7 2 6
split_gain=0.446118 0.249191 0.125037 0.0657065 0.0418661 0.0404026 0.0372053 0.0324555 0.0202238 0.0146837 0.0106744 0.00650602 0.0058112 0.00553892
threshold=12.582556829267018 2.5000000000000004 26.500000000000004 3.5000000000000004 1.0000000180025095e-35 71.500000000000014 234793.50000000003 68.500000000000014 234793.50000000003 0.87000090909090921 216144.00000000003 1.5000000000000002 2018.5000000000002 71.500000000000014
decision_type=8 10 2 2 2 8 8 10 8 10 10 2 10 10
left_child=4 -2 3 6 7 -5 11 -1 9 10 -7 -3 -9 -4
right_child=1 2 13 5 -6 8 -8 12 -10 -11 -12 -13 -14 -15
leaf_value=-0.011342791216923382 -0.0053887815664812183 0.0038776147831505476 -0.003528465635494157 -0.00058265860599019032 0.0010441024294628805 0.0011540200496475508 -0.0023211727985427543 -0.0012408696412107886 0.011475080145788094 0.0026510541004098297 -0.0026569470120439932 -0.00018769565809000646 0.0013672322771917152 0.0004435994882596677
leaf_weight=0.88257492706179597 0.606408268286032 0.56914417166262921 0.19769730273401354 0.11214731319341842 0.031475756870349758 0.061382311250781307 0.34581617428921174 0.062679655209649354 1.5103921667614486 0.24588853798923083 0.082513809262309223 0.18672307088854723 0.079136781219858676 0.023492798849474639
leaf_count=2810 1483 113 320 236 50 32 192 151 186 65 20 64 165 43
internal_value=-6.13754e-09 0.00407152 0.00663786 0.00791162 -0.00978658 0.00989619 0.00130273 -0.0104707 0.0105023 0.00118838 -0.0014436 0.0033384 0.000137311 -0.0030888
internal_weight=4.99747 3.94161 3.3352 3.11401 1.05587 2.01232 1.10168 1.02439 1.90018 0.389785 0.143896 0.755867 0.141816 0.22119
internal_count=5930 2754 1271 908 3176 539 369 3126 303 117 52 177 316 363
is_linear=0
shrinkage=0.025


Tree=88
num_leaves=15
num_cat=0
split_feature=0 12 13 31 9 5 6 12 3 12 3 9 12 0
split_gain=0.432481 0.2423 0.115917 0.0417844 0.0359341 0.0357832 0.0325352 0.0295644 0.0233628 0.019087 0.0160516 0.015704 0.00940265 0.00769534
threshold=5.4644500000000011 2.5000000000000004 17.500000000000004 1.0000000180025095e-35 2.2033166666666673 71.500000000000014 68.500000000000014 13.500000000000002 212280.00000000003 22.500000000000004 264086.00000000006 2.0030375 8.5000000000000018 5.8201000000000009
decision_type=8 10 8 2 10 8 10 8 8 10 8 8 10 10
left_child=3 -2 12 6 7 13 -1 10 -7 11 -4 -9 -3 -6
right_child=1 2 4 -5 5 8 -8 9 -10 -11 -12 -13 -14 -15
leaf_value=-0.011232464326629735 -0.0053200229155763818 0.00077017985444275262 0.0055320704248356693 0.0010557954618659771 -0.0016679120910615423 -0.00046237776229777236 0.00015432577025725308 0.00098028624778088535 0.011198115131746707 0.0015964681885200036 -0.00069970193566771307 -0.0037075582976315241 -0.0035338937900456467 0.0013706814851357639
leaf_weight=0.8728008621255865 0.60499634138250291 0.024838046723744234 0.51004096036194835 0.031635250867111497 0.097742857586126441 0.031849935854552203 0.14190344538656063 0.18288757232949138 1.300245016842382 0.66825753045850433 0.066692383377812803 0.20447767607402056 0.21570144867291674 0.022274675779044628
leaf_count=2809 1483 35 192 50 211 25 316 9 238 63 48 43 388 20
internal_value=-2.2333e-08 0.00401026 0.00654547 -0.00966152 0.00778953 0.0101348 -0.0103538 0.00264573 0.0108406 -0.000312695 0.00482471 -0.00238301 -0.00282688 -0.000383678
internal_weight=4.97634 3.93 3.32501 1.04634 3.08447 1.45211 1.0147 1.63236 1.33209 1.05562 0.576733 0.387365 0.240539 0.120018
internal_count=5930 2755 1272 3175 849 494 3125 355 263 115 240 52 423 231
is_linear=0
shrinkage=0.025


Tree=89
num_leaves=15
num_cat=0
split_feature=11 12 13 3 3 26 28 6 12 0 35 12 2 6
split_gain=0.44473 0.256419 0.122316 0.0400729 0.0317669 0.0325396 0.014535 0.0135877 0.00953978 0.00594304 0.00487964 0.00352249 0.00309046 0.00267946
threshold=12.582556829267018 2.5000000000000004 17.500000000000004 200221.00000000003 304201.00000000006 1.0000000180025095e-35 1.0000000180025095e-35 75.500000000000014 8.5000000000000018 5.9340000000000011 1.0000000180025095e-35 9.5000000000000018 2020.5000000000002 78.500000000000014
decision_type=8 10 8 8 8 2 2 8 10 10 2 10 10 10
left_child=3 -2 8 -1 5 6 -4 12 -3 -6 13 -7 -5 -9
right_child=1 2 4 7 9 11 -8 10 -10 -11 -12 -13 -14 -15
leaf_value=0.00078642524058160639 -0.005475503463743263 0.00076493493216627916 0.00017525222425752936 -0.0010159481134271503 -0.0016377869138541733 0.00078552855804138791 0.0091590932941451129 -0.011250923912957239 -0.0036039695616241355 0.0010831997197628155 -5.4127635404963785e-05 -0.001323673041183057 0.00090721032438750664 2.7116128030485488e-05
leaf_weight=0.070820649052620532 0.61357740410312578 0.025069237628486341 0.15687936657923396 0.054766682907938957 0.099410809285472967 0.039551080873934441 2.673204448306933 0.84645741754502535 0.21857190786977299 0.020352498453576118 0.034840033011278138 0.085717962385388091 0.041807283618254587 0.0084265557525213808
leaf_count=186 1483 35 312 140 182 81 111 2674 387 17 69 146 93 14
internal_value=-1.57376e-09 0.00407258 0.00669695 -0.0097648 0.00798261 0.00840012 0.00883687 -0.0105369 -0.00290082 -0.000620984 -0.0110085 -0.000551458 -0.000115314 -0.0111851
internal_weight=4.98945 3.93233 3.31876 1.05712 3.07512 2.95535 2.83008 0.986298 0.243641 0.119763 0.889724 0.125269 0.096574 0.854884
internal_count=5930 2754 1271 3176 849 650 423 2990 422 199 2757 227 233 2688
is_linear=0
shrinkage=0.025


Tree=90
num_leaves=15
num_cat=0
split_feature=11 12 13 31 3 9 10 8 2 3 2 12 0 2
split_gain=0.43015 0.247928 0.118679 0.0418748 0.0307649 0.0178315 0.024914 0.0172787 0.016795 0.0132452 0.0127914 0.00951014 0.00582224 0.00514666
threshold=12.582556829267018 2.5000000000000004 17.500000000000004 1.0000000180025095e-35 304201.00000000006 1.7818892857142858 1.5000000000000002 6.315100000000001 1995.5000000000002 277577.00000000006 1982.5000000000002 8.5000000000000018 5.9340000000000011 1989.5000000000002
decision_type=8 10 8 2 8 10 10 10 10 10 10 10 10 8
left_child=3 -2 11 7 5 8 -7 13 10 -10 -4 -3 -6 -1
right_child=1 2 4 -5 12 6 -8 -9 9 -11 -12 -13 -14 -15
leaf_value=9.057230021866594e-05 -0.0053904222287573427 0.00077029387405679918 0.0015184847445975666 0.0010598685296180058 -0.0016197778605458292 0.01086462368997663 -2.4161857491014577e-05 0.00041790548754201445 0.004581320189805377 -0.00066147908251292572 -0.0020868825793955137 -0.0035703233050380051 0.0010732412076939043 -0.010725952303054351
leaf_weight=0.011004435247741418 0.6107696887047499 0.02504079922800917 0.270310276187957 0.031992397620342561 0.099125058739445993 1.3275581778434569 0.13448819823679503 0.01576602429850027 0.9033410933916457 0.087728620244888589 0.22280583847896196 0.2176974241156131 0.020110766461584717 0.98785743868211284
leaf_count=33 1483 35 26 50 182 86 230 21 259 25 24 387 17 3072
internal_value=-4.2778e-09 0.0040073 0.0065908 -0.0096314 0.00785949 0.00827068 0.01026 -0.0103273 0.00296975 0.00401809 -0.000417185 -0.00286303 -0.000612484 -0.0106211
internal_weight=4.9656 3.91898 3.30821 1.04662 3.06547 2.94623 1.46205 1.01463 1.48419 0.99107 0.493116 0.242738 0.119236 0.998862
internal_count=5930 2754 1271 3176 849 650 316 3126 334 284 50 422 199 3105
is_linear=0
shrinkage=0.025


Tree=91
num_leaves=15
num_cat=0
split_feature=11 12 7 7 3 31 3 6 28 8 9 3 7 3
split_gain=0.417044 0.241233 0.123699 0.0547558 0.0441937 0.0420071 0.039242 0.032909 0.0232354 0.0163628 0.0121789 0.0116259 0.00961607 0.00599083
threshold=12.582556829267018 2.5000000000000004 26.500000000000004 3.5000000000000004 245183.50000000003 1.0000000180025095e-35 234793.50000000003 68.500000000000014 1.0000000180025095e-35 4.0059000000000013 4.889942500000001 215386.50000000003 1.5000000000000002 225259.00000000003
decision_type=8 10 2 2 10 2 8 10 2 10 10 8 2 10
left_child=5 -2 3 6 9 7 12 -1 -6 11 13 -5 -3 -11
right_child=1 2 -4 4 8 -7 -8 -9 -10 10 -12 -13 -14 -15
leaf_value=-0.011103495763515589 -0.0053194370767883862 0.0041904468392105357 -0.0030976455827758827 0.0011325242689726939 0.00010044049407948255 0.0010775513188919449 -0.0023025859276012413 0.00017648097924372898 0.011700700868613863 0.0038967052595504704 -0.00097115705698795933 -0.002925587877335076 -0.00033848499962311422 -0.00034064823863200975
leaf_weight=0.8631089964910641 0.60973716621811069 0.6034031496092217 0.22379148201434862 0.06150236100074824 0.13145840671495501 0.032238307496299856 0.34280139231123041 0.143177529447712 1.3212650492787361 0.18691085712634958 0.069938189728418365 0.092113548947963864 0.1875281078973785 0.072855960490414873
leaf_count=2810 1483 113 363 32 251 50 192 316 21 66 95 43 64 31
internal_value=3.41204e-09 0.00395101 0.00650645 0.0077957 0.00970751 -0.00950343 0.00151148 -0.0102105 0.0111199 0.000827603 0.00242196 -0.00172752 0.00352722 0.00338124
internal_weight=4.94183 3.90331 3.29357 3.06978 1.93604 1.03852 1.13373 1.00629 1.45272 0.483321 0.329705 0.153616 0.790931 0.259767
internal_count=5930 2754 1271 908 539 3176 369 3126 272 267 192 75 177 97
is_linear=0
shrinkage=0.025


Tree=92
num_leaves=15
num_cat=0
split_feature=11 12 7 7 31 3 3 20 28 8 9 3 7 2
split_gain=0.405262 0.234547 0.121283 0.0554869 0.0418598 0.0394867 0.0387067 0.0302622 0.022273 0.016301 0.0122024 0.0114799 0.00977263 0.00619105
threshold=12.582556829267018 2.5000000000000004 26.500000000000004 3.5000000000000004 1.0000000180025095e-35 245183.50000000003 234793.50000000003 1.0000000180025095e-35 1.0000000180025095e-35 4.0059000000000013 4.889942500000001 215386.50000000003 1.5000000000000002 2018.5000000000002
decision_type=8 10 2 2 2 10 8 2 2 10 10 8 2 10
left_child=4 -2 3 6 7 9 12 13 -7 11 -11 -5 -3 -1
right_child=1 2 -4 5 -6 8 -8 -9 -10 10 -12 -13 -14 -15
leaf_value=-0.0012965092522062918 -0.0052466299440392912 0.0041447406565053163 -0.0030760179405027047 0.0011343292855966972 0.0010869137408539079 0.00011052125330559973 -0.0023068544455856479 -0.010972893188191224 0.011555085568019464 0.0034218613216542857 -0.00095995564611587995 -0.0028865273777100055 -0.00035976630836032845 0.0013904461450803315
leaf_weight=0.06570571521297075 0.60847499399096738 0.60403460945235621 0.22360937064513553 0.061608891235664376 0.032370944012654945 0.13180137090967003 0.34386886551510554 0.85070162643387448 1.3093155529350042 0.2593998670054134 0.069847424165345728 0.091571590804960579 0.18759074178524315 0.081564982770942152
leaf_count=160 1483 113 363 32 50 251 192 2796 21 97 95 43 64 170
internal_value=1.3111e-09 0.00389753 0.00642181 0.00770286 -0.0093892 0.00962711 0.00146146 -0.0101029 0.0109824 0.000901122 0.00246943 -0.00168806 0.0034723 0.000106479
internal_weight=4.92147 3.89112 3.28265 3.05904 1.03034 1.92354 1.13549 0.997972 1.44112 0.482428 0.329247 0.15318 0.791625 0.147271
internal_count=5930 2754 1271 908 3176 539 369 3126 272 267 192 75 177 330
is_linear=0
shrinkage=0.025


Tree=93
num_leaves=15
num_cat=0
split_feature=11 12 13 31 10 3 2 6 2 8 0 3 12 3
split_gain=0.381778 0.216902 0.106924 0.0418873 0.037552 0.0384939 0.035655 0.0348214 0.0320991 0.0162568 0.0127 0.01194 0.00973546 0.00658796
threshold=12.582556829267018 2.5000000000000004 17.500000000000004 1.0000000180025095e-35 3.5000000000000004 245183.50000000003 2016.5000000000002 68.500000000000014 1989.5000000000002 3.9887000000000001 5.5964000000000009 177420.50000000003 8.5000000000000018 227780.00000000003
decision_type=8 10 8 2 8 10 10 10 10 10 10 8 10 8
left_child=3 -2 12 7 5 9 8 -1 -6 -4 11 -10 -3 -11
right_child=1 2 4 -5 6 -7 -8 -9 10 13 -12 -13 -14 -15
leaf_value=-0.010816973354921176 -0.0050291881844055433 0.00081198390240652489 -0.001853504934724773 0.0011171911645636936 0.0021796552520409857 0.01058375956220833 0.0044798050525143435 0.00026899490500546634 0.00069214674939327035 0.0029710816873064318 0.00085118203094550551 -0.0045958322388568867 -0.0034745606792143668 -0.00054669361695381823
leaf_weight=0.83989206094702218 0.60389683498942792 0.025313648104202335 0.1201315027137756 0.032530432450585067 0.33304701119777724 1.3321656760526819 0.40659172993036918 0.14330167465959676 0.042808976082596928 0.21331229197676294 0.054855742782820016 0.42286346908076666 0.21642057545250282 0.093463786295615137
leaf_count=2810 1483 35 23 50 40 103 251 316 10 38 72 264 387 48
internal_value=-9.25333e-09 0.00379063 0.00622093 -0.00914857 0.00743952 0.00928354 0.00189687 -0.00988029 -0.00108655 0.000652384 -0.00323545 -0.00396914 -0.00273327 0.00230113
internal_weight=4.8806 3.86487 3.26097 1.01572 3.01924 1.75907 1.26017 0.983194 0.853575 0.426908 0.520528 0.465672 0.241734 0.306776
internal_count=5930 2754 1271 3176 849 212 637 3126 386 109 346 274 422 86
is_linear=0
shrinkage=0.025


Tree=94
num_leaves=15
num_cat=0
split_feature=0 12 7 31 7 3 5 20 3 8 7 3 2 35
split_gain=0.392732 0.230383 0.119862 0.0415117 0.0410876 0.0431367 0.0385212 0.0292981 0.0190986 0.0142581 0.0118709 0.0104207 0.00621146 0.00535627
threshold=5.4644500000000011 2.5000000000000004 26.500000000000004 1.0000000180025095e-35 3.5000000000000004 234793.50000000003 71.500000000000014 1.0000000180025095e-35 234793.50000000003 3.9887000000000001 1.5000000000000002 216144.00000000003 2018.5000000000002 1.0000000180025095e-35
decision_type=8 10 2 2 2 8 8 2 8 10 2 10 10 2
left_child=3 -2 4 7 5 10 -6 12 9 11 -3 -8 -1 -9
right_child=1 2 -4 -5 6 -7 8 13 -10 -11 -12 -13 -14 -15
leaf_value=-0.0013058126094223365 -0.0052192164677034216 0.0045296241147687565 -0.0030730231747805557 0.001090724333140426 -0.00059552833716772886 -0.0023359950242119085 0.0011298413236683232 -0.011043663004267179 0.010976639768466877 0.0025656133503179582 -0.00040473144907682653 -0.0026468027434147969 0.0013843601306882565 -3.6857546310619724e-05
leaf_weight=0.066112829808844031 0.60746539641695596 0.62237492803251426 0.22378368105273683 0.032607564120553434 0.11515138510731016 0.34510785812744882 0.061823173717129865 0.80371303181163967 1.3950515175820328 0.24176439992152154 0.1875532538688276 0.081019951467169449 0.082250522464164533 0.034881741390563548
leaf_count=160 1483 113 363 50 236 192 32 2724 187 64 64 21 170 71
internal_value=-1.24534e-09 0.0038363 0.00634474 -0.00927198 0.00762394 0.00172895 0.0093788 -0.00999098 0.0100062 0.00110091 0.00379469 -0.00145388 9.23757e-05 -0.0108549
internal_weight=4.90066 3.8811 3.27363 1.01957 3.04985 1.15504 1.89481 0.986958 1.77966 0.384608 0.809928 0.142843 0.148363 0.838595
internal_count=5930 2755 1272 3175 909 369 540 3125 304 117 177 53 330 2795
is_linear=0
shrinkage=0.025


Tree=95
num_leaves=15
num_cat=0
split_feature=0 2 7 7 31 3 5 6 3 8 7 3 2 6
split_gain=0.380674 0.2135 0.115612 0.0468809 0.041462 0.0403505 0.0374694 0.0322076 0.0177532 0.0141632 0.0112661 0.0104204 0.00611986 0.00590112
threshold=5.4644500000000011 2023.5000000000002 26.500000000000004 3.5000000000000004 1.0000000180025095e-35 234793.50000000003 71.500000000000014 68.500000000000014 234793.50000000003 3.9887000000000001 1.5000000000000002 216144.00000000003 2018.5000000000002 71.500000000000014
decision_type=8 8 2 2 2 8 8 10 8 10 2 10 10 10
left_child=4 2 3 5 7 10 -5 -1 9 11 -2 -8 -9 -4
right_child=1 -3 13 6 -6 -7 8 12 -10 -11 -12 -13 -14 -15
leaf_value=-0.010783449232446989 0.0042912795650048982 -0.0049960275754213929 -0.0035099105507276104 -0.00058312909462355839 0.001103723251051094 -0.0023248295088611572 0.0011329180226510279 -0.0012451118643357385 0.010844323526946921 0.0025652054742387013 -0.00042249190130151741 -0.0026401084961778639 0.0014328940933000937 0.00047686040019163207
leaf_weight=0.83285402058390878 0.62827827816363524 0.59882791589188844 0.19923662237124506 0.11523264576680925 0.03276411970728077 0.34583513185498316 0.061903239577077218 0.063750697998329997 1.3854513539408799 0.24131394870346412 0.18815162213286385 0.080809558072360232 0.081193414342124015 0.02398784743854776
leaf_count=2809 113 1483 320 236 50 192 32 151 187 64 64 21 165 43
internal_value=2.03394e-08 0.00377898 0.00617951 0.0074398 -0.0091516 0.00155234 0.00927376 -0.00987954 0.00989444 0.00110823 0.00357042 -0.00144429 0.000196295 -0.00304189
internal_weight=4.87959 3.86903 3.2702 3.04698 1.01056 1.16227 1.88471 0.977798 1.76948 0.384027 0.81643 0.142713 0.144944 0.223224
internal_count=5930 2755 1272 909 3175 369 540 3125 304 117 177 53 316 363
is_linear=0
shrinkage=0.025


Tree=96
num_leaves=15
num_cat=0
split_feature=11 2 7 7 3 5 3 7 3 8 6 3 35 6
split_gain=0.346794 0.208312 0.107076 0.0678127 0.0427042 0.0342711 0.0327675 0.0165422 0.0153232 0.0141063 0.0137588 0.0106259 0.00689585 0.00604952
threshold=12.582556829267018 2023.5000000000002 26.500000000000004 3.5000000000000004 202073.50000000003 71.500000000000014 234793.50000000003 1.5000000000000002 234793.50000000003 3.9887000000000001 75.500000000000014 216144.00000000003 1.0000000180025095e-35 71.500000000000014
decision_type=8 8 2 2 8 8 8 2 8 10 8 10 2 10
left_child=4 2 3 6 -1 -5 7 -2 9 11 -6 -7 -12 -4
right_child=1 -3 13 5 10 8 -8 -9 -10 -11 12 -13 -14 -15
leaf_value=0.0009704196431038572 0.0039088433338923959 -0.0051168331450166917 -0.0034131908928277384 -0.00049808466007909879 -3.2183365068057253e-05 0.0011582096073982486 -0.0022889294088584795 -0.0009291287580204899 0.010790559298217168 0.0026015469164144345 -0.010369652986519385 -0.0026353313285291044 3.8617396390984387e-05 0.00050547790916777215
leaf_weight=0.075452901553944574 0.64386827213456954 0.56643283029552538 0.19710261549334962 0.11457224615151029 0.09458388174243737 0.062312045309226849 0.34773707247222785 0.1649722924339585 1.3856256020953879 0.24233176113921218 0.78641681269800756 0.080718604207504541 0.033123049448477104 0.02405674263718538
leaf_count=206 113 1483 320 236 229 32 192 64 186 64 2672 21 69 43
internal_value=7.80686e-09 0.00361848 0.00597928 0.0071892 -0.00878389 0.00928811 0.00104719 0.00295394 0.00987249 0.00116526 -0.00967537 -0.00141525 -0.010159 -0.00292206
internal_weight=4.81931 3.82973 3.2633 3.04214 0.989577 1.88556 1.15658 0.808841 1.77099 0.385362 0.914124 0.143031 0.81954 0.221159
internal_count=5930 2754 1271 908 3176 539 369 177 303 117 2970 53 2741 363
is_linear=0
shrinkage=0.025


Tree=97
num_leaves=15
num_cat=0
split_feature=11 12 13 6 31 10 2 35 6 5 0 2 0 2
split_gain=0.336311 0.201913 0.0971384 0.0420159 0.0349688 0.0331459 0.00746527 0.00655505 0.00566485 0.00271126 0.00528388 0.00264578 0.00166232 0.000939477
threshold=12.582556829267018 2.5000000000000004 17.500000000000004 68.500000000000014 1.0000000180025095e-35 3.5000000000000004 2018.5000000000002 1.0000000180025095e-35 71.500000000000014 71.500000000000014 5.552150000000001 1989.5000000000002 5.5582500000000001 2011.5000000000002
decision_type=8 10 8 10 2 8 10 2 10 8 10 8 8 10
left_child=3 -2 8 4 7 -4 -5 11 12 10 -7 -1 -3 -9
right_child=1 2 5 6 -6 9 -8 13 -10 -11 -12 -13 -14 -15
leaf_value=3.1108089775570388e-05 -0.0050425071353200051 0.0001152453450207931 0.0088463680712779821 -0.0012025892846690086 0.00090939695831972504 -0.0013994329704773915 0.0017997101141784641 -0.00052728831506216505 0.00051325411390225882 0.0020936108392973743 0.0011264713446578103 -0.010696074634188393 -0.0032906038996499232 0.00054735365764517203
leaf_weight=0.0086541519849560045 0.56399446236901019 0.025989405898144802 1.7156142295571046 0.062876859359676018 0.021962135535432026 0.057728670479263777 0.092320860567269847 0.022180914733326063 0.028692245832644403 1.2016718798549846 0.039025587495416403 0.76172109734034166 0.18595997060765512 0.011991606617812067
leaf_count=30 1483 52 212 151 34 134 181 48 48 451 52 2709 322 23
internal_value=1.01106e-08 0.00356534 0.00589155 -0.00866937 -0.00978249 0.00705598 0.000595272 -0.0104166 -0.00262469 0.0018707 -0.000282459 -0.0106261 -0.00312248 1.44398e-05
internal_weight=4.80038 3.81868 3.25468 0.981708 0.82651 3.01404 0.155198 0.804548 0.240642 1.29843 0.0967543 0.770375 0.211949 0.0341725
internal_count=5930 2754 1271 3176 2844 849 332 2810 422 637 186 2739 374 71
is_linear=0
shrinkage=0.025


Tree=98
num_leaves=15
num_cat=0
split_feature=11 2 7 7 3 5 3 7 3 8 6 3 35 6
split_gain=0.324754 0.195388 0.101989 0.0684393 0.042885 0.0326857 0.0320752 0.016862 0.0158033 0.0140592 0.0140467 0.0106951 0.00689444 0.00610488
threshold=12.582556829267018 2023.5000000000002 26.500000000000004 3.5000000000000004 202073.50000000003 71.500000000000014 234793.50000000003 1.5000000000000002 234793.50000000003 3.9887000000000001 75.500000000000014 216144.00000000003 1.0000000180025095e-35 71.500000000000014
decision_type=8 8 2 2 8 8 8 2 8 10 8 10 2 10
left_child=4 2 3 6 -1 -5 7 -2 9 11 -6 -7 -12 -4
right_child=1 -3 13 5 10 8 -8 -9 -10 -11 12 -13 -14 -15
leaf_value=0.0010131472881313205 0.0038311813021799424 -0.0049681849179937067 -0.0033720697491333991 -0.00048207056798625679 -6.4736754074746754e-06 0.0011548463339155254 -0.0023195347762032591 -0.00097855177175127793 0.010583049226785468 0.0025561137383491046 -0.010162704924336846 -0.0026596284474852232 4.5867689666547497e-05 0.00051731864895707472
leaf_weight=0.075391784106613957 0.6435835195297851 0.56157340425124846 0.19601053168298666 0.11471980603528176 0.094776174053549767 0.062242290499852859 0.34833452061866421 0.16517551805009134 1.3708708505728282 0.24045141736860387 0.76898493098269682 0.079477164370473474 0.033168625959660858 0.024145257455529645
leaf_count=206 113 1483 320 236 229 32 192 64 186 64 2672 21 69 43
internal_value=8.48554e-09 0.00350517 0.00579647 0.00698393 -0.00854214 0.00909424 0.000940698 0.00285095 0.0096684 0.00110439 -0.009456 -0.00144018 -0.00994936 -0.00287113
internal_weight=4.77891 3.80658 3.24501 3.02486 0.972322 1.86776 1.15709 0.808759 1.75304 0.382171 0.89693 0.141719 0.802154 0.220156
internal_count=5930 2754 1271 908 3176 539 369 177 303 117 2970 53 2741 363
is_linear=0
shrinkage=0.025


Tree=99
num_leaves=15
num_cat=0
split_feature=11 2 7 7 3 5 3 7 6 3 8 3 35 6
split_gain=0.315045 0.190744 0.0998339 0.068416 0.0427632 0.0319262 0.0315666 0.0168276 0.0143045 0.0133078 0.0135819 0.0105613 0.00706819 0.00611847
threshold=12.582556829267018 2023.5000000000002 26.500000000000004 3.5000000000000004 202073.50000000003 71.500000000000014 234793.50000000003 1.5000000000000002 68.500000000000014 234793.50000000003 3.9887000000000001 216144.00000000003 1.0000000180025095e-35 71.500000000000014
decision_type=8 8 2 2 8 8 8 2 10 8 10 10 2 10
left_child=4 2 3 6 -1 -5 7 -2 12 10 11 -7 -6 -4
right_child=1 -3 13 5 8 9 -8 -9 -10 -11 -12 -13 -14 -15
leaf_value=0.0010259586341605498 0.0037903630913805348 -0.004919911194082814 -0.0033525095545389712 -0.00047249033512686999 -0.010183201859563559 0.001161431137396383 -0.0023181192482320347 -0.00099048539651664237 -0.00016119875967558265 0.010458198763474529 0.0025557786976857675 -0.0026137621082685733 5.010542474300083e-05 0.00052186320637690365
leaf_weight=0.07566182842128899 0.64354158978676523 0.55960641830461089 0.19545912274043065 0.11479159249574844 0.72234401915920898 0.062573212082497665 0.34899282513652008 0.16547363027348183 0.13351960552972741 1.362522992742015 0.24013124173507094 0.078900195454480127 0.033244830439798534 0.024206548026995733
leaf_count=206 113 1483 320 236 2604 32 192 64 297 186 64 21 69 43
internal_value=-4.69641e-09 0.00345405 0.00572145 0.00689899 -0.00843169 0.00901202 0.000902735 0.00280552 -0.00935358 0.00958095 0.00114622 -0.00138933 -0.00996088 -0.00284774
internal_weight=4.76097 3.7962 3.23659 3.01693 0.96477 1.85892 1.15801 0.809015 0.889108 1.74413 0.381605 0.141473 0.755589 0.219666
internal_count=5930 2754 1271 908 3176 539 369 177 2970 303 117 53 2673 363
is_linear=0
shrinkage=0.025


Tree=100
num_leaves=15
num_cat=0
split_feature=0 12 7 7 3 5 3 7 6 3 9 3 3 3
split_gain=0.305356 0.185718 0.0976092 0.0669063 0.0426299 0.0312613 0.0310918 0.0168234 0.0145014 0.0120774 0.0132581 0.0104947 0.00788148 0.0747815
threshold=5.4644500000000011 2.5000000000000004 26.500000000000004 3.5000000000000004 202073.50000000003 71.500000000000014 234793.50000000003 1.5000000000000002 68.500000000000014 234793.50000000003 0.87000090909090921 216144.00000000003 293119.50000000006 295380.00000000006
decision_type=8 10 2 2 8 8 8 2 10 8 10 10 10 10
left_child=4 -2 3 6 -1 -5 7 -3 -6 10 11 -7 -11 -14
right_child=1 2 -4 5 8 9 -8 -9 -10 12 -12 -13 13 -15
leaf_value=0.0010390326295534851 -0.0048643457985797917 0.0037667407615134666 -0.0028233864649718082 -0.00046905088056452688 -0.0098626776970814154 0.0011645940535056235 -0.002303661769023121 -0.00099832261763763293 -0.00014571375910527672 0.011240429167913558 0.0025397127796778422 -0.0025920104254323634 -0.0040051164416171018 0.0050248239161817965
leaf_weight=0.075911714797257335 0.55748134707391761 0.64496859139762874 0.21924071107059706 0.1148018044477791 0.74744599955738522 0.062597295473096781 0.34922803135123115 0.16571439756080508 0.13369755432358943 1.0078721351746933 0.24027932807803154 0.078005202260101214 0.11303257907275122 0.23271458005183376
leaf_count=206 1483 113 363 236 2672 32 192 64 297 130 65 20 6 51
internal_value=-2.20292e-09 0.003402 0.00564223 0.00680939 -0.00831953 0.00890605 0.000890891 0.00277929 -0.00924953 0.00947118 0.00115379 -0.00136481 0.0103269 0.00129025
internal_weight=4.74299 3.78594 3.22845 3.00921 0.957055 1.8493 1.15991 0.810683 0.881144 1.7345 0.380882 0.140602 1.35362 0.345747
internal_count=5930 2755 1272 909 3175 540 369 177 2969 304 117 52 187 57
is_linear=0
shrinkage=0.025


Tree=101
num_leaves=15
num_cat=0
split_feature=11 12 10 3 3 3 0 8 6 9 7 3 0 35
split_gain=0.321599 0.199959 0.117481 0.0552119 0.0416189 0.0380672 0.027007 0.0141493 0.0128477 0.0098084 0.00735283 0.0175791 0.00740028 0.00656889
threshold=12.582556829267018 2.5000000000000004 1.5000000000000002 245183.50000000003 202073.50000000003 215386.50000000003 5.552150000000001 4.0059000000000013 75.500000000000014 4.767500000000001 2.5000000000000004 234793.50000000003 5.5099500000000008 1.0000000180025095e-35
decision_type=8 10 8 10 8 8 10 10 8 10 2 8 8 2
left_child=4 -2 3 7 -1 -4 10 -3 -6 -9 11 -7 -12 -10
right_child=1 2 5 -5 8 6 -8 9 13 -11 12 -13 -14 -15
leaf_value=0.00097392311025255602 -0.0050382137313253784 -0.0019241667947392375 0.0033264744683625664 0.010680966755467798 -4.8478779277101377e-05 0.0018427734160443628 0.0018719451247196752 0.0028610161553270018 -0.010087796417394261 -0.00091979356540712533 0.00042779994233797266 -0.0022994623203108685 -0.0046669040499336669 3.5860916252414244e-05
leaf_weight=0.077735374739859142 0.5694772771385036 0.12021173798712004 0.47252839076099884 1.2020080799411514 0.097518131005926989 0.31762874330161139 0.19436301925452426 0.22057114902418107 0.76524263729515951 0.08325936907203868 0.026129859092179686 0.25745679627289064 0.34740800724830478 0.033760171616449952
leaf_count=206 1483 25 162 93 229 38 247 35 2672 51 48 89 483 69
internal_value=1.24364e-09 0.00348655 0.00581891 0.00908581 -0.00849632 0.00031408 -0.00190241 0.000238915 -0.00939802 0.00191413 -0.00323953 -0.000294196 -0.00425853 -0.00987788
internal_weight=4.7853 3.81104 3.24157 1.62605 0.974256 1.61551 1.14299 0.424042 0.896521 0.303831 0.948623 0.575086 0.373538 0.799003
internal_count=5930 2754 1271 204 3176 1067 905 111 2970 86 658 127 531 2741
is_linear=0
shrinkage=0.025


Tree=102
num_leaves=15
num_cat=0
split_feature=11 2 10 9 31 6 9 11 2 35 8 0 2 9
split_gain=0.312523 0.193636 0.114577 0.047655 0.0411161 0.0345631 0.0326722 0.0147881 0.00663196 0.00623464 0.00346792 0.00283882 0.00275256 0.00256503
threshold=12.582556829267018 2023.5000000000002 1.5000000000000002 1.7818892857142858 1.0000000180025095e-35 68.500000000000014 4.3841888888888887 13.127878339583118 2018.5000000000002 1.0000000180025095e-35 5.3560000000000008 5.4976000000000012 1989.5000000000002 5.5109375000000007
decision_type=8 8 8 10 2 10 10 10 10 2 8 8 8 10
left_child=4 2 3 -2 5 9 10 11 -7 12 -4 -8 -1 -9
right_child=1 -3 6 -5 -6 8 7 13 -10 -11 -12 -13 -14 -15
leaf_value=3.788930121754772e-05 0.00016352102969426164 -0.0049594358751235117 -0.00035082898574970861 0.01034190073940424 0.0011900616473757496 -0.0012273191669432216 0.00017640741617443211 0.0014689905180618468 0.0015725443136488017 1.0471104081833093e-05 0.0023291953469500369 -0.0041153296220938253 -0.010439908561594873 -0.00050552324811227369
leaf_weight=0.0085354121692943208 0.36698919246555384 0.56693452874605998 0.07615815466851894 1.2473594700277315 0.033966469578444958 0.064404854929307476 0.01865527985501092 0.068084131286013871 0.083435053325956687 0.034886770910816267 1.1726722548191901 0.23626667019561864 0.74197516265849117 0.047087607905268669
leaf_count=30 54 1483 63 150 50 151 36 73 165 71 387 455 2709 53
internal_value=1.36607e-09 0.00343926 0.00573558 0.00897566 -0.00839219 -0.00917613 0.000311106 -0.00282336 0.000346203 -0.0101585 0.00208243 -0.00391096 -0.0103672 0.000932303
internal_weight=4.76741 3.80021 3.23327 1.61435 0.967204 0.933237 1.61892 0.370094 0.14784 0.785397 1.24883 0.254922 0.750511 0.115172
internal_count=5930 2754 1271 204 3176 3126 1067 617 316 2810 450 491 2739 126
is_linear=0
shrinkage=0.025


Tree=103
num_leaves=15
num_cat=0
split_feature=0 12 10 12 3 12 3 8 3 0 9 8 6 8
split_gain=0.303105 0.176612 0.119363 0.0846341 0.0548562 0.0420061 0.0418693 0.0137133 0.013286 0.0124538 0.00986492 0.00968148 0.00960437 0.00922759
threshold=5.4644500000000011 2.5000000000000004 1.5000000000000002 9.5000000000000018 245183.50000000003 36.500000000000007 214022.50000000003 4.0059000000000013 177420.50000000003 5.6023000000000005 4.767500000000001 4.9223000000000008 75.500000000000014 5.4958500000000008
decision_type=8 10 8 10 10 8 8 10 8 10 10 8 8 8
left_child=6 -2 4 13 7 8 -1 -3 -5 11 -9 -10 -8 -4
right_child=1 2 3 5 -6 -7 12 10 9 -11 -12 -13 -14 -15
leaf_value=0.00087827672925122168 -0.0046924981160683006 -0.0019230465241160375 -0.000470281851797682 0.00061932124618758588 0.010490111320006223 0.0015223295640331041 -0.00012238742286488561 0.0028188720792829292 0.00034167978973706969 0.00028662611769723987 -0.00094193063564163449 -0.0064246005947921365 -0.0097076643597275789 0.0052017925222044613
leaf_weight=0.10711725500004821 0.55864755743823513 0.119562498701271 0.028865940083050989 0.044921967899426485 1.1797469837183596 0.40436147528816957 0.094651900726603344 0.21861526786233298 0.038706876337528229 0.1218507313169539 0.083297673059860244 0.55753086254117079 0.75841567893803585 0.43163077143253759
leaf_count=312 1483 25 35 12 93 80 221 35 2 152 51 513 2642 274
internal_value=8.10195e-09 0.00339028 0.00556756 0.000159131 0.00889103 -0.00301979 -0.00828071 0.000184146 -0.00492505 -0.00543049 0.00185475 -0.00604647 -0.00928411 0.00476769
internal_weight=4.74792 3.78774 3.22909 1.62787 1.60122 1.16737 0.960185 0.421475 0.76301 0.718088 0.301913 0.596238 0.853068 0.460497
internal_count=5930 2755 1272 1068 204 759 3175 111 679 667 86 515 2863 309
is_linear=0
shrinkage=0.025


Tree=104
num_leaves=15
num_cat=0
split_feature=11 12 10 12 3 3 12 8 3 0 6 8 9 8
split_gain=0.294182 0.171189 0.115468 0.0837654 0.0541159 0.0418794 0.0413627 0.0134266 0.0132395 0.0129394 0.00986199 0.00968608 0.00965895 0.009197
threshold=12.582556829267018 2.5000000000000004 1.5000000000000002 9.5000000000000018 245183.50000000003 214022.50000000003 36.500000000000007 4.0059000000000013 177420.50000000003 5.6023000000000005 75.500000000000014 4.9223000000000008 4.767500000000001 5.4958500000000008
decision_type=8 10 8 10 10 8 10 10 8 10 8 8 10 8
left_child=5 -2 4 13 7 -1 8 -3 -5 11 -7 -10 -9 -4
right_child=1 2 3 6 -6 10 -8 12 9 -11 -12 -13 -14 -15
leaf_value=0.00089573455365646369 -0.0046208649105268325 -0.0019156640742684168 -0.00047043568093544166 0.00062112429255754874 0.010360938302982743 -0.00010799940062223915 0.0015057089642204074 0.0027810822163224832 0.00034333654563305569 0.00031196647104999106 -0.0096156992431344849 -0.0064100275793574097 -0.00093569934540901315 0.0051850220256761392
leaf_weight=0.10744666980463069 0.55657916951167896 0.11953078108490478 0.028868663677712791 0.045186769828432949 1.170664770848816 0.094805188768077642 0.40668196132173762 0.21626501594437286 0.038667958229780197 0.12218002931331284 0.75119125553464983 0.55527461864403449 0.083216550148790702 0.43160907324636355
leaf_count=312 1483 25 35 12 93 221 80 35 2 152 2643 512 51 274
internal_value=1.9029e-09 0.00334369 0.00549008 0.000168727 0.00877115 -0.00817285 -0.00299605 0.000158084 -0.00489038 -0.00539743 -0.00918592 -0.00603079 0.00182301 0.00475112
internal_weight=4.72817 3.77473 3.21815 1.62847 1.58968 0.953443 1.16799 0.419012 0.761309 0.716123 0.845996 0.593943 0.299482 0.460478
internal_count=5930 2754 1271 1067 204 3176 758 111 678 666 2864 514 86 309
is_linear=0
shrinkage=0.025


Tree=105
num_leaves=15
num_cat=0
split_feature=0 28 3 1 3 9 8 6 7 35 9 0 2 8
split_gain=0.325214 0.184975 0.078345 0.0447887 0.0394836 0.0392623 0.0160515 0.0119402 0.00827248 0.00566722 0.00525181 0.00438702 0.0034083 0.00334649
threshold=5.4644500000000011 1.0000000180025095e-35 288563.50000000006 3.5000000000000004 200221.00000000003 2.2033166666666673 6.1307000000000009 75.500000000000014 3.5000000000000004 1.0000000180025095e-35 5.3003500000000008 5.5356500000000013 2020.5000000000002 4.0173500000000013
decision_type=8 2 8 10 8 8 10 8 2 2 10 8 10 8
left_child=4 3 5 11 -1 -3 -4 12 -7 -9 -5 -2 -6 -13
right_child=1 2 6 10 7 8 -8 9 -10 -11 -12 13 -14 -15
leaf_value=0.00092711134967310253 0.00019482984572537706 0.00033283493785129067 -0.0032582959459120267 0.0027346580929788222 -0.0010516365615438109 0.0026654670821172955 0.0012662081124134297 -0.010084747874075078 0.010551199554614707 8.328993575863918e-06 -0.00051862236609931031 5.1825116677151555e-05 0.00096409859577580416 -0.0052290811112202162
leaf_weight=0.072900691986433119 0.029263543809065817 0.49500296695623625 0.1341731657157651 0.10305042754043825 0.0574482461088337 1.0415460864896884 0.15580936428159475 0.76065016233769711 0.90241486579179753 0.033787772321375087 0.057132882735459134 0.057875749800587073 0.044395028031431139 0.84469345059187617
leaf_count=186 56 26 82 136 140 75 5 2687 29 69 81 147 93 2118
internal_value=1.18753e-09 0.00349672 0.00637715 -0.003309 -0.00856069 0.00756391 -0.00173024 -0.00941435 0.0086667 -0.00989006 0.00212743 -0.00486103 -9.54323e-05 -0.0050412
internal_weight=4.79014 3.82096 2.72895 1.09202 0.969182 2.43896 0.289983 0.896281 1.94396 0.794438 0.160183 0.931833 0.101843 0.902569
internal_count=5930 2755 217 2538 3175 130 87 2989 104 2756 217 2321 233 2265
is_linear=0
shrinkage=0.025


Tree=106
num_leaves=15
num_cat=0
split_feature=11 28 3 1 31 9 20 8 3 2 35 9 0 3
split_gain=0.318816 0.177673 0.0672346 0.0448824 0.0409083 0.0307689 0.027482 0.0185947 0.0150202 0.00657967 0.00532628 0.00528398 0.00440771 0.00426897
threshold=12.582556829267018 1.0000000180025095e-35 288563.50000000006 3.5000000000000004 1.0000000180025095e-35 1.6091444444444447 1.0000000180025095e-35 6.1307000000000009 215386.50000000003 2018.5000000000002 1.0000000180025095e-35 5.3003500000000008 5.5356500000000013 236032.00000000003
decision_type=8 2 8 10 2 10 2 10 8 10 2 10 8 10
left_child=4 3 5 12 6 8 9 -4 -3 -1 -8 -5 -2 -10
right_child=1 2 7 11 -6 -7 10 -9 13 -11 -12 -13 -14 -15
leaf_value=-0.0013297101139804588 0.00020125846687580446 0.0037900205758034386 -0.0032194098373656624 0.0027749323168484836 0.0011704924457324095 0.0097778304563075624 -0.010327819507036099 0.0015238430566895814 -0.0010542187355763344 0.001436282212593382 -1.6194447765839324e-05 -0.00051222493114414002 -0.004956971631247812 0.00088015937571389472
leaf_weight=0.068312883522594237 0.029449425899656712 0.53218861995264943 0.13385299674700935 0.10376675997395068 0.034263675013789907 1.0213635995751245 0.74369874157127924 0.15055824560113251 0.45630989456549298 0.085921672289259732 0.03508241887902841 0.05742590210866183 0.90360044011322316 0.4134328537620604
leaf_count=160 56 40 82 135 50 37 2725 5 26 170 71 81 2265 27
internal_value=-1.7796e-09 0.00347268 0.00630667 -0.00320291 -0.00847649 0.0073848 -0.00925302 -0.00147699 0.0022964 0.00012055 -0.0101336 0.00217125 -0.00477427 -0.000155756
internal_weight=4.76923 3.80195 2.70771 1.09424 0.967279 2.42329 0.933016 0.284411 1.40193 0.154235 0.778781 0.161193 0.93305 0.869743
internal_count=5930 2754 217 2537 3176 130 3126 87 93 330 2796 216 2321 53
is_linear=0
shrinkage=0.025


Tree=107
num_leaves=15
num_cat=0
split_feature=11 28 9 1 31 3 3 6 2 2 3 2 35 2
split_gain=0.311598 0.170698 0.063835 0.0448402 0.040603 0.0391751 0.031817 0.0300851 0.0104052 0.00854757 0.00784002 0.00649058 0.00539904 0.00437891
threshold=12.582556829267018 1.0000000180025095e-35 1.7818892857142858 1.5000000000000002 1.0000000180025095e-35 246243.00000000003 215386.50000000003 68.500000000000014 1982.5000000000002 2016.5000000000002 227780.00000000003 2018.5000000000002 1.0000000180025095e-35 2012.5000000000002
decision_type=8 2 10 10 2 10 8 10 8 10 8 10 2 10
left_child=4 3 6 -2 7 10 -3 12 -8 -5 -4 -9 -1 -10
right_child=1 2 5 9 -6 -7 8 11 13 -11 -12 -13 -14 -15
leaf_value=-0.010286471820499684 -0.0048318206524766887 0.0037349172759867095 0.0014541405650846737 -0.00064808104769622729 0.0011732759798214754 0.010330691784843108 0.0011031470228600696 -0.0012742804753955513 -0.0026402106983485938 0.0030323174618014869 -0.0014880491076045164 0.0014807999385712614 -1.3273069366816866e-05 0.00020754797023308532
leaf_weight=0.74122430237184733 0.86006913450546585 0.53160327742807578 0.15171900205314137 0.17072646657470614 0.034294925251742825 0.9018093382474035 0.22110339824575942 0.066106985759688541 0.51789182174252346 0.062903568206820637 0.11319472652394325 0.084888541663531214 0.035206284985179082 0.25901591707952321
leaf_count=2739 2212 40 11 258 50 32 12 151 65 67 39 165 71 18
internal_value=2.76981e-09 0.00343699 0.00621872 -0.00311563 -0.00839227 0.00907605 0.00131294 -0.0091712 -0.00120079 0.00199763 1.4446e-05 0.000215451 -0.0100903 -0.0021083
internal_weight=4.75176 3.79004 2.69634 1.0937 0.961721 1.16672 1.52961 0.927426 0.998011 0.23363 0.264914 0.150996 0.776431 0.776908
internal_count=5930 2754 217 2537 3176 82 135 3126 95 325 50 316 2810 83
is_linear=0
shrinkage=0.025


Tree=108
num_leaves=15
num_cat=0
split_feature=11 28 9 1 31 6 2 2 2 2 35 8 11 2
split_gain=0.303816 0.163074 0.0618582 0.0448678 0.0404273 0.0302124 0.0124639 0.019803 0.00848506 0.0065424 0.00544709 0.00362524 0.00353872 0.00269849
threshold=12.582556829267018 1.0000000180025095e-35 1.7818892857142858 1.5000000000000002 1.0000000180025095e-35 68.500000000000014 2012.5000000000002 2003.5000000000002 2016.5000000000002 2018.5000000000002 1.0000000180025095e-35 4.0173500000000013 12.746378152268973 1989.5000000000002
decision_type=8 2 10 10 2 10 10 8 10 10 2 8 8 8
left_child=4 3 6 11 5 10 7 -3 -5 -7 13 -2 -13 -1
right_child=1 2 -4 8 -6 9 -8 -9 -10 -11 -12 12 -14 -15
leaf_value=3.8835201225755849e-05 8.6786632552999271e-05 0.0014448074553512782 0.0089422684562550595 -0.00063150235668874369 0.0011806704929685501 -0.0012724077608779309 0.0028130071838044987 -0.0026481291286233888 0.0030602519134811535 0.0014945966983061195 -9.8248797457437231e-06 0.00017714229887475619 -0.0051000668594411262 -0.01028110414029672
leaf_weight=0.0084093616605968036 0.057941971463151498 0.76528304640669387 1.1562730532023122 0.17106358311139047 0.034395810245769098 0.066169793863082305 0.47197279683314253 0.29206304316176113 0.063469499029451981 0.085109779029153287 0.035324251075508073 0.014704145200084895 0.78531432872114237 0.726302676499472
leaf_count=30 147 46 82 258 50 151 30 59 67 165 71 27 2038 2709
internal_value=9.32699e-09 0.00339736 0.00611885 -0.0030197 -0.00830022 -0.00908446 0.00129269 -0.000423388 0.00203717 0.000230351 -0.0100107 -0.00475449 -0.00495855 -0.0102087
internal_weight=4.7338 3.77809 2.68559 1.09249 0.955712 0.921316 1.52932 1.05735 0.234533 0.15128 0.770036 0.85796 0.800018 0.734712
internal_count=5930 2754 217 2537 3176 3126 135 105 325 316 2810 2212 2065 2739
is_linear=0
shrinkage=0.025


Tree=109
num_leaves=15
num_cat=0
split_feature=11 28 9 1 3 3 3 6 2 3 2 35 7 8
split_gain=0.295381 0.155088 0.0606482 0.0447597 0.0402879 0.0393158 0.0309965 0.00958889 0.00842777 0.00767074 0.00603654 0.00588137 0.00489056 0.00367164
threshold=12.582556829267018 1.0000000180025095e-35 1.7818892857142858 1.5000000000000002 202073.50000000003 246243.00000000003 215386.50000000003 75.500000000000014 2016.5000000000002 227780.00000000003 1982.5000000000002 1.0000000180025095e-35 1.5000000000000002 4.0173500000000013
decision_type=8 2 10 10 8 10 8 8 10 8 10 2 2 8
left_child=4 3 6 13 -1 9 -3 -6 -5 -4 12 -9 -8 -2
right_child=1 2 5 8 7 -7 10 11 -10 -11 -12 -13 -14 -15
leaf_value=0.00097723656350990284 9.5678206178495041e-05 0.0036520439587121398 0.0014038443970762534 -0.00061654926701394544 -0.00013561274249344015 0.010072949170149191 0.0015929841722350721 -0.0097480886732516005 0.0030864700493589562 -0.001507649309671155 -0.0018740775383975399 2.4145983158099647e-05 -0.00083194789058847046 -0.0048791344165865953
leaf_weight=0.07893555330520019 0.057829120720271243 0.53037396224681299 0.15052350156474836 0.17117446777410805 0.10070868156617507 0.88415571802761406 0.12345081666717317 0.73466190052567981 0.06393660232424736 0.11302636883920059 0.74498497880995274 0.034321642509894446 0.12973607442108914 0.79704003492952324
leaf_count=206 147 40 11 258 229 32 13 2672 67 39 49 69 33 2065
internal_value=-7.32811e-10 0.00335266 0.00600738 -0.00292111 -0.00820042 0.00880759 0.0012531 -0.00911055 0.00207408 -4.97784e-05 -0.00121135 -0.00954484 0.000678077 -0.00467245
internal_weight=4.71486 3.76623 2.67625 1.08998 0.948628 1.14771 1.52855 0.869692 0.235111 0.26355 0.998172 0.768984 0.253187 0.854869
internal_count=5930 2754 217 2537 3176 82 135 2970 325 50 95 2741 46 2212
is_linear=0
shrinkage=0.025


Tree=110
num_leaves=15
num_cat=0
split_feature=11 2 7 7 3 3 3 28 2 2 2 6 2 6
split_gain=0.288299 0.151768 0.102208 0.0618508 0.0451955 0.0433548 0.0401686 0.0239083 0.0175219 0.016095 0.0153469 0.00955006 0.00879077 0.00644064
threshold=12.582556829267018 2023.5000000000002 26.500000000000004 3.5000000000000004 245183.50000000003 234793.50000000003 202073.50000000003 1.0000000180025095e-35 2013.5000000000002 2012.5000000000002 1988.5000000000002 75.500000000000014 1982.5000000000002 71.500000000000014
decision_type=8 8 2 2 10 8 8 2 10 10 10 8 10 10
left_child=6 2 3 5 8 9 -1 -6 -5 10 -2 -8 -7 -4
right_child=1 -3 13 4 7 12 11 -9 -10 -11 -12 -13 -14 -15
leaf_value=0.00098615550812265274 0.0017485614952150296 -0.0042497105776331959 -0.0035438382489700036 -0.0017374134513966106 5.312343784402029e-05 0.00064217518785557835 -0.00013099055340153742 0.010967791279961905 0.002507480305422095 0.0046657538796389449 -0.0021332815754990932 -0.0094653352194538926 -0.0034436419657399285 0.00051596243112431574
leaf_weight=0.079257141886046045 0.34923835375229928 0.55358704976970319 0.20445402435143467 0.27896891359705467 0.14387330543831889 0.081477876083226985 0.10080825525801629 1.0812999177724123 0.19087275327183306 0.36459767242195085 0.20788790605729446 0.76277424079307821 0.27448639224166982 0.025020313827553764
leaf_count=206 24 1483 320 121 251 7 229 21 146 95 58 2741 185 43
internal_value=7.10502e-09 0.00331496 0.00532283 0.00657159 0.00877621 0.00107783 -0.00811448 0.010286 0.000519779 0.00319991 -0.000139705 -0.00903069 -0.00272454 -0.00304156
internal_weight=4.6986 3.75576 3.20218 2.9727 1.69501 1.27769 0.94284 1.22517 0.469842 0.921724 0.557126 0.863582 0.355964 0.229474
internal_count=5930 2754 1271 908 539 369 3176 272 267 177 82 2970 192 363
is_linear=0
shrinkage=0.025


Tree=111
num_leaves=15
num_cat=0
split_feature=11 12 7 7 3 3 3 28 2 2 2 31 2 2
split_gain=0.280545 0.147498 0.100196 0.0615789 0.0429108 0.0425247 0.0400449 0.0230082 0.0176281 0.0159218 0.0152351 0.00897045 0.00868677 0.00655007
threshold=12.582556829267018 2.5000000000000004 26.500000000000004 3.5000000000000004 234793.50000000003 245183.50000000003 214022.50000000003 1.0000000180025095e-35 2013.5000000000002 2012.5000000000002 1988.5000000000002 1.0000000180025095e-35 1982.5000000000002 1989.5000000000002
decision_type=8 10 2 2 8 10 8 2 10 10 10 2 10 8
left_child=6 -2 3 4 9 8 -1 -7 -5 10 -3 13 -6 -8
right_child=1 2 -4 5 12 7 11 -9 -10 -11 -12 -13 -14 -15
leaf_value=0.00086605426953989756 -0.0041901474318766776 0.0017383550989638801 -0.0030193553767476154 -0.0017251198524094614 0.00063461053316635403 6.3381479771437634e-05 0.00017637947362657977 0.010846052896801702 0.002536759160987891 0.0046240224863661637 -0.0021285610083589097 0.00023536656447412926 -0.0034379296767356503 -0.0093659459223983405
leaf_weight=0.10840424393245474 0.55193367642641566 0.35020902589894887 0.22911882770131331 0.27785812490037631 0.081499725347384921 0.14409704160061632 0.0087416337773902342 1.0712978336960077 0.19216410937951878 0.36375410997425206 0.20821529600652866 0.014365799142979085 0.27488859204459004 0.8049510153796291
leaf_count=312 1483 24 363 121 7 251 30 21 146 95 58 23 185 2811
internal_value=3.12674e-09 0.00327257 0.00525418 0.00649409 0.00104661 0.00869798 -0.00801899 0.0101733 0.000557662 0.00316381 -0.000144131 -0.00901963 -0.00272536 -0.00922271
internal_weight=4.6815 3.74504 3.1931 2.96398 1.27857 1.68542 0.936463 1.21539 0.470022 0.922178 0.558424 0.828058 0.356388 0.813693
internal_count=5930 2754 1271 908 369 539 3176 272 267 177 82 2864 192 2841
is_linear=0
shrinkage=0.025


Tree=112
num_leaves=15
num_cat=0
split_feature=11 12 7 7 3 3 3 2 2 28 2 31 2 2
split_gain=0.269043 0.138403 0.0965801 0.0658964 0.0405398 0.0404809 0.0400945 0.0217614 0.0188542 0.0169691 0.00985545 0.00898505 0.00863712 0.00652804
threshold=12.582556829267018 2.5000000000000004 26.500000000000004 3.5000000000000004 234793.50000000003 234793.50000000003 214022.50000000003 2014.5000000000002 2012.5000000000002 1.0000000180025095e-35 1988.5000000000002 1.0000000180025095e-35 1982.5000000000002 1989.5000000000002
decision_type=8 10 2 2 10 8 8 10 10 2 10 2 10 8
left_child=6 -2 3 5 7 8 -1 -5 10 -6 -3 13 -7 -8
right_child=1 2 -4 4 9 12 11 -9 -10 -11 -12 -13 -14 -15
leaf_value=0.00089226698369170596 -0.0040367617946126463 0.001264781759626534 -0.0029796482481233826 -0.002040412815932213 0.00027090954043030468 0.00063156820583132214 0.00017913323569548195 0.0027130037326221074 0.0045890021138530112 0.010609376670594778 -0.0018621711277502615 0.00024084634781077025 -0.0034314080680773631 -0.0092382108090643157
leaf_weight=0.10860040658735659 0.55015924644249059 0.3549826381495228 0.22818621844635334 0.25073756600613695 0.16034650051733446 0.081786134571302793 0.0087511267338413745 0.18060854804934934 0.36273670705850236 1.0817160755395889 0.20230707040173002 0.014403885346837342 0.27422374382149428 0.7955103447457077
leaf_count=312 1483 24 363 112 283 7 30 122 95 22 58 23 185 2811
internal_value=4.44412e-09 0.00320935 0.00512989 0.00635288 0.00862234 0.000895986 -0.00787287 0.000454799 0.00298353 0.00999083 -0.000337217 -0.00888689 -0.0027206 -0.00909325
internal_weight=4.65506 3.72779 3.17763 2.94944 1.67341 1.27604 0.927266 0.431346 0.920026 1.24206 0.55729 0.818665 0.35601 0.804261
internal_count=5930 2754 1271 908 539 369 3176 234 177 305 82 2864 192 2841
is_linear=0
shrinkage=0.025


Tree=113
num_leaves=15
num_cat=0
split_feature=11 12 7 7 3 3 3 12 12 31 12 5 12 6
split_gain=0.261186 0.132628 0.0942814 0.065602 0.0402091 0.0398538 0.0392925 0.0211903 0.0190336 0.00895942 0.00857453 0.00762948 0.00653546 0.00649508
threshold=12.582556829267018 2.5000000000000004 26.500000000000004 3.5000000000000004 234793.50000000003 214022.50000000003 234793.50000000003 11.500000000000002 16.500000000000004 1.0000000180025095e-35 44.500000000000007 72.500000000000014 43.500000000000007 71.500000000000014
decision_type=8 10 2 2 8 8 10 10 10 2 10 8 10 10
left_child=5 -2 3 4 8 -1 7 -5 -3 -7 -6 -8 -9 -4
right_child=1 2 13 6 10 9 11 12 -10 -11 -12 -13 -14 -15
leaf_value=0.00090183562936469266 -0.0039380641978024799 0.0044607789868945161 -0.0034710775455016234 0.0026804958039576238 -0.003439998425510972 -0.0090000538806413091 0.00017049285110475002 -0.0027986365575491411 -0.00044947120020213412 0.00024360950038297111 0.00062406469999929564 0.010180487864372331 0.00055753972871863645 0.00053309254587360206
leaf_weight=0.10889981868967868 0.54918091557920012 0.42043426225427594 0.20260353726916935 0.17919739204808127 0.27378233536728669 0.7968977006530622 0.08394987374776941 0.12320549375726841 0.50189175189007074 0.014439635415328667 0.081792671786388382 1.1481214868254028 0.12650234758621082 0.025015889696078375
leaf_count=312 1483 108 320 122 185 2841 152 104 69 23 7 153 8 43
internal_value=-6.6828e-10 0.00316497 0.00504639 0.00625906 0.00085802 -0.00777248 0.0085304 0.000451716 0.00294497 -0.00879187 -0.00273441 0.00988039 -0.00201277 -0.00295523
internal_weight=4.63592 3.71568 3.1665 2.93888 1.2779 0.920237 1.66098 0.428905 0.922326 0.811337 0.355575 1.23207 0.249708 0.227619
internal_count=5930 2754 1271 908 369 3176 539 234 177 2864 192 305 112 363
is_linear=0
shrinkage=0.025


Tree=114
num_leaves=15
num_cat=0
split_feature=11 12 13 9 31 6 5 2 2 12 0 9 2 35
split_gain=0.256045 0.133168 0.087067 0.0411248 0.0395667 0.0337195 0.0249039 0.0174564 0.0106601 0.0103381 0.00854305 0.00745628 0.00677705 0.00643139
threshold=12.582556829267018 2.5000000000000004 17.500000000000004 1.7818892857142858 1.0000000180025095e-35 68.500000000000014 71.500000000000014 2016.5000000000002 2003.5000000000002 8.5000000000000018 5.8201000000000009 1.6445944444444447 2018.5000000000002 1.0000000180025095e-35
decision_type=8 10 8 10 2 10 8 10 10 10 10 8 10 2
left_child=4 -2 9 7 5 13 10 8 -4 -3 -5 -10 -7 -1
right_child=1 2 3 6 -6 12 -8 -9 11 -11 -12 -13 -14 -15
leaf_value=-0.0097612357368999092 -0.003974263725752881 0.00086266649621478345 0.0010890584807165863 -0.001680991432449876 0.0012405540673541872 -0.0012067654795483715 0.0091614442237487308 0.0035968259248675238 0.00069109252067092394 -0.0034642970263676258 0.0015024951466383674 -0.002649649894931997 0.001633074085894839 4.0970277416415099e-05
leaf_weight=0.6979499094741185 0.54739726999832816 0.027149233239470383 0.76820255693746753 0.10284974428941462 0.034843999601434916 0.064415819506393746 1.1900153590831906 0.43557341353152867 0.12645730667281896 0.22331949596991763 0.023878858890384436 0.26512047133292072 0.084049596422119066 0.034349763707723469
leaf_count=2739 1483 35 63 211 50 151 267 199 7 387 20 82 165 71
internal_value=3.67819e-09 0.00313423 0.0050238 0.00620223 -0.00770622 -0.00853157 0.00852412 0.00173986 -0.000300014 -0.00268048 -0.000280021 -0.00184944 0.000423028 -0.00954322
internal_weight=4.62557 3.70996 3.16257 2.9121 0.915609 0.880765 1.31674 1.59535 1.15978 0.250469 0.126729 0.391578 0.148465 0.7323
internal_count=5930 2754 1271 849 3176 3126 498 351 152 422 231 89 316 2810
is_linear=0
shrinkage=0.025


Tree=115
num_leaves=15
num_cat=0
split_feature=0 2 7 7 3 3 3 28 2 2 31 2 2 2
split_gain=0.248119 0.129264 0.0923676 0.0607589 0.0414761 0.0401183 0.0393214 0.0203659 0.0174525 0.0160803 0.00891619 0.00850734 0.00818847 0.00660293
threshold=5.4644500000000011 2023.5000000000002 26.500000000000004 3.5000000000000004 234793.50000000003 214022.50000000003 245183.50000000003 1.0000000180025095e-35 2013.5000000000002 2012.5000000000002 1.0000000180025095e-35 1982.5000000000002 1988.5000000000002 1989.5000000000002
decision_type=8 8 2 2 8 8 10 2 10 10 2 10 10 8
left_child=5 2 3 4 9 -1 8 -8 -5 12 13 -6 -2 -7
right_child=1 -3 -4 6 11 10 7 -9 -10 -11 -12 -13 -14 -15
leaf_value=0.00094013604674709518 0.0012002976513781365 -0.0039205119832667699 -0.0029442684235099939 -0.0017379263796120526 0.0006135943738806688 0.00018877783844139549 9.4915684978127545e-05 0.010441588477629139 0.0025026289990134447 0.0044684864215936817 0.00024788930107277402 -0.0034569519128130328 -0.0016464458715679756 -0.0090027978010436896
leaf_weight=0.10898664376873046 0.35475549451075594 0.54556528410466842 0.22764587140409265 0.27401169171207573 0.082110643619671575 0.0086703470879001543 0.14590140509244487 1.0355005795136094 0.19136925126076676 0.37346636989968829 0.014521281846100464 0.27441577918943949 0.1958823841123376 0.77649767759430688
leaf_count=312 24 1483 363 121 7 30 252 21 146 95 23 185 58 2810
internal_value=3.46405e-09 0.0030866 0.0049502 0.00615746 0.000900125 -0.00760158 0.00836111 0.00979307 0.000523698 0.00301152 -0.00864124 -0.00275823 -0.0002211 -0.00885241
internal_weight=4.6093 3.70062 3.15506 2.92741 1.28063 0.908676 1.64678 1.1814 0.465381 0.924104 0.799689 0.356526 0.550638 0.785168
internal_count=5930 2755 1272 909 369 3175 540 273 267 177 2863 192 82 2840
is_linear=0
shrinkage=0.025


Tree=116
num_leaves=15
num_cat=0
split_feature=11 12 7 7 12 3 3 12 3 3 28 12 31 35
split_gain=0.238055 0.120926 0.0890977 0.0645512 0.0407302 0.0400502 0.0380293 0.0215535 0.0174758 0.0144342 0.014125 0.011079 0.00890012 0.00663119
threshold=12.582556829267018 2.5000000000000004 26.500000000000004 3.5000000000000004 9.5000000000000018 214022.50000000003 234793.50000000003 11.500000000000002 215386.50000000003 184849.00000000003 1.0000000180025095e-35 54.500000000000007 1.0000000180025095e-35 1.0000000180025095e-35
decision_type=8 10 2 2 8 8 10 10 8 10 2 10 2 2
left_child=5 -2 3 4 -3 -1 7 -5 9 -6 -8 -10 13 -7
right_child=1 2 -4 6 8 12 10 -9 11 -11 -12 -13 -14 -15
leaf_value=0.00096302065739100684 -0.0037675046101006333 0.0039112280494164381 -0.0029076260568229677 0.00267445436681962 -0.001556103778533854 -0.0089451199138241341 0.00031331640745792196 -0.0020564826108865363 -0.003834332933171081 0.0024874168109110598 0.010210021290373024 0.00074368602189266359 0.00025244189248299973 8.4796695519297896e-05
leaf_weight=0.10913288342999283 0.54393506041378747 0.33768940335721764 0.22686998220160592 0.17973136756336305 0.10285472930991102 0.74322929700429086 0.16217037735623274 0.24757720809429884 0.49856377416290343 0.27462501704576425 1.0450131529942155 0.06495921965688467 0.014551237894920632 0.033153970580315217
leaf_count=312 1483 123 363 122 20 2772 283 112 174 49 22 3 23 69
internal_value=6.20976e-09 0.00302767 0.00483046 0.00602212 0.000760251 -0.00746371 0.00828747 0.000413027 -0.001803 0.00105582 0.00962482 -0.00316848 -0.00851492 -0.00872885
internal_weight=4.58406 3.68399 3.14005 2.91318 1.27869 0.900067 1.63449 0.427309 0.941003 0.37748 1.20718 0.563523 0.790935 0.776383
internal_count=5930 2754 1271 908 369 3176 539 234 246 69 305 177 2864 2841
is_linear=0
shrinkage=0.025


Tree=117
num_leaves=15
num_cat=0
split_feature=11 12 7 7 3 6 3 31 2 2 28 2 2 2
split_gain=0.234682 0.122665 0.0890137 0.0592288 0.0405296 0.0404579 0.0370461 0.0333837 0.021429 0.0164703 0.0140673 0.00846654 0.00814571 0.00795567
threshold=12.582556829267018 2.5000000000000004 26.500000000000004 3.5000000000000004 234793.50000000003 68.500000000000014 234793.50000000003 1.0000000180025095e-35 2014.5000000000002 2012.5000000000002 1.0000000180025095e-35 1982.5000000000002 1988.5000000000002 2018.5000000000002
decision_type=8 10 2 2 8 10 10 2 10 10 2 10 10 10
left_child=5 -2 3 4 9 7 8 -1 -5 12 -8 -6 -3 -7
right_child=1 2 -4 6 11 13 10 -9 -10 -11 -12 -13 -14 -15
leaf_value=-0.0093181778803802205 -0.0038256989289314636 0.0011754242830410359 -0.0029062776233663829 -0.002050021035493631 0.00061344180462772323 -0.0011728259968667332 0.00030677521856949385 0.00098132308205044032 0.0026674466745446124 0.0044345766719904129 0.010116556037671984 -0.0034404718298284565 -0.001666059935823578 0.0019599024779310514
leaf_weight=0.71430143070756447 0.54255827733140938 0.35577017933246735 0.22711247831466597 0.24686958250822488 0.082542382297106198 0.06347648348310031 0.16274104319745641 0.023302894813241437 0.18043446444789879 0.37423912668600678 1.037750150077045 0.27457164187217131 0.19635019614361227 0.095492399559589103
leaf_count=2810 1483 24 363 112 7 151 283 34 122 95 22 185 58 181
internal_value=-2.49591e-12 0.00300585 0.00482593 0.00601797 0.000864267 -0.00741874 0.00820625 -0.0086153 0.000415214 0.00295614 0.00953047 -0.00274189 -0.000257445 0.000776367
internal_weight=4.57751 3.68094 3.13838 2.91127 1.28347 0.896573 1.6278 0.737604 0.427304 0.92636 1.20049 0.357114 0.55212 0.158969
internal_count=5930 2754 1271 908 369 3176 539 2844 234 177 305 192 82 332
is_linear=0
shrinkage=0.025


Tree=118
num_leaves=15
num_cat=0
split_feature=11 12 7 7 2 3 3 2 3 3 28 2 31 35
split_gain=0.224528 0.114291 0.0856309 0.0640109 0.0408356 0.0401526 0.0352448 0.0211777 0.0171928 0.0145634 0.012636 0.0110056 0.00882838 0.00681877
threshold=12.582556829267018 2.5000000000000004 26.500000000000004 3.5000000000000004 2016.5000000000002 214022.50000000003 234793.50000000003 2014.5000000000002 215386.50000000003 184849.00000000003 1.0000000180025095e-35 1971.5000000000002 1.0000000180025095e-35 1.0000000180025095e-35
decision_type=8 10 2 2 8 8 10 10 8 10 2 10 2 2
left_child=5 -2 3 4 8 -1 7 -5 9 -3 -8 -10 13 -7
right_child=1 2 -4 6 -6 12 10 -9 11 -11 -12 -13 -14 -15
leaf_value=0.0010018962818911668 -0.0036687330594636484 -0.001581160858221747 -0.0028679711347252262 -0.0020229681471767465 0.0038691287761387682 -0.0087848612105715825 0.0003363040003656848 0.0026696318931008103 0.00073478856130697453 0.0024703066964378707 0.010004946869612251 -0.003848857667965222 0.00025677852942959049 9.8918456673598626e-05
leaf_weight=0.10910259513184417 0.54079974953492671 0.10251268479623887 0.22613867023028422 0.24666483580949705 0.33832979737780999 0.7310147544631036 0.16273113395436634 0.18021565786330029 0.064896930940449238 0.27551386199775152 1.027589350938797 0.49966451898217201 0.014630091056460515 0.032956156617728993
leaf_count=312 1483 20 363 112 123 2772 283 122 3 49 22 174 23 69
internal_value=-1.36173e-08 0.00294374 0.00470036 0.00587515 0.000699854 -0.00727487 0.00814066 0.000440666 -0.00184386 0.0010215 0.00944015 -0.00318909 -0.00834589 -0.00856281
internal_weight=4.55276 3.66506 3.12426 2.89812 1.28092 0.887704 1.6172 0.42688 0.942588 0.378027 1.19032 0.564561 0.778601 0.763971
internal_count=5930 2754 1271 908 369 3176 539 234 246 69 305 177 2864 2841
is_linear=0
shrinkage=0.025


Tree=119
num_leaves=15
num_cat=0
split_feature=11 12 7 7 6 3 3 31 2 2 28 2 2 2
split_gain=0.220385 0.114848 0.0849615 0.0585796 0.0412244 0.0399927 0.0354168 0.033283 0.0215152 0.016794 0.0121097 0.0083726 0.00812984 0.00801324
threshold=12.582556829267018 2.5000000000000004 26.500000000000004 3.5000000000000004 68.500000000000014 234793.50000000003 234793.50000000003 1.0000000180025095e-35 2014.5000000000002 2012.5000000000002 1.0000000180025095e-35 1982.5000000000002 1988.5000000000002 2018.5000000000002
decision_type=8 10 2 2 10 8 10 2 10 10 2 10 10 10
left_child=4 -2 3 5 7 9 8 -1 -5 12 -8 -7 -3 -6
right_child=1 2 -4 6 13 11 10 -9 -10 -11 -12 -13 -14 -15
leaf_value=-0.0091605336919904582 -0.0037032614865782397 0.0011525313679782946 -0.0028560529911502365 -0.002063882396246454 -0.001151876503799372 0.00060283750890090411 0.00034186251316971973 0.00099718425359698296 0.0026641696187127751 0.0043894465455896091 0.0098975535572563833 -0.0034511364307929179 -0.0016886266758127664 0.0020088570409447044
leaf_weight=0.70181720433174621 0.53889984190755091 0.35681003061472494 0.22617549018468697 0.2446202189894392 0.062913341622333974 0.082474919123342372 0.16314912898815204 0.023484041099436581 0.18040545980329625 0.37339688264182769 1.0204551098868251 0.27518887037876993 0.19719474617158994 0.095498828159179538
leaf_count=2810 1483 24 363 112 151 7 283 34 122 95 22 185 58 181
internal_value=-1.32192e-09 0.00291763 0.00468256 0.00585397 -0.00721585 0.000797487 0.00803918 -0.00844429 0.000404239 0.00289021 0.00934015 -0.00276084 -0.000294625 0.00084284
internal_weight=4.54248 3.65877 3.11987 2.8937 0.883713 1.28507 1.60863 0.725301 0.425026 0.927402 1.1836 0.357664 0.554005 0.158412
internal_count=5930 2754 1271 908 3176 369 539 2844 234 177 305 192 82 332
is_linear=0
shrinkage=0.025


Tree=120
num_leaves=15
num_cat=0
split_feature=11 12 7 7 3 6 3 31 2 7 0 2 2 5
split_gain=0.213607 0.117881 0.0880643 0.054789 0.0429229 0.0411856 0.0341568 0.033206 0.0221573 0.0177892 0.00912784 0.00853806 0.00806204 0.00800579
threshold=12.582556829267018 3.5000000000000004 26.500000000000004 3.5000000000000004 234793.50000000003 68.500000000000014 234793.50000000003 1.0000000180025095e-35 2014.5000000000002 1.5000000000000002 5.9340000000000011 1982.5000000000002 2018.5000000000002 72.500000000000014
decision_type=8 10 2 2 8 10 10 2 10 2 8 10 10 8
left_child=5 10 3 4 9 7 8 -1 -5 -3 -2 -6 -7 -8
right_child=1 2 -4 6 11 12 13 -9 -10 -11 -12 -13 -14 -15
leaf_value=-0.009078047900478026 0.00064568980332436804 0.0040448115612343981 -0.0029327707001977647 -0.002100446579951832 0.00060048482373760079 -0.0011490222964618917 0.00012228271869212199 0.0010049275696018805 0.0027121119606676818 -0.00089645178389224716 -0.0041373075462176464 -0.003516939530286152 0.002025401326998967 0.0096382314315482873
leaf_weight=0.69512751080037549 0.01112723181722719 0.70884347305400353 0.22466237834305491 0.24226167777669605 0.082967813796131051 0.062912211229559034 0.083419105911161417 0.023574718768941239 0.16753129102289677 0.20258072356227785 0.56761863162682857 0.27289854883565567 0.095805937948171049 1.084298651694553
leaf_count=2810 15 106 361 112 7 151 151 34 97 58 1528 181 181 138
internal_value=-1.68117e-08 0.00287457 0.0047167 0.00592647 0.000885415 -0.00711705 0.0080615 -0.00835504 0.000395215 0.00305212 -0.00369461 -0.00282211 0.000861415 0.00932845
internal_weight=4.52563 3.64821 3.06946 2.8448 1.26729 0.87742 1.57751 0.718702 0.409793 0.911424 0.578746 0.355866 0.158718 1.16772
internal_count=5930 2754 1211 850 352 3176 498 2844 209 164 1543 188 332 289
is_linear=0
shrinkage=0.025


Tree=121
num_leaves=15
num_cat=0
split_feature=11 12 7 7 6 2 3 31 2 2 7 2 35 3
split_gain=0.207081 0.107159 0.0812388 0.0577298 0.0411278 0.0395881 0.0344305 0.0330741 0.0209073 0.0178253 0.0159034 0.00807004 0.00741353 0.00699721
threshold=12.582556829267018 2.5000000000000004 26.500000000000004 3.5000000000000004 68.500000000000014 2016.5000000000002 245183.50000000003 1.0000000180025095e-35 1975.5000000000002 2013.5000000000002 10.500000000000002 2018.5000000000002 1.0000000180025095e-35 168980.00000000003
decision_type=8 10 2 2 10 10 10 2 10 10 2 10 2 8
left_child=4 -2 3 5 7 8 9 12 -3 -5 -8 -6 -1 -10
right_child=1 2 -4 6 11 -7 10 -9 13 -11 -12 -13 -14 -15
leaf_value=-0.0092390574470606925 -0.0035762057837248826 0.0014561759181182061 -0.0028121659919262102 -0.0017914996108041995 -0.0011427311940354031 0.0038455692695497281 0.010131899514912111 0.0010110004839012281 0.00054879981075456547 0.0024951001134453019 0.00064914219285530964 0.0020380695900390068 9.7735360592706965e-05 -0.0035217761694743264
leaf_weight=0.65511430765036482 0.53505384325399097 0.25589712965302236 0.22548627626383666 0.26586397946812201 0.062739134998992085 0.33971817733254284 0.86105917950044364 0.02364798285998404 0.028165897994767874 0.19186412909766659 0.27145595639012754 0.096124894276726991 0.03346798091661185 0.6640080934157595
leaf_count=2739 1483 13 363 121 151 123 127 34 6 146 145 181 71 227
internal_value=1.06005e-08 0.00283197 0.00453902 0.0056916 -0.00702061 0.000736422 0.00787086 -0.00826745 -0.00177981 0.000484333 0.00922921 0.000879787 -0.00899612 -0.00312971
internal_weight=4.50967 3.63857 3.10352 2.87803 0.871094 1.28779 1.59024 0.71223 0.948071 0.457728 1.13252 0.158864 0.688582 0.692174
internal_count=5930 2754 1271 908 3176 369 539 2844 246 267 272 332 2810 233
is_linear=0
shrinkage=0.025


Tree=122
num_leaves=15
num_cat=0
split_feature=0 12 7 7 3 6 3 3 7 2 3 0 2 2
split_gain=0.200875 0.110315 0.0844603 0.0542245 0.0427499 0.0411456 0.0324337 0.0311423 0.0221565 0.0220309 0.0206746 0.00899714 0.00852086 0.00806553
threshold=5.4644500000000011 3.5000000000000004 26.500000000000004 3.5000000000000004 234793.50000000003 68.500000000000014 234793.50000000003 175011.00000000003 1.5000000000000002 2014.5000000000002 180732.00000000003 5.9340000000000011 1982.5000000000002 2018.5000000000002
decision_type=8 10 2 2 10 10 10 10 2 10 8 8 10 10
left_child=5 11 3 4 7 10 9 -3 -9 -5 -1 -2 -6 -7
right_child=1 2 -4 6 12 13 -8 8 -10 -11 -12 -13 -14 -15
leaf_value=0.0006190016097664989 0.00065467812844736549 -0.0017851731439563067 -0.0028926065629147906 -0.0020934625394541848 0.00058196404796872288 -0.001134636902013067 0.0091451672528667267 0.0053166747153951177 -0.00078146259305019209 0.0027062474766524356 -0.0086854980285454141 -0.0040219447861191433 -0.0035939451349678644 0.0020508882225634632
leaf_weight=0.02560175658436481 0.011243767949054351 0.11762288946192778 0.22410543108708214 0.24210364249302063 0.083158745983382687 0.062521231797290966 1.1502891691197872 0.62946511912741698 0.18726746304309927 0.1669479054689873 0.68076336137892213 0.56445354495372158 0.252693796006497 0.096517149009741843
leaf_count=67 15 53 361 112 7 151 290 90 52 97 2776 1528 150 181
internal_value=2.22904e-09 0.00279092 0.00457619 0.0057686 0.000823108 -0.0069262 0.00790145 0.00296759 0.00425794 0.000395835 -0.00818314 -0.00357309 -0.00289834 0.000900107
internal_weight=4.49475 3.62935 3.05365 2.82955 1.27021 0.865403 1.55934 0.934355 0.816733 0.409052 0.706365 0.575697 0.335853 0.159038
internal_count=5930 2755 1212 851 352 3175 499 195 142 209 2843 1543 157 332
is_linear=0
shrinkage=0.025


Tree=123
num_leaves=15
num_cat=0
split_feature=11 12 7 7 6 3 31 3 8 3 2 28 2 2
split_gain=0.197985 0.104772 0.0793146 0.0519684 0.0408378 0.0407494 0.0330921 0.0330415 0.0236624 0.020908 0.0177347 0.0165715 0.00821797 0.00807532
threshold=12.582556829267018 2.5000000000000004 26.500000000000004 3.5000000000000004 68.500000000000014 234793.50000000003 1.0000000180025095e-35 245183.50000000003 5.9168000000000012 175011.00000000003 2013.5000000000002 1.0000000180025095e-35 1982.5000000000002 2018.5000000000002
decision_type=8 10 2 2 10 10 2 10 8 10 10 2 10 10
left_child=4 -2 3 5 6 8 -1 10 -3 -10 -5 -9 -7 -6
right_child=1 2 -4 7 13 12 -8 11 9 -11 -12 -13 -14 -15
leaf_value=-0.0088815105691461265 -0.0035620215795269905 -0.0015159038234666838 -0.002788317785389953 -0.0017909635124659124 -0.0011362881187793074 0.00057592812449299476 0.0010264237210709829 0.00012652473956804641 -0.0010315807799615056 0.0047982686638320142 0.0024829206418810475 0.0096490666057599712 -0.0035070638897325146 0.0020502924613027464
leaf_weight=0.6787891042040427 0.53196628608566277 0.090675529529108401 0.22547583418781858 0.26657639877521422 0.062495880090864375 0.08354661290650256 0.023752487468300387 0.14976425297209039 0.10437561833532527 0.75876289536245167 0.19214874613680877 0.96788604278117418 0.25583018781617284 0.096961601520888507
leaf_count=2810 1483 45 363 121 151 7 34 251 39 124 146 21 154 181
internal_value=4.97546e-09 0.00277017 0.00446259 0.00560567 -0.00688378 0.000813789 -0.00814041 0.00769506 0.00288994 0.00391799 0.000474125 0.00903536 -0.00282238 0.000898516
internal_weight=4.48901 3.62701 3.09504 2.86957 0.861999 1.29319 0.702542 1.57638 0.953814 0.863139 0.458725 1.11765 0.339377 0.159457
internal_count=5930 2754 1271 908 3176 369 2844 539 208 163 267 272 161 332
is_linear=0
shrinkage=0.025


Tree=124
num_leaves=15
num_cat=0
split_feature=11 12 7 7 3 3 3 8 2 3 28 31 2 35
split_gain=0.192006 0.101732 0.0776023 0.0513456 0.0409151 0.0406589 0.0328921 0.0236446 0.0217844 0.0208002 0.0115057 0.00867019 0.00818214 0.00744623
threshold=12.582556829267018 2.5000000000000004 26.500000000000004 3.5000000000000004 214022.50000000003 234793.50000000003 234793.50000000003 5.9168000000000012 2014.5000000000002 175011.00000000003 1.0000000180025095e-35 1.0000000180025095e-35 1982.5000000000002 1.0000000180025095e-35
decision_type=8 10 2 2 8 10 10 8 10 10 2 2 10 2
left_child=4 -2 3 5 -1 7 8 -3 -5 -9 -8 13 -7 -6
right_child=1 2 -4 6 11 12 10 9 -10 -11 -12 -13 -14 -15
leaf_value=0.0011263992790622247 -0.0035129867742178071 -0.0015219620681995102 -0.0027667524731717227 -0.0021126700613805865 -0.0083902796507448578 0.00057112025224870103 0.00032330371571339078 -0.0010313107946202092 0.0026433054718133309 0.0047766122898221164 0.0094384464015284716 0.00026891285383646068 -0.0035158843850896684 0.00014237721986185014
leaf_weight=0.10783248524239741 0.53043136013729997 0.090865044039674769 0.22478509735083196 0.24228858217247751 0.70100398361682892 0.083393024513497949 0.1667794468521604 0.10442378159496002 0.17955930065363646 0.76061728002969176 0.97940335888415575 0.014847632264718413 0.25519155140500516 0.032207036099862307
leaf_count=312 1483 45 363 112 2772 7 283 39 122 124 22 23 154 69
internal_value=7.48895e-09 0.00272952 0.00439913 0.00553247 -0.00679144 0.000791533 0.00761405 0.00286851 0.000347006 0.00389846 0.00888075 -0.00792424 -0.00283461 -0.00814958
internal_weight=4.47363 3.61774 3.08731 2.86252 0.855891 1.29449 1.56803 0.955906 0.421848 0.865041 1.14618 0.748059 0.338585 0.733211
internal_count=5930 2754 1271 908 3176 369 539 208 234 163 305 2864 161 2841
is_linear=0
shrinkage=0.025


Tree=125
num_leaves=15
num_cat=0
split_feature=11 2 7 9 3 6 7 31 5 8 2 2 2 35
split_gain=0.188783 0.102619 0.077013 0.0488058 0.041531 0.0408758 0.0365652 0.0329638 0.022458 0.0165793 0.0169214 0.0237425 0.0080715 0.00774321
threshold=12.582556829267018 2023.5000000000002 26.500000000000004 2.2033166666666673 215386.50000000003 68.500000000000014 3.5000000000000004 1.0000000180025095e-35 71.500000000000014 4.304050000000001 1982.5000000000002 2016.5000000000002 2018.5000000000002 1.0000000180025095e-35
decision_type=8 8 2 10 8 10 2 2 8 8 10 10 10 2
left_child=5 2 3 4 -2 7 -5 13 -8 -6 -11 -12 -7 -1
right_child=1 -3 -4 6 9 12 8 -9 -10 10 11 -13 -14 -15
leaf_value=-0.0090182113832125901 0.0041458419281071137 -0.0035542906647318298 -0.00275359814736802 -0.00058851721789461586 0.0014140562258441226 -0.0011230796472096957 -0.00019516814070223945 0.0010374709320003139 0.009737428827469384 0.0010887181515734604 -0.0048482686343440939 0.0009948047316147401 0.0020728661802681312 0.00011975253166481816
leaf_weight=0.63595993803755835 0.5967469026800255 0.52854845211550117 0.22473421314498399 0.14625519741093729 0.26999368375982147 0.062101133022224531 0.11202432148274932 0.0238842531980481 0.88937273793271754 0.16984731535194453 0.46572006764472462 0.20899803811335005 0.096891224995488301 0.033203106722794473
leaf_count=2739 138 1483 363 131 26 151 215 34 186 11 92 109 181 71
internal_value=-7.59308e-09 0.00270726 0.00438805 0.00551751 0.00139632 -0.00674206 0.00815123 -0.00801363 0.00908396 -0.00134024 -0.00251 -0.00352506 0.000932607 -0.00876469
internal_weight=4.46428 3.61224 3.08369 2.85896 1.71131 0.85204 1.14765 0.693047 1.0014 1.11456 0.844565 0.674718 0.158992 0.669163
internal_count=5930 2754 1271 908 376 3176 532 2844 401 238 212 201 332 2810
is_linear=0
shrinkage=0.025


Tree=126
num_leaves=15
num_cat=0
split_feature=11 2 7 3 7 3 3 9 12 0 2 12 28 35
split_gain=0.186474 0.110955 0.08227 0.0407399 0.0405824 0.0464357 0.032063 0.0288466 0.0224163 0.00937313 0.00878328 0.00851686 0.00827736 0.00773321
threshold=12.582556829267018 2022.5000000000002 26.500000000000004 214022.50000000003 3.5000000000000004 234793.50000000003 234793.50000000003 6.0443500000000006 11.500000000000002 5.4806500000000016 2023.5000000000002 44.500000000000007 1.0000000180025095e-35 1.0000000180025095e-35
decision_type=8 8 2 8 2 10 10 8 10 10 10 10 2 2
left_child=3 2 4 -1 5 7 8 -2 -6 -3 13 -7 -8 -5
right_child=1 9 -4 10 6 11 12 -9 -10 -11 -12 -13 -14 -15
leaf_value=0.0011376485613917655 -0.0016340344931249314 -0.0041216141839501754 -0.0028619267320399958 -0.0084541188245562445 0.0026869414601587206 -0.0035809766657919923 0.00038875218595818778 0.0043917291373287244 -0.0021483157104318345 0.00066544272581722222 6.9903665370878211e-05 0.00058151297652521145 0.0093355088999043673 0.00015082339893166653
leaf_weight=0.10819729608192563 0.097584331699182458 0.55924280575709406 0.22430627691210236 0.64367252754163928 0.16737521687173273 0.25395568282692693 0.15981647622538708 0.84886019030818716 0.24292344917193986 0.011337432282743976 0.066674998262897134 0.085062212834600359 0.95792274922132492 0.031990001007216051
leaf_count=312 51 1528 361 2603 97 150 267 144 112 15 193 7 22 68
internal_value=3.94083e-09 0.0026918 0.00449712 -0.00670339 0.00568044 0.00107934 0.00759307 0.00325013 0.000330765 -0.00366337 -0.00784325 -0.00288227 0.00884391 -0.00819983
internal_weight=4.45892 3.60839 3.03781 0.850535 2.8135 1.28546 1.52804 0.946445 0.410299 0.57058 0.742338 0.339018 1.11774 0.675663
internal_count=5930 2754 1211 3176 850 352 498 195 209 1543 2864 157 289 2671
is_linear=0
shrinkage=0.025


Tree=127
num_leaves=15
num_cat=0
split_feature=11 2 7 7 6 3 31 3 8 2 28 2 2 35
split_gain=0.178515 0.096589 0.0741916 0.0476342 0.0412977 0.0397232 0.0329109 0.0321196 0.0237167 0.0219715 0.0104922 0.00823745 0.00810889 0.0078005
threshold=12.582556829267018 2023.5000000000002 26.500000000000004 3.5000000000000004 68.500000000000014 234793.50000000003 1.0000000180025095e-35 234793.50000000003 5.9168000000000012 2014.5000000000002 1.0000000180025095e-35 1982.5000000000002 2018.5000000000002 1.0000000180025095e-35
decision_type=8 8 2 2 10 10 2 10 8 10 2 10 10 2
left_child=4 2 3 5 6 8 13 9 -2 -5 -9 -7 -6 -1
right_child=1 -3 -4 7 12 11 -8 10 -10 -11 -12 -13 -14 -15
leaf_value=-0.0088923996164718098 -0.0015311845829865337 -0.0034455939670812474 -0.0027189049062471314 -0.0021373247392806479 -0.0011073829784550456 0.00058227330513798586 0.0010531307076065263 0.00033861341792896935 0.0038836477798610521 0.0026358815660866282 0.0092325629237574695 -0.0034758295339044408 0.0021105613121313303 0.0001267401439494486
leaf_weight=0.62639283976750437 0.091363178420580171 0.52598868071800087 0.2244164119765627 0.24278858184698027 0.061708184482995421 0.085255576675990596 0.024032689048908651 0.16853163045016095 0.86904037770000286 0.18025198538089171 0.94917638320475817 0.25602364019141532 0.09721775641082786 0.033382256631739438
leaf_count=2739 45 1483 363 112 151 7 34 283 163 122 22 154 181 71
internal_value=6.97451e-09 0.0026374 0.00427138 0.00538725 -0.00657344 0.000805414 -0.00787092 0.00741763 0.00285024 0.00031957 0.00868466 -0.00278377 0.000983693 -0.00863464
internal_weight=4.43557 3.59284 3.06685 2.84243 0.842734 1.30168 0.683808 1.54075 0.960404 0.423041 1.11771 0.341279 0.158926 0.659775
internal_count=5930 2754 1271 908 3176 369 2844 539 208 234 305 161 332 2810
is_linear=0
shrinkage=0.025


Tree=128
num_leaves=15
num_cat=0
split_feature=11 12 7 9 6 3 7 31 13 2 3 2 2 8
split_gain=0.172871 0.093541 0.0723607 0.0482323 0.0412134 0.0343201 0.0330924 0.0327699 0.0238968 0.0128099 0.00930783 0.0083994 0.012043 0.0161402
threshold=12.582556829267018 2.5000000000000004 26.500000000000004 1.7818892857142858 68.500000000000014 215386.50000000003 3.5000000000000004 1.0000000180025095e-35 16.500000000000004 1978.5000000000002 175011.00000000003 1982.5000000000002 2016.5000000000002 3.6992000000000003
decision_type=8 10 2 10 10 8 2 2 8 10 10 10 10 8
left_child=4 -2 3 5 7 10 -5 -1 -8 -10 -3 -7 13 -13
right_child=1 2 -4 6 -6 11 8 -9 9 -11 -12 12 -14 -15
leaf_value=-0.0085560956490491977 -0.0033931645983750463 -0.00048489428632281337 -0.0026918087331894158 -0.00055730085144904337 0.0010021008357296911 0.00084508441127608509 -0.00056597184192120741 0.0010592033054661924 -8.5140239883944971e-05 0.0095226095519798642 0.0041980476121582641 0.00087379489838508226 0.0008240692154788614 -0.0041448238851848375
leaf_weight=0.65364156244322646 0.5241335651953708 0.092963255592622418 0.22383235319284711 0.14671827931306314 0.15902004158124328 0.22783351279213104 0.051090021850540901 0.024089494487270713 0.07233163109049201 0.95998368080472574 0.51201815568492748 0.15012729135924019 0.21478513212059624 0.40697175165405497
leaf_count=2810 1483 32 363 131 332 14 101 34 5 299 106 9 120 91
internal_value=-4.79771e-09 0.00259722 0.00420685 0.00531145 -0.00648021 0.00116312 0.00777486 -0.0077867 0.00862913 0.00913877 0.00362469 -0.00139419 -0.00215906 -0.00309979
internal_weight=4.41954 3.58279 3.05866 2.83482 0.836751 1.6047 1.23012 0.677731 1.08341 1.03232 0.604981 0.999718 0.771884 0.557099
internal_count=5930 2754 1271 908 3176 372 536 2844 405 304 138 234 220 100
is_linear=0
shrinkage=0.025


Tree=129
num_leaves=15
num_cat=0
split_feature=11 2 7 7 6 2 3 2 3 2 7 2 35 3
split_gain=0.167711 0.0909171 0.0707813 0.0478028 0.0409719 0.0385989 0.0312747 0.0274293 0.0207548 0.0179557 0.0152913 0.00815739 0.00800611 0.00742331
threshold=12.582556829267018 2023.5000000000002 26.500000000000004 3.5000000000000004 68.500000000000014 2016.5000000000002 245183.50000000003 1975.5000000000002 180732.00000000003 2013.5000000000002 10.500000000000002 2018.5000000000002 1.0000000180025095e-35 168980.00000000003
decision_type=8 8 2 2 10 10 10 10 8 10 2 10 2 8
left_child=4 2 3 5 8 7 9 -2 -1 -5 -8 -6 -10 -9
right_child=1 -3 -4 6 11 -7 10 13 12 -11 -12 -13 -14 -15
leaf_value=0.0006657066840952767 0.0018131100146346231 -0.0033491385705348379 -0.0026697432851887515 -0.0018415165860333146 -0.0011007247249896792 0.0037998763157645111 0.0094908333327448254 0.00054783307612182093 -0.0085066964183685614 0.0024521651415724249 0.00054683391955939601 0.0021348389156722386 0.00015575647871933799 -0.0037268753932494731
leaf_weight=0.025658555881818645 0.25385136739350966 0.52283132207230654 0.22344795253593464 0.26607628137571726 0.061589352786540985 0.3433390150021296 0.80230500982725039 0.028365129168378189 0.61373151520092506 0.19226749337394722 0.26572732828208245 0.097742474899860099 0.032599745551124215 0.67848818469792604
leaf_count=67 13 1483 363 121 151 123 127 6 2707 146 145 181 70 227
internal_value=4.16057e-09 0.00255838 0.00414644 0.00524105 -0.0063937 0.000731648 0.00727906 -0.00174365 -0.00770573 0.000406033 0.00860602 0.0010135 -0.00824056 -0.00333488
internal_weight=4.40802 3.5767 3.05387 2.83042 0.831322 1.30404 1.52638 0.960705 0.67199 0.458344 1.06803 0.159332 0.646331 0.706853
internal_count=5930 2754 1271 908 3176 369 539 246 2844 267 272 332 2777 233
is_linear=0
shrinkage=0.025


Tree=130
num_leaves=15
num_cat=0
split_feature=0 12 7 9 3 3 7 13 2 6 3 2 2 8
split_gain=0.162819 0.0881735 0.069328 0.0472927 0.0409516 0.0341743 0.0317907 0.0234226 0.0125391 0.0121981 0.00939508 0.00813955 0.011611 0.0153977
threshold=5.4644500000000011 2.5000000000000004 26.500000000000004 1.7818892857142858 214022.50000000003 215386.50000000003 3.5000000000000004 16.500000000000004 1978.5000000000002 75.500000000000014 175011.00000000003 1982.5000000000002 2016.5000000000002 3.6992000000000003
decision_type=8 10 2 10 8 8 2 8 10 8 10 10 10 8
left_child=4 -2 3 5 -1 10 -5 -8 -9 -6 -3 -7 13 -13
right_child=1 2 -4 6 9 11 7 8 -10 -11 -12 12 -14 -15
leaf_value=0.0012327395951332687 -0.0032987859822201761 -0.00049951980134733953 -0.002650124898639407 -0.00054521067148306096 0.00011847570297712164 0.00080923301477175231 -0.00056722829076260141 -8.9450732325404615e-05 0.0093511680820434848 -0.0080062847173782148 0.0041525535775003902 0.0008385090106038369 0.00079189263979698968 -0.0041001804851842367
leaf_weight=0.10718619130784635 0.52153859949612558 0.093149100255687345 0.22317724465392519 0.14710420256596979 0.093311909775366075 0.22811996855307382 0.051501071851816627 0.072387553751468658 0.94844948058016598 0.62588336601038463 0.51220110958092846 0.14916740052285604 0.21431674138875678 0.40757207272690721
leaf_count=312 1483 32 363 131 221 14 102 5 299 2642 106 9 120 91
internal_value=-1.60102e-09 0.00252214 0.00408735 0.0051736 -0.00630913 0.00110622 0.00761565 0.00845804 0.00896874 -0.00749639 0.00357146 -0.00142672 -0.00217164 -0.00308832
internal_weight=4.39507 3.56868 3.04715 2.82397 0.826381 1.60453 1.21944 1.07234 1.02084 0.719195 0.60535 0.999176 0.771056 0.556739
internal_count=5930 2755 1272 909 3175 372 537 406 304 2863 138 234 220 100
is_linear=0
shrinkage=0.025


Tree=131
num_leaves=15
num_cat=0
split_feature=11 2 13 6 7 3 7 3 3 12 12 8 0 2
split_gain=0.160709 0.0957836 0.0739818 0.0407269 0.0283138 0.0406799 0.0331364 0.023234 0.0207058 0.0123372 0.0159405 0.0116462 0.00901159 0.00820689
threshold=12.582556829267018 2022.5000000000002 17.500000000000004 68.500000000000014 3.5000000000000004 234793.50000000003 26.500000000000004 234793.50000000003 180732.00000000003 13.500000000000002 50.500000000000007 4.0059000000000013 5.4806500000000016 2018.5000000000002
decision_type=8 8 8 10 2 10 2 8 8 10 10 10 10 10
left_child=3 2 -2 8 5 9 7 11 -1 -4 -11 -6 -3 -5
right_child=1 12 4 13 6 -7 -8 -9 -10 10 -12 -13 -14 -15
leaf_value=0.0006737540878553939 -0.0026792477469985195 -0.0038833683845443433 0.0044294448438956845 -0.0010983416258931987 -0.0016012531618964162 -0.0026523442565717405 -0.00089081963047434292 0.0087073268669903923 -0.0081379445126430489 -0.0018549553266957921 0.0020951688675315558 0.0019453452517057914 0.00067915050558443185 0.0021516018936534706
leaf_weight=0.025887698153382988 0.2448449228541002 0.55128094421525009 0.36782096402021147 0.061541094968561083 0.13414854762959261 0.31717812418355606 0.10173527116421599 1.063712035829667 0.63798008837329689 0.3547414340719115 0.20770481810905039 0.21295157502754591 0.0114602783578448 0.098259254707954824
leaf_count=67 418 1528 82 151 37 119 167 248 2777 73 11 56 15 181
internal_value=-1.22094e-08 0.00250493 0.00418961 -0.0062739 0.00534947 0.00114906 0.00697759 0.00767914 -0.00759591 0.00314778 1.11112e-05 0.000403497 -0.00341532 0.00103214
internal_weight=4.39125 3.56758 3.00484 0.823668 2.75999 1.24745 1.51255 1.41081 0.663868 0.930267 0.562446 0.3471 0.562741 0.1598
internal_count=5930 2754 1211 3176 793 285 508 341 2844 166 84 93 1543 332
is_linear=0
shrinkage=0.025


Tree=132
num_leaves=15
num_cat=0
split_feature=11 2 7 9 3 3 7 5 6 3 35 2 2 8
split_gain=0.153616 0.0828134 0.0666477 0.0465994 0.0407672 0.0346251 0.0304892 0.0193049 0.012299 0.00960973 0.0083293 0.00809459 0.0114096 0.0149359
threshold=12.582556829267018 2023.5000000000002 26.500000000000004 1.7818892857142858 214022.50000000003 215386.50000000003 3.5000000000000004 71.500000000000014 75.500000000000014 175011.00000000003 1.0000000180025095e-35 1982.5000000000002 2016.5000000000002 3.6992000000000003
decision_type=8 8 2 10 8 8 2 8 8 10 2 10 10 8
left_child=4 2 3 5 -1 9 -5 -8 -6 -2 -10 -7 13 -13
right_child=1 -3 -4 6 8 11 7 -9 10 -11 -12 12 -14 -15
leaf_value=0.0012625096878318043 -0.00051870458825256107 -0.0031993104002787237 -0.0026177944350207951 -0.00053145027267952202 0.00013590521052114798 0.00078370722028046121 -0.00018587032043591267 0.0088917164312626411 -0.0081486620605837421 0.0041304839417813863 0.00019127928826243289 0.0008071748182758772 0.00076424081214367947 -0.0041025864533790965
leaf_weight=0.10720075081917446 0.093271564750467495 0.51804082968737919 0.22247256015543815 0.14724114243290376 0.09343892008473631 0.22830745604005653 0.11476321268128198 0.94636548971175227 0.58417756005655974 0.51469641289440915 0.031322640395956114 0.14834163262275979 0.21399317632312886 0.40744705538963899
leaf_count=312 32 1483 363 131 221 14 215 190 2575 106 68 9 120 91
internal_value=1.11943e-08 0.00245124 0.00396887 0.00503932 -0.00614777 0.00104852 0.00746688 0.0082961 -0.00735138 0.00353822 -0.00786856 -0.00147984 -0.00221467 -0.00311563
internal_weight=4.37108 3.55494 3.0369 2.81443 0.81614 1.60606 1.20837 1.06113 0.708939 0.607968 0.6155 0.998089 0.769782 0.555789
internal_count=5930 2754 1271 908 3176 372 536 405 2864 138 2643 234 220 100
is_linear=0
shrinkage=0.025


Tree=133
num_leaves=15
num_cat=0
split_feature=11 2 7 6 7 3 31 3 8 12 0 2 35 12
split_gain=0.151478 0.0903808 0.0712205 0.0406501 0.0389968 0.0421945 0.0325931 0.0300613 0.027221 0.0228886 0.00888567 0.00826334 0.00818955 0.00799564
threshold=12.582556829267018 2022.5000000000002 26.500000000000004 68.500000000000014 3.5000000000000004 234793.50000000003 1.0000000180025095e-35 234793.50000000003 6.0499000000000009 11.500000000000002 5.4806500000000016 2018.5000000000002 1.0000000180025095e-35 44.500000000000007
decision_type=8 8 2 10 2 10 2 10 8 10 10 10 2 10
left_child=3 2 4 6 5 8 12 9 -2 -6 -3 -5 -1 -7
right_child=1 10 -4 11 7 13 -8 -9 -10 -11 -12 -13 -14 -15
leaf_value=-0.0085250461784683908 -0.0016414395108244183 -0.0037956381865845985 -0.0027209148375072281 -0.0010903745371128853 0.0026639693024653522 -0.0035030953952287034 0.0010973555214934725 0.0083130290169109288 0.004122263364773701 -0.0022174403329611688 0.00068511269228057107 0.0021809749984683865 0.00016048869810818801 0.00055428530395630659
leaf_weight=0.59639862766198337 0.099189664790175103 0.54805778843001451 0.22140321746701364 0.061335224541835487 0.16702429822180409 0.25572899315739051 0.02422078640665859 1.0687626301369162 0.85282248049043119 0.24294021769310348 0.011521339911269024 0.098636459966655821 0.03285275079542771 0.085901898361044005
leaf_count=2739 52 1528 361 151 97 150 34 289 143 112 15 181 71 7
internal_value=-7.68116e-09 0.00243355 0.00407225 -0.00611038 0.00519222 0.000887902 -0.00745079 0.00708043 0.00298849 0.000250199 -0.00332324 0.001068 -0.0082514 -0.00283017
internal_weight=4.3668 3.55335 2.99377 0.813444 2.77237 1.29364 0.653472 1.47873 0.952012 0.409965 0.559579 0.159972 0.629251 0.341631
internal_count=5930 2754 1211 3176 850 352 2844 498 195 209 1543 332 2810 157
is_linear=0
shrinkage=0.025


Tree=134
num_leaves=15
num_cat=0
split_feature=11 2 7 9 6 2 31 7 5 2 8 1 2 35
split_gain=0.142246 0.0741635 0.0625585 0.0497001 0.0405272 0.0341779 0.03228 0.0299528 0.0194136 0.0141661 0.0133471 0.00824765 0.00824472 0.00822298
threshold=12.582556829267018 2023.5000000000002 26.500000000000004 2.2033166666666673 68.500000000000014 2012.5000000000002 1.0000000180025095e-35 3.5000000000000004 71.500000000000014 1975.5000000000002 4.304050000000001 4.5000000000000009 2018.5000000000002 1.0000000180025095e-35
decision_type=8 8 2 10 10 10 2 2 8 10 8 10 10 2
left_child=4 2 3 5 6 9 13 -5 -9 -2 -11 -4 -6 -1
right_child=1 -3 11 7 12 -7 -8 8 -10 10 -12 -13 -14 -15
leaf_value=-0.0083843671620910769 0.0012206272750702747 -0.0030069966674885771 -0.0032838815355617427 -0.00050974094186683123 -0.0010748040263197948 0.0034855475045175895 0.0011079146602330755 -0.00018018760705296966 0.0089757496635264698 0.00085304217946545631 -0.0033901053911772356 0.00069555104334032437 0.0022064105196061795 0.00016940858494367706
leaf_weight=0.58678686110943079 0.26076316786930076 0.5145962084061465 0.17441466948366713 0.14694687456358202 0.060960617905948311 0.62852613467839535 0.02429525789921172 0.1150716925621964 0.83601835163426585 0.18304745104978792 0.62968981731683016 0.046645125286886469 0.0986504640604835 0.032727463578339666
leaf_count=2739 13 1483 299 131 151 249 34 215 186 11 103 64 181 71
internal_value=-5.55084e-09 0.0023614 0.00379621 0.00484036 -0.00593909 0.000999101 -0.00729672 0.00748036 0.0083434 -0.0014356 -0.00249106 -0.00256224 0.00110705 -0.00810691
internal_weight=4.33914 3.53572 3.02112 2.80006 0.803421 1.70203 0.64381 1.09804 0.95109 1.0735 0.812737 0.22106 0.159611 0.619514
internal_count=5930 2754 1271 908 3176 376 2844 532 401 127 114 363 332 2810
is_linear=0
shrinkage=0.025


Tree=135
num_leaves=15
num_cat=0
split_feature=11 2 9 12 2 9 3 2 6 0 3 3 3 35
split_gain=0.137965 0.0720405 0.0625604 0.0489517 0.0605585 0.0427509 0.0407701 0.0256884 0.0125343 0.0123576 0.0122113 0.0107471 0.00883113 0.00831532
threshold=12.582556829267018 2023.5000000000002 4.3460312500000011 9.5000000000000018 1989.5000000000002 1.7818892857142858 214022.50000000003 1984.5000000000002 75.500000000000014 5.786900000000001 177420.50000000003 225259.00000000003 237750.00000000003 1.0000000180025095e-35
decision_type=8 8 8 8 10 10 8 10 8 10 8 8 10 2
left_child=6 2 5 12 7 -2 -1 11 -8 10 -6 -5 -4 -10
right_child=1 -3 3 4 9 -7 8 -9 13 -11 -12 -13 -14 -15
leaf_value=0.0013318151189884893 -0.00030673159477323639 -0.0029647462621108065 0.0044852202614212335 0.0010160067509448571 0.00051279984738095261 0.0083843389996882955 0.00016992030127349939 0.004029413883159365 -0.0079142077455553236 0.00051684373803588372 -0.0058161612006930527 -0.002521555659156727 -0.00036174185475835774 0.00020338575455370597
leaf_weight=0.10658363327092946 0.35870801637065663 0.51379392734088458 0.35142794111743536 0.24032760798581876 0.044590385601622984 0.73027099476894364 0.093600850086659193 0.30834063678048551 0.56754834232560825 0.071464844804722816 0.60963960370281711 0.18306049777311273 0.11601265546050854 0.03137828956823796
leaf_count=312 60 1483 156 19 12 172 221 33 2575 75 598 31 115 68
internal_value=-1.38505e-10 0.00232716 0.00374319 0.000319379 -0.00192218 0.00674512 -0.00585653 0.00204932 -0.00709608 -0.00479371 -0.00533557 -0.00121047 0.00385552 -0.0076277
internal_weight=4.32675 3.52764 3.01384 1.92486 1.45742 1.08898 0.799111 0.731729 0.692527 0.725695 0.65423 0.423388 0.467441 0.598927
internal_count=5930 2754 1271 1039 768 232 3176 83 2864 685 610 50 271 2643
is_linear=0
shrinkage=0.025


Tree=136
num_leaves=15
num_cat=0
split_feature=11 2 9 12 2 9 3 2 6 11 3 3 3 35
split_gain=0.135081 0.0765054 0.073145 0.0463106 0.0491744 0.0408219 0.0404886 0.0206153 0.0125096 0.0112197 0.0114703 0.0101202 0.00971817 0.00830065
threshold=12.582556829267018 2022.5000000000002 4.3460312500000011 9.5000000000000018 1989.5000000000002 1.7818892857142858 214022.50000000003 1984.5000000000002 75.500000000000014 13.313089297866917 177420.50000000003 237750.00000000003 225259.00000000003 1.0000000180025095e-35
decision_type=8 8 8 8 10 10 8 10 8 10 8 10 8 2
left_child=6 2 5 11 7 -2 -1 12 -8 10 -6 -4 -5 -10
right_child=1 -3 3 4 9 -7 8 -9 13 -11 -12 -13 -14 -15
leaf_value=0.0013341047129388902 -0.00019754077084804196 -0.0030175130761862243 0.0043601156219250032 0.00097237479144848815 0.00051010295179741174 0.0085973533889164063 0.00017365524314225751 0.0035424574230606184 -0.0078622029263356961 0.00049382053003800108 -0.0055316549857770368 -0.00048563765885685397 -0.0023870688289007558 0.00020527853782500153
leaf_weight=0.10706558788660903 0.35257614089641787 0.55693336321564846 0.33200382316135768 0.24103101913351566 0.044796911912271753 0.74212879870901816 0.09393023545271717 0.28531046927673742 0.56404693056538235 0.072719137882813811 0.60310096651664935 0.10947914732969366 0.18049361478188075 0.031500040058745071
leaf_count=312 49 1543 126 19 12 163 221 33 2575 76 597 105 31 68
internal_value=-1.07362e-09 0.00230462 0.00381373 0.00014143 -0.00200339 0.00702271 -0.00579903 0.00172365 -0.00704072 -0.00453623 -0.00505787 0.00365518 -0.00113341 -0.00757427
internal_weight=4.31712 3.52057 2.96364 1.86894 1.42745 1.0947 0.796543 0.706835 0.689477 0.720617 0.647898 0.441483 0.421525 0.595547
internal_count=5930 2754 1211 999 768 212 3176 83 2864 685 609 231 50 2643
is_linear=0
shrinkage=0.025


Tree=137
num_leaves=15
num_cat=0
split_feature=0 12 3 9 6 8 0 31 12 0 9 9 2 35
split_gain=0.129714 0.0725746 0.063025 0.049176 0.0404563 0.0340043 0.0321373 0.0320511 0.0144281 0.0103892 0.00954553 0.00879722 0.00835046 0.00825287
threshold=5.4644500000000011 3.5000000000000004 175011.00000000003 4.4143555555555567 68.500000000000014 3.8906500000000004 5.5865000000000009 1.0000000180025095e-35 12.500000000000002 5.9340000000000011 2.2033166666666673 5.7064833333333338 2018.5000000000002 1.0000000180025095e-35
decision_type=8 8 10 10 10 8 10 2 10 8 10 10 10 2
left_child=4 9 8 5 7 -4 -5 13 -3 -2 -7 -8 -6 -1
right_child=1 2 3 6 12 10 11 -9 -10 -11 -12 -13 -14 -15
leaf_value=-0.0081919231143332601 0.00070597772076201647 0.00067020257946714284 -0.00078082562638837061 -0.0033123947952659345 -0.0010635598347156776 0.0024273938869273839 0.0031552915419829361 0.001130041115381495 -0.0035386413061388442 -0.0043773522981157952 0.0088890153203609514 -0.00078994632951083412 0.002255512419189826 0.00017988174573349352
leaf_weight=0.57332208841398813 0.011181499168742781 0.45950365137832738 0.20974131836555976 0.29389045115385659 0.060904357203980908 1.3639702257351016 0.19563287214259617 0.024500822531990707 0.11229886632645503 0.21461113460827619 0.60819864066434082 0.039364556199871004 0.099299852532567456 0.03292652138043195
leaf_count=2738 14 1056 21 340 151 273 140 34 178 559 126 48 181 71
internal_value=3.7276e-09 0.00226109 0.00345509 0.00478459 -0.00569186 0.00599922 -0.000872757 -0.00707957 -0.00188183 -0.00375505 0.00674039 0.00238991 0.00116458 -0.00790832
internal_weight=4.29935 3.50839 3.2826 2.7108 0.790954 2.18191 0.528888 0.630749 0.571803 0.225793 1.97217 0.234997 0.160204 0.606249
internal_count=5930 2755 2182 948 3175 420 528 2843 1234 573 399 188 332 2809
is_linear=0
shrinkage=0.025


Tree=138
num_leaves=15
num_cat=0
split_feature=11 2 9 12 2 3 9 2 6 0 3 3 2 35
split_gain=0.128081 0.0731657 0.0670672 0.0446317 0.0501469 0.0403115 0.0392229 0.0187474 0.01249 0.0118259 0.0114579 0.0100916 0.00831204 0.00826319
threshold=12.582556829267018 2022.5000000000002 4.3460312500000011 9.5000000000000018 1989.5000000000002 214022.50000000003 1.7818892857142858 1984.5000000000002 75.500000000000014 5.786900000000001 177420.50000000003 237750.00000000003 1974.5000000000002 1.0000000180025095e-35
decision_type=8 8 8 8 10 8 10 10 8 10 8 10 10 2
left_child=5 2 6 11 7 -1 -2 12 -7 10 -6 -4 -5 -10
right_child=1 -3 3 4 9 8 -8 -9 13 -11 -12 -13 -14 -15
leaf_value=0.0013608975668656313 -0.00021211366940522694 -0.0029548020722885127 0.0043277736446800151 0.00090041923616473226 0.00050975217015605909 0.00018459039017264378 0.0083661568786343055 0.0035016216770389023 -0.0077454554390169062 0.00053177453869043942 -0.0055222626592382707 -0.00048974440432304127 -0.0021979540491936559 0.00021000022328039603
leaf_weight=0.10717790358467016 0.35263683300581827 0.55663266561168701 0.33227408921811696 0.25152920818072744 0.045135086111258715 0.094375582848442718 0.73098985012620687 0.28491164950537495 0.55581635435373755 0.072176518442574888 0.60363175661768764 0.10978620700188912 0.16737475898116827 0.031624877243302763
leaf_count=312 49 1543 126 14 12 221 163 33 2575 75 598 105 36 68
internal_value=5.54449e-09 0.00224649 0.00372734 0.000184821 -0.00193521 -0.00565966 0.00681255 0.00179617 -0.00691624 -0.00450495 -0.00504796 0.00362139 -0.00101412 -0.00745468
internal_weight=4.29607 3.50708 2.95045 1.86682 1.42476 0.788995 1.08363 0.703816 0.681817 0.720943 0.648767 0.44206 0.418904 0.587441
internal_count=5930 2754 1211 999 768 3176 212 83 2864 685 610 231 50 2643
is_linear=0
shrinkage=0.025


Tree=139
num_leaves=15
num_cat=0
split_feature=11 2 3 9 3 0 9 12 2 0 9 35 2 31
split_gain=0.122675 0.070617 0.0601522 0.0434556 0.0400417 0.0307927 0.0305175 0.0151923 0.0119234 0.0104445 0.00880882 0.0081138 0.00711658 0.0072887
threshold=12.582556829267018 2022.5000000000002 175011.00000000003 4.4143555555555567 214022.50000000003 5.5865000000000009 1.7818892857142858 12.500000000000002 2023.5000000000002 5.4806500000000016 5.7064833333333338 1.0000000180025095e-35 1989.5000000000002 1.0000000180025095e-35
decision_type=8 10 10 10 8 10 8 10 10 10 10 2 8 2
left_child=4 2 7 6 -1 -5 -4 -2 11 -3 -7 12 -6 -14
right_child=1 9 3 5 8 10 -8 -9 -10 -11 -12 -13 13 -15
leaf_value=0.0013780285546891042 0.00072996351487271622 -0.0043517502134632763 -0.00032542107624035268 -0.0031747730244331565 0.00025719745665993353 0.0031611659506467168 0.0066910017885336362 -0.0035457149838186604 0.00028258739451478585 0.00071403959159639825 -0.00078938747159502725 0.00021514038487684516 -0.0079639764736408169 0.00023837195858753872
leaf_weight=0.10733200659160491 0.4602919764438419 0.21389542553515628 0.34517545794369731 0.2903851571609265 0.0071104361268226049 0.19548045840929262 1.825788369606016 0.11227169001358561 0.063307953634648584 0.011242069071158767 0.039392530859913677 0.031577917136019096 0.56224670475057792 0.01147606986341998
leaf_count=312 1056 559 41 339 29 140 379 178 193 14 48 68 2556 18
internal_value=-3.15763e-10 0.00220146 0.00338591 0.00468899 -0.00554848 -0.000746137 0.0058246 -0.00183003 -0.00681448 -0.00372244 0.0023959 -0.00726839 -0.00755397 -0.00775269
internal_weight=4.27697 3.49392 3.26879 2.69622 0.783051 0.525258 2.17096 0.572564 0.675719 0.225137 0.234873 0.612411 0.580833 0.573723
internal_count=5930 2754 2181 947 3176 527 420 1234 2864 573 188 2671 2603 2574
is_linear=0
shrinkage=0.025


Tree=140
num_leaves=15
num_cat=0
split_feature=11 2 7 9 6 2 13 12 7 2 9 2 7 2
split_gain=0.121221 0.0658786 0.0543287 0.0580053 0.0403428 0.0256165 0.0244632 0.0257804 0.0264176 0.0123691 0.014608 0.0114278 0.00994215 0.00836821
threshold=12.582556829267018 2023.5000000000002 26.500000000000004 1.7818892857142858 68.500000000000014 2016.5000000000002 16.500000000000004 59.500000000000007 3.5000000000000004 1975.5000000000002 0.96269791666666671 1959.5000000000002 7.5000000000000009 2018.5000000000002
decision_type=8 10 2 10 10 10 8 8 2 10 8 10 2 10
left_child=4 2 3 5 -1 9 -5 8 -8 11 -11 -2 -7 -6
right_child=1 -3 -4 6 13 12 7 -9 -10 10 -12 -13 -14 -15
leaf_value=-0.006929327574117611 -0.0010780127107498753 -0.0036843398239877604 -0.002520248349950658 -0.0006558204382321616 -0.0010513796717257608 0.0037693893667570602 -0.00041102275983005883 -0.00063224919278959731 0.0089485722303081286 0.00099770853090189507 -0.0031855187517395994 0.0024130722051752874 -0.0007090280251540363 0.0022848948848140597
leaf_weight=0.62031086914794276 0.32554884013370722 0.18154997409146734 0.22195093680056732 0.083870506350649188 0.060592170979361981 0.39701924665132526 0.11489418218843617 0.078340334366657882 0.93258127322769724 0.20519195171073079 0.69540758931543678 0.21177335735410452 0.047596367629012093 0.099678288592258468
leaf_count=2844 806 513 367 147 151 141 85 166 302 13 146 9 59 181
internal_value=-1.88668e-09 0.00218654 0.00328761 0.00421847 -0.00552073 0.000631371 0.00698877 0.00759888 0.00822261 -0.00110881 -0.00220895 0.00097256 0.00313103 0.00120452
internal_weight=4.27631 3.49572 3.31417 3.09222 0.780581 1.88254 1.20969 1.12582 1.04748 1.43792 0.9006 0.537322 0.444616 0.16027
internal_count=5930 2754 2241 1874 3176 1174 700 553 387 974 159 815 200 332
is_linear=0
shrinkage=0.025


Tree=141
num_leaves=15
num_cat=0
split_feature=11 12 7 9 6 2 31 13 12 7 3 2 8 3
split_gain=0.117295 0.0647442 0.0532207 0.0568046 0.0401096 0.0329458 0.0318127 0.0246024 0.0234527 0.0267193 0.0183733 0.0140319 0.0131833 0.0129038
threshold=12.582556829267018 2.5000000000000004 26.500000000000004 2.2033166666666673 68.500000000000014 2012.5000000000002 1.0000000180025095e-35 16.500000000000004 59.500000000000007 3.5000000000000004 264086.00000000006 1975.5000000000002 4.304050000000001 182578.00000000003
decision_type=8 8 2 10 10 10 2 8 8 2 8 10 8 10
left_child=4 -2 3 5 6 11 -1 -5 9 -9 -7 13 -13 -3
right_child=1 2 -4 7 -6 10 -8 8 -10 -11 -12 12 -14 -15
leaf_value=-0.0077037253372754261 -0.0036641214864845256 -0.0012431557034619266 -0.0024995058662739722 -0.00064755613449228307 0.0012172272787377319 0.0042331870809833574 0.0011544523132545437 -0.0004058262705326511 -0.00055299917957895238 0.009073099414031149 -0.0011253314762199405 0.0008193543429996222 -0.0034442908577560407 0.0024319454965253009
leaf_weight=0.59064141551061755 0.1808429712255023 0.29564578582358148 0.22151928997482162 0.083864736545364971 0.16049792131525464 0.55818570978590276 0.024579656892456114 0.11484259524149809 0.075228854402667023 0.83061748096952215 0.073164480534614995 0.18402822405914776 0.62603274962748401 0.24613097868859768
leaf_count=2810 513 811 367 147 332 194 34 85 160 298 55 11 103 10
internal_value=-8.96828e-09 0.00215104 0.00324537 0.00416816 -0.00543918 0.000730047 -0.00685419 0.00706111 0.0077015 0.00830495 0.00330305 -0.00136513 -0.00255814 0.000920907
internal_weight=4.26582 3.4901 3.30926 3.08774 0.775719 1.98319 0.615221 1.10455 1.02069 0.94546 0.63135 1.35184 0.810061 0.541777
internal_count=5930 2754 2241 1874 3176 1184 2844 690 543 383 249 935 114 821
is_linear=0
shrinkage=0.025


Tree=142
num_leaves=15
num_cat=0
split_feature=11 2 7 9 3 3 13 12 7 3 6 0 35 2
split_gain=0.113457 0.0689988 0.0560857 0.0451526 0.0399469 0.0311455 0.0264754 0.0250446 0.0287667 0.0210882 0.0127423 0.0104646 0.00838459 0.00827675
threshold=12.582556829267018 2022.5000000000002 26.500000000000004 1.7818892857142858 214022.50000000003 215386.50000000003 16.500000000000004 59.500000000000007 3.5000000000000004 175011.00000000003 75.500000000000014 5.4806500000000016 1.0000000180025095e-35 2016.5000000000002
decision_type=8 10 2 10 8 8 8 8 2 10 8 10 2 8
left_child=4 2 3 5 -1 9 -5 8 -8 -2 -6 -3 -12 -7
right_child=1 11 -4 6 10 13 7 -9 -10 -11 12 -13 -14 -15
leaf_value=0.0014231334858043477 -0.0011902380527652129 -0.0043509380471568075 -0.0025856053466166633 -0.00076953685883377962 0.00022402269500541264 -0.002161094655032462 -0.00051552086411717777 -0.00063476546834100598 0.0088022561524388112 0.0044280465368003487 -0.0075044275898713125 0.00071557010258243919 0.00023057762618991585 0.0006380819264144176
leaf_weight=0.10699535149615247 0.098978090420133502 0.21248779822781205 0.21980742056621227 0.082727600762154574 0.094238067380501889 0.77377800285466936 0.11358226978336439 0.078452601723256632 0.91109727762523107 0.50470305094495416 0.53866281589580467 0.011274920863797888 0.031229792308295146 0.47711925767362129
leaf_count=312 29 559 365 146 221 114 83 166 287 89 2575 14 68 902
internal_value=-5.80351e-09 0.00211606 0.00329565 0.00425553 -0.00535731 0.000863199 0.00673883 0.00740007 0.00802492 0.0033391 -0.00664844 -0.00371953 -0.00720368 -0.00128428
internal_weight=4.25513 3.48401 3.26025 3.04044 0.771126 1.85458 1.18586 1.10313 1.02468 0.603681 0.664131 0.223763 0.569893 1.2509
internal_count=5930 2754 2181 1816 3176 1134 682 536 370 118 2864 573 2643 1016
is_linear=0
shrinkage=0.025


Tree=143
num_leaves=15
num_cat=0
split_feature=11 12 7 9 6 31 2 13 3 12 7 2 3 3
split_gain=0.110633 0.0676637 0.0553027 0.0429337 0.0396812 0.0315179 0.0274732 0.0260047 0.025172 0.0245824 0.0283378 0.0126883 0.0141005 0.0121197
threshold=12.582556829267018 3.5000000000000004 26.500000000000004 1.7818892857142858 68.500000000000014 1.0000000180025095e-35 2012.5000000000002 16.500000000000004 234793.50000000003 59.500000000000007 3.5000000000000004 1975.5000000000002 236032.00000000003 175011.00000000003
decision_type=8 8 2 10 10 2 10 8 8 8 2 10 10 8
left_child=4 -2 3 6 5 -1 11 -5 -8 10 -9 13 -13 -3
right_child=1 2 -4 7 -6 -7 8 9 -10 -11 -12 12 -14 -15
leaf_value=-0.007582737990982121 -0.0036901797216032915 -0.0015982697400640168 -0.002575863696435675 -0.00076825679907879536 0.0012389828051464602 0.0011633672327827338 0.0046029356591942711 -0.00051741347173574963 -0.0013459834715456274 -0.00063303229407985645 0.0086981540326990046 -0.0034798256787773383 0.00071465977273973014 0.0020579570080065642
leaf_weight=0.58139025590935478 0.22285679732158348 0.018093519844115447 0.21951632146374311 0.082744391984305943 0.16079680170514621 0.024660486233187839 0.42970685739419412 0.11368621941073775 0.12098591626272537 0.078435627016006149 0.90624191507231444 0.43741318341926672 0.33163494541076943 0.52106085477862507
leaf_count=2810 573 3 365 146 332 34 111 83 96 166 287 67 45 812
internal_value=-1.07552e-09 0.0020884 0.00325707 0.0042116 -0.00529814 -0.00672408 0.000883148 0.00664343 0.00327081 0.00730182 0.00792333 -0.00110354 -0.00228953 0.000976569
internal_weight=4.24922 3.48238 3.25952 3.04 0.766848 0.606051 1.8589 1.18111 0.550693 1.09836 1.01993 1.3082 0.769048 0.539154
internal_count=5930 2754 2181 1816 3176 2844 1134 682 207 536 370 927 112 815
is_linear=0
shrinkage=0.025


Tree=144
num_leaves=15
num_cat=0
split_feature=11 2 7 9 2 2 13 12 7 31 2 9 2 8
split_gain=0.106616 0.061779 0.0501585 0.0533135 0.0396579 0.0259935 0.0225271 0.0244201 0.0246849 0.0167254 0.0124866 0.0139158 0.0112682 0.0143954
threshold=12.582556829267018 2023.5000000000002 26.500000000000004 1.7818892857142858 2022.5000000000002 2016.5000000000002 16.500000000000004 59.500000000000007 3.5000000000000004 1.0000000180025095e-35 1975.5000000000002 0.96269791666666671 1959.5000000000002 5.2577500000000006
decision_type=8 10 2 10 10 10 8 8 2 2 10 8 8 8
left_child=4 2 3 5 9 10 -5 8 -8 -1 12 -12 -2 -14
right_child=1 -3 -4 6 -6 -7 7 -9 -10 -11 11 -13 13 -15
leaf_value=-0.0070541864687104355 -0.0014755918980356598 -0.0036149548567775574 -0.0024414643076567551 -0.00062981043831249423 0.001381025391687904 0.0031218646781077542 -0.00040159907368962801 -0.00062939397638642929 0.0086173964017367578 0.00066093628093410019 0.00094504947487984703 -0.0031831774959909069 -0.0013059140096332387 0.0030460937628053672
leaf_weight=0.61700894583918842 0.051815746352077641 0.1787981816305545 0.22003775282064442 0.083881243393988947 0.12639202751597622 0.44795131689170364 0.11516387719893806 0.078387520901742502 0.91370468947570771 0.018222982296720147 0.20322300758562051 0.69614541580085643 0.044955925186513923 0.44269009478739463
leaf_count=2786 4 513 367 147 364 200 85 166 302 26 13 146 74 737
internal_value=6.07217e-10 0.00205017 0.00312694 0.0040261 -0.00521004 0.000601423 0.0067006 0.00729127 0.00790751 -0.00656402 -0.00114158 -0.00224392 0.000960008 0.00203674
internal_weight=4.23838 3.47675 3.29796 3.07792 0.761624 1.88678 1.19114 1.10726 1.02887 0.635232 1.43883 0.899368 0.539462 0.487646
internal_count=5930 2754 2241 1874 3176 1174 700 553 387 2812 974 159 815 811
is_linear=0
shrinkage=0.025


Tree=145
num_leaves=15
num_cat=0
split_feature=11 8 9 3 30 3 2 2 2 7 7 0 31 4
split_gain=0.123358 0.141381 0.0999914 0.0428373 0.0295221 0.0276801 0.0196056 0.0191326 0.0175795 0.0142964 0.0137442 0.010496 0.00894997 0.00764207
threshold=12.582556829267018 4.7254500000000013 1.7818892857142858 215386.50000000003 1.0000000180025095e-35 175011.00000000003 1982.5000000000002 2022.5000000000002 2020.5000000000002 1.5000000000000002 46.500000000000007 4.2657000000000007 1.0000000180025095e-35 43.500000000000007
decision_type=10 10 10 8 2 10 10 10 10 2 2 8 2 10
left_child=1 2 3 5 9 -1 -5 -7 12 -2 -11 -4 -3 -10
right_child=4 8 11 6 -6 7 -8 -9 13 10 -12 -13 -14 -15
leaf_value=-0.0019604416342401117 -0.00037408868782257273 -0.0080482428366610969 -0.00037440177856415304 0.00034426263281650137 -0.0011282600374353537 0.0044735544881879669 -0.0045520228305304979 -0.0011280382078682628 -0.0014746290966119024 0.0080681153532359082 -0.00039170493800090562 0.0066343932743653401 0.0002712601914162205 0.0014888244497015327
leaf_weight=0.12464012880809727 0.05587811066652637 0.81729253145749658 0.034503507631597929 0.5153503567271398 0.038852734753163531 0.50566622729820665 0.9363275890427758 0.063647212344221771 0.067851430831069592 0.41957833859487437 0.034002957283519208 0.52844299079151824 0.018069314595777541 0.10948118588567013
leaf_count=86 80 2494 121 856 52 118 933 164 204 252 56 197 36 281
internal_value=-1.02786e-09 -0.00200819 0.001292 -0.00157726 0.00612358 0.00196644 -0.00338239 0.00352756 -0.00709135 0.0070577 0.00760074 0.00624012 -0.00781854 6.55192e-05
internal_weight=4.26958 3.72127 2.70858 2.14563 0.548312 0.693954 1.45168 0.569313 1.01269 0.509459 0.453581 0.562946 0.835362 0.177333
internal_count=5930 5490 2475 2157 440 368 1789 282 3015 388 308 318 2530 485
is_linear=0
shrinkage=0.025


Tree=146
num_leaves=15
num_cat=0
split_feature=5 2 6 7 3 2 2 7 31 3 1 1 3 13
split_gain=0.0739452 0.0926422 0.0708207 0.0349363 0.0526403 0.0392393 0.0286162 0.0244501 0.016976 0.0168318 0.0128118 0.00967396 0.00952508 0.00578124
threshold=74.500000000000014 2022.5000000000002 79.500000000000014 3.5000000000000004 244713.00000000003 2012.5000000000002 1975.5000000000002 19.500000000000004 1.0000000180025095e-35 234793.50000000003 inf 4.5000000000000009 219141.50000000003 23.500000000000004
decision_type=8 8 8 2 8 10 10 2 2 8 8 10 10 8
left_child=2 3 10 5 12 6 -2 -6 11 -7 -1 -4 -5 -3
right_child=1 13 8 4 7 9 -8 -9 -10 -11 -12 -13 -14 -15
leaf_value=0.0034408027204432625 0.0015765233901721216 0.00041652506403302975 -0.0071677087819677276 0.0011545053608533775 0.0079042204725781849 0.0042272343832588473 -0.0039505674591033728 -0.00056863581428972935 0.00072532616891303849 -0.0010031030089169815 -0.0010446514690779104 7.3324341453064355e-05 -0.0021512550276908972 -0.0039309534660724229
leaf_weight=0.19793811849376652 0.25968095936696112 0.016617095563560613 0.64465649017802185 0.14873907812579967 0.91887104399211239 0.37110128690983402 0.55830596428131685 0.096410926242242567 0.013608846318675205 0.093237827008124441 0.050954731297679245 0.10241387048881734 0.22520735697617056 0.58697930006746901
leaf_count=359 16 39 2163 103 384 97 285 201 18 103 118 250 122 1672
internal_value=-4.29585e-09 0.0018592 -0.00395527 0.00374862 0.00553912 0.000231807 -0.0022939 0.00721672 -0.00623191 0.00320919 0.00242133 -0.00670127 -0.0009531 -0.00362616
internal_weight=4.28472 3.27515 1.00957 2.67155 1.38923 1.28233 0.817987 1.01528 0.760679 0.464339 0.248893 0.74707 0.373946 0.603596
internal_count=5930 3022 2908 1311 810 501 301 585 2431 200 477 2413 225 1711
is_linear=0
shrinkage=0.025


Tree=147
num_leaves=15
num_cat=0
split_feature=11 8 9 3 30 3 2 7 12 2 7 13 31 4
split_gain=0.203074 0.111433 0.0625791 0.0419628 0.036036 0.0303487 0.0181882 0.0177751 0.0163433 0.0120046 0.00940968 0.0100357 0.00915758 0.00764349
threshold=12.582556829267018 4.7254500000000013 1.7818892857142858 215386.50000000003 1.0000000180025095e-35 175011.00000000003 2020.5000000000002 1.5000000000000002 43.500000000000007 2022.5000000000002 44.000000000000007 16.500000000000004 1.0000000180025095e-35 43.500000000000007
decision_type=10 10 10 10 2 10 10 2 8 10 2 8 2 10
left_child=1 2 3 5 7 -1 12 -2 -5 -7 11 -9 -3 -8
right_child=4 6 -4 8 -6 9 13 10 -10 -11 -12 -13 -14 -15
leaf_value=-0.0017198820271077859 -0.00036642484452372999 -0.0081382191842825115 0.0046846821329547582 -0.0045744383816540566 -0.0011304138610000699 0.0041357372609518795 -0.0014707766059934443 -9.5364315189472683e-05 0.00058004984206097533 -0.00075515622447308724 -0.00014363891052891523 0.0096734437611081664 0.00027437580379194456 0.0014928350021324501
leaf_weight=0.45496313755575213 0.055933291296241694 0.79989468226995075 0.46378857859235711 0.89496260409941863 0.038934480689931661 0.51326580697786994 0.067761856080323923 0.048534043715335429 0.22612864694383472 0.057204204931622371 0.037555965216597542 0.47149163114954717 0.018122469307854772 0.11004384427360492
leaf_count=1035 80 2494 318 825 52 118 204 70 15 164 61 177 36 281
internal_value=1.21537e-08 -0.00269726 0.000514626 -0.00158887 0.00751855 0.00146031 -0.0071559 0.00842784 -0.00375145 0.00347674 0.0089789 0.00929879 -0.00790344 7.35887e-05
internal_weight=4.25859 3.60614 2.61031 2.14652 0.652449 1.02543 0.995823 0.613515 1.12109 0.57047 0.557582 0.520026 0.818017 0.177806
internal_count=5930 5490 2475 2157 440 1317 3015 388 840 282 308 247 2530 485
is_linear=0
shrinkage=0.025


Tree=148
num_leaves=15
num_cat=0
split_feature=11 8 9 3 30 35 2 7 3 2 2 31 7 13
split_gain=0.197585 0.110213 0.0603357 0.0441508 0.0358248 0.0307159 0.0188859 0.0177433 0.0174554 0.0172149 0.0112035 0.00980845 0.00945172 0.0100493
threshold=12.582556829267018 4.7254500000000013 1.7818892857142858 215386.50000000003 1.0000000180025095e-35 1.0000000180025095e-35 1982.5000000000002 1.5000000000000002 175011.00000000003 2020.5000000000002 2022.5000000000002 1.0000000180025095e-35 44.000000000000007 16.500000000000004
decision_type=10 10 10 8 2 2 8 2 10 10 10 2 2 8
left_child=1 2 3 8 7 6 -5 -2 -1 -3 -10 -8 13 -9
right_child=4 9 -4 5 -6 -7 11 12 10 -11 -12 -13 -14 -15
leaf_value=-0.0013794781051223047 -0.00037280033374956743 -0.0078287652032636885 0.0046190439984666104 0.00056408361169842786 -0.001137912592245378 0.0017780574100276581 -0.0054691744262197178 -9.9518221025498798e-05 0.0038138503483506436 4.723727775991592e-05 -0.00077074591382616012 0.00027842929044412048 -0.00014897843294149588 0.0095851054145577892
leaf_weight=0.11972171503293916 0.056231110473163315 0.81467839718243329 0.46289196845464164 0.22662417549872738 0.039160457177786157 0.076040039741201215 1.0511785053167839 0.048818153678439558 0.52200275989889633 0.17858307070855517 0.057365403350559063 0.10147111880360182 0.037727256451034918 0.47002961189718917
leaf_count=86 80 2530 318 15 52 157 1394 70 118 485 164 223 61 177
internal_value=5.32217e-09 -0.00265806 0.000524112 -0.00154111 0.00741854 -0.00338303 -0.00429528 0.00833184 0.00202761 -0.00709943 0.00315932 -0.0050689 0.0088858 0.0092083
internal_weight=4.26252 3.61056 2.6173 2.1544 0.651967 1.45531 1.37927 0.612806 0.69909 0.993261 0.579368 1.15265 0.556575 0.518848
internal_count=5930 5490 2475 2157 440 1789 1632 388 368 3015 282 1617 308 247
is_linear=0
shrinkage=0.025


Tree=149
num_leaves=15
num_cat=0
split_feature=11 8 8 30 2 7 2 3 3 7 31 3 4 35
split_gain=0.192641 0.109119 0.0552633 0.0355997 0.0214007 0.0176672 0.0163201 0.0152756 0.0140467 0.00947922 0.00888 0.00853 0.00770696 0.00543502
threshold=12.582556829267018 4.7254500000000013 4.0059000000000013 1.0000000180025095e-35 2021.5000000000002 1.5000000000000002 2020.5000000000002 272500.00000000006 175011.00000000003 44.000000000000007 1.0000000180025095e-35 180732.00000000003 43.500000000000007 1.0000000180025095e-35
decision_type=10 10 8 2 8 2 10 8 10 2 2 8 10 2
left_child=1 2 11 5 7 -2 10 8 -4 -7 -3 -1 -8 -13
right_child=3 6 4 -5 -6 9 12 -9 -10 -11 -12 13 -14 -15
leaf_value=0.00060428012566611196 -0.00037722727516319518 -0.0079911572508742645 -0.00075890040601534023 -0.0011439308948610651 -0.00098052514385424546 0.0091245595659654698 -0.0015041424052687359 -0.00089590831041500322 0.0043007682672270547 -0.00015345606454350428 0.00027147447485814853 -0.0043989908440938454 0.0014699115568536896 0.00029729454095172398
leaf_weight=0.016756540222559901 0.056503097061067709 0.79415900568710629 0.08775402769970253 0.039334065688308328 0.50068534529418673 0.51759152821614407 0.068137087248032913 0.12109931409941066 1.4464971150446215 0.03792548953788355 0.01809411306749098 0.41167639742343454 0.11117720647598617 0.038574081991100684
leaf_count=35 80 2494 22 52 1238 247 204 159 275 61 36 663 281 83
internal_value=-6.29395e-09 -0.00262225 0.000533716 0.00732769 0.00228783 0.00824403 -0.00704687 0.00327336 0.00382611 0.0087997 -0.00775886 -0.00360379 2.26419e-05 -0.00406908
internal_weight=4.26596 3.61461 2.62304 0.651354 2.15604 0.61202 0.991567 1.65535 1.53425 0.555517 0.812253 0.467007 0.179314 0.45025
internal_count=5930 5490 2475 440 1694 388 3015 456 297 308 2530 781 485 746
is_linear=0
shrinkage=0.025


Tree=150
num_leaves=15
num_cat=0
split_feature=0 8 9 2 0 9 2 3 3 9 3 31 35 9
split_gain=0.221244 0.101851 0.0598241 0.0393161 0.029699 0.0290418 0.0254557 0.0141564 0.00728545 0.00638428 0.00626853 0.00476477 0.00452727 0.0024948
threshold=5.6023000000000005 4.7254500000000013 1.7818892857142858 2018.5000000000002 4.5355000000000016 5.7064833333333338 2022.5000000000002 276048.50000000006 159668.50000000003 3.6454607142857145 180732.00000000003 1.0000000180025095e-35 1.0000000180025095e-35 1.7250435897435898
decision_type=10 10 8 10 10 10 8 8 10 10 8 2 2 10
left_child=1 2 10 11 -5 -2 7 8 -4 -8 -1 13 -12 -3
right_child=5 3 6 4 -6 -7 9 -9 -10 -11 12 -13 -14 -15
leaf_value=0.00045722342054158429 0.0088988510221308971 -0.00015549646311734119 -0.00045252071650843384 -0.0025327937562939426 0.003243450717548048 -0.00073913934950575765 -0.001965448911225015 -0.0008428602338223434 0.0041610797052409557 0.00092703723317506522 -0.0042264421874407586 0.00011499610270674015 0.00024829704720912514 -0.0084201174242417923
leaf_weight=0.013394541441812957 0.52890166820725415 0.061813416745280625 0.034274065023055411 0.13932271124213003 0.10784592205891386 0.059596854203846306 0.38631948111287773 0.095531686070899124 1.5049859501305034 0.021897356768022291 0.52373124344012467 0.015882634761510417 0.039144591486547142 0.78354447300807806
leaf_count=29 181 97 10 378 279 68 1121 142 329 49 712 32 83 2420
internal_value=-9.82759e-09 -0.00271218 0.000424404 -0.00681005 0.000567344 0.00807195 0.00238403 0.00342799 0.0039206 -0.00126217 -0.00362793 -0.00809457 -0.00395549 -0.00822754
internal_weight=4.31619 3.72769 2.61928 1.10841 0.247169 0.588499 2.04301 1.63479 1.53926 0.408217 0.57627 0.861241 0.562876 0.845358
internal_count=5930 5681 2475 3206 657 249 1651 481 339 1170 824 2549 795 2517
is_linear=0
shrinkage=0.025


Tree=151
num_leaves=15
num_cat=0
split_feature=0 8 8 2 0 12 7 3 3 7 0 35 31 3
split_gain=0.216998 0.0975242 0.0546464 0.0388637 0.029647 0.0280043 0.021475 0.01622 0.00837616 0.00599115 0.00496826 0.00481012 0.00469893 0.00435463
threshold=5.6023000000000005 4.7254500000000013 4.0059000000000013 2018.5000000000002 4.5355000000000016 4.5000000000000009 4.5000000000000009 272500.00000000006 180732.00000000003 28.000000000000004 3.9859500000000003 1.0000000180025095e-35 1.0000000180025095e-35 175011.00000000003
decision_type=10 10 8 10 10 10 2 8 8 2 10 2 2 10
left_child=1 2 8 12 -5 10 -2 13 -1 -8 -4 -10 -3 -7
right_child=6 3 5 4 -6 7 9 -9 11 -11 -12 -13 -14 -15
leaf_value=0.00058339532480070836 -0.00047442991172939267 -0.0081175212029041214 -0.0018712062741228599 -0.0025243884377122066 0.0032478975985733346 -0.00015627741865593774 0.0090310132806691416 -0.00092887538152950635 -0.0044279717151963797 7.9870301544636868e-05 0.00075933864542093331 0.00025017985389600301 0.00011577625168339588 0.0041260199718912193
leaf_weight=0.016875240704394723 0.068004366185050347 0.84102868740592363 0.49007111493847366 0.13908175858523464 0.10825279714481439 0.082369993237079719 0.45200690167257562 0.12135953579127101 0.41476380639505805 0.066870286129415035 0.01658159114595037 0.039176491729449481 0.015880995109910145 1.4356918413977835
leaf_count=35 83 2517 1196 378 279 22 90 159 663 76 42 83 32 275
internal_value=-1.83199e-09 -0.00268826 0.00039021 -0.00670215 0.000580443 0.00216863 0.00799783 0.00334882 -0.00367912 0.00868951 -0.00133827 -0.00412985 -0.00798476 0.00392388
internal_weight=4.30802 3.72113 2.61689 1.10424 0.247335 2.14607 0.586882 1.63942 0.470816 0.518877 0.506653 0.45394 0.85691 1.51806
internal_count=5930 5681 2475 3206 657 1694 249 456 781 166 1238 746 2549 297
is_linear=0
shrinkage=0.025


Tree=152
num_leaves=15
num_cat=0
split_feature=0 3 35 28 31 9 8 6 8 31 3 6 8 5
split_gain=0.250475 0.0988085 0.0521101 0.0462712 0.0341695 0.0320102 0.0279355 0.0224593 0.0130769 0.010892 0.00797865 0.00684884 0.00539096 0.0036421
threshold=5.6023000000000005 277577.00000000006 1.0000000180025095e-35 1.0000000180025095e-35 1.0000000180025095e-35 5.7064833333333338 3.9887000000000001 78.500000000000014 4.8139500000000011 1.0000000180025095e-35 276816.50000000006 76.500000000000014 6.315100000000001 77.500000000000014
decision_type=10 8 2 2 2 10 8 8 10 2 10 10 10 10
left_child=1 3 9 4 7 -2 10 -1 -8 11 -5 -3 13 -9
right_child=5 2 -4 6 -6 -7 8 12 -10 -11 -12 -13 -14 -15
leaf_value=0.00088272538906691757 0.0092941522036642608 -0.0087171497761235808 0.0015603178498328619 -0.0026258675573327568 0.0017240858034362526 -0.00077834142586746715 0.0036761794601248236 -0.0060607739209937103 -0.00067458335288656662 3.2166735424959229e-05 0.00087339947185839954 0.00016414017486619451 0.00025950502746467484 0.0001700070505281731
leaf_weight=0.11154557054396719 0.57072350304224517 0.87980335071915738 0.077722505695419386 0.20693752757506434 0.16267099778633565 0.060206599126104265 1.4848533389013026 0.44472942850552555 0.19029399416467652 0.089419911557342857 0.03595751040847972 0.018361663358518854 0.0077084047370590261 0.0055514663399662814
leaf_count=223 181 2662 157 126 254 68 145 1755 84 204 6 32 12 21
internal_value=-5.08229e-09 -0.00292084 -0.00702207 0.000199815 -0.00308161 0.00844508 0.00207926 -0.00467816 0.00311453 -0.00814271 -0.00182192 -0.00854476 -0.00570904 -0.0059197
internal_weight=4.34649 3.71556 1.06531 2.65025 0.732206 0.63093 1.91804 0.569535 1.67515 0.987585 0.242895 0.898165 0.457989 0.450281
internal_count=5930 5681 3055 2626 2265 249 361 2011 229 2898 132 2694 1788 1776
is_linear=0
shrinkage=0.025


Tree=153
num_leaves=15
num_cat=0
split_feature=0 3 35 28 31 9 8 6 8 31 3 6 8 2
split_gain=0.248425 0.0940111 0.0515882 0.0436249 0.0337977 0.0318581 0.027067 0.0223467 0.0127187 0.0107439 0.00797411 0.00678017 0.00533591 0.00457545
threshold=5.6023000000000005 277577.00000000006 1.0000000180025095e-35 1.0000000180025095e-35 1.0000000180025095e-35 5.7064833333333338 3.9887000000000001 78.500000000000014 4.8139500000000011 1.0000000180025095e-35 276816.50000000006 76.500000000000014 6.315100000000001 2020.5000000000002
decision_type=10 8 2 2 2 10 8 8 10 2 10 10 10 8
left_child=1 3 9 4 7 -2 10 13 -8 11 -5 -3 -9 -1
right_child=5 2 -4 6 -6 -7 8 12 -10 -11 -12 -13 -14 -15
leaf_value=-0.00078689896968286554 0.0092536808818419105 -0.0086188898750786946 0.0015655970743492379 -0.0026266273737127165 0.0017261540560578972 -0.00077858683363775307 0.0035715435939869321 -0.0058708891516678942 -0.00068234865070333447 3.5056941962890607e-05 0.00087262896963959222 0.00016519145518881993 0.00025913088130068092 0.0017039393940236098
leaf_weight=0.048020579561125487 0.57127873241552141 0.87365609413973266 0.077971379272639751 0.20730012799322128 0.16318592944298871 0.060296950454358011 1.48089960537618 0.44748262967186803 0.1902376296784497 0.089528915326809511 0.035923761723097414 0.018393090489553288 0.0077079439943190655 0.063758174976101145
leaf_count=108 181 2662 157 126 254 68 145 1776 84 204 6 32 12 115
internal_value=3.82637e-09 -0.00291547 -0.00692129 0.000148218 -0.00302929 0.00840573 0.00198374 -0.00462612 0.00301313 -0.00804531 -0.00182361 -0.00844619 -0.00566035 0.00088857
internal_weight=4.33564 3.70407 1.05955 2.64452 0.730155 0.631576 1.91436 0.566969 1.67114 0.981578 0.243224 0.892049 0.455191 0.111779
internal_count=5930 5681 3055 2626 2265 249 361 2011 229 2898 132 2694 1788 223
is_linear=0
shrinkage=0.025


Tree=154
num_leaves=15
num_cat=0
split_feature=0 8 8 2 0 2 7 35 0 31 7 31 2 2
split_gain=0.247192 0.0899396 0.0508124 0.034721 0.029219 0.0271476 0.0251929 0.0226405 0.018286 0.0137531 0.00934734 0.00421288 0.00349974 0.0343915
threshold=5.6023000000000005 4.7254500000000013 4.0059000000000013 2018.5000000000002 4.5355000000000016 1971.5000000000002 4.5000000000000009 1.0000000180025095e-35 4.2657000000000007 1.0000000180025095e-35 28.000000000000004 1.0000000180025095e-35 2012.5000000000002 2018.5000000000002
decision_type=10 10 10 10 10 8 2 2 8 2 2 2 10 10
left_child=1 2 5 11 -5 -1 -2 9 -4 12 -8 -3 -7 -14
right_child=6 3 8 4 -6 7 10 -9 -10 -11 -12 -13 13 -15
leaf_value=0.0020540720788972829 -0.00054274859567493539 -0.008086150549700806 -0.0010648925839175979 -0.0025745227364743929 0.0031415974022327045 -0.0046912819478343495 0.00952972396677991 0.001584662594645527 0.0046397164559059565 0.00065803653592069083 4.9425533355331934e-06 9.7308268724138709e-05 0.002377300853697801 -0.0033443810031843144
leaf_weight=0.18833143886877346 0.069152413198025786 0.83692189293651587 0.047999620612244942 0.14042484758101637 0.10871167513687396 0.91516970020893473 0.49620599683839828 0.083017695433227234 0.51192220414668554 0.17162343431846228 0.068377058720216155 0.016099911532364786 0.33246626108302735 0.34129423707781825
leaf_count=12 83 2517 153 378 279 810 90 164 208 326 76 32 130 672
internal_value=3.23224e-09 -0.0029151 0.00014596 -0.00675861 0.000437963 -0.00177269 0.00837555 -0.00274849 0.00378152 -0.00345284 0.00911662 -0.00796254 -0.00397953 -0.000787524
internal_weight=4.32772 3.69398 2.59182 1.10216 0.249137 2.0319 0.633735 1.84357 0.559922 1.76055 0.564583 0.853022 1.58893 0.67376
internal_count=5930 5681 2475 3206 657 2114 249 2102 361 1938 166 2549 1612 802
is_linear=0
shrinkage=0.025


Tree=155
num_leaves=15
num_cat=0
split_feature=0 3 28 31 9 8 6 8 9 3 11 8 12 5
split_gain=0.244194 0.0893639 0.0411612 0.0331893 0.0320291 0.0259922 0.0221537 0.0114997 0.00858313 0.00800447 0.00535302 0.00529095 0.0045424 0.00360741
threshold=5.6023000000000005 277577.00000000006 1.0000000180025095e-35 1.0000000180025095e-35 5.7064833333333338 3.9887000000000001 78.500000000000014 4.8139500000000011 5.9025500000000006 276816.50000000006 12.582556829267018 6.315100000000001 5.5000000000000009 77.500000000000014
decision_type=10 8 2 2 10 8 8 10 8 10 10 10 10 10
left_child=1 2 3 6 -2 9 12 -7 10 -4 -3 13 -1 -8
right_child=4 8 5 -5 -6 7 11 -9 -10 -11 -12 -13 -14 -15
leaf_value=0.0017024891954480498 0.0091793781466035142 -0.0077936265935939653 -0.0026166205989352712 0.0017169703369309737 -0.00079286062988139991 0.0034421225600323583 -0.0059561926496815368 -0.00063433363338685669 -0.00053267933029280687 0.00087916927215168526 -1.4468658153164377e-07 0.00025961824505346367 -0.00078177059655358332 0.00017187063485099631
leaf_weight=0.064181494642980397 0.57310443578171533 0.70526733534643393 0.20830825927259855 0.16436295610037632 0.060625318961683661 1.4769391047739189 0.43856724884244669 0.19039228965993982 0.28910461105988372 0.036104508995776996 0.056959771289257333 0.0077391557279042891 0.04786793228413444 0.0055119255703175432
leaf_count=115 181 2169 126 254 68 145 1755 84 785 6 101 12 108 21
internal_value=-7.66827e-10 -0.00289881 0.000103806 -0.00297541 0.00832402 0.00189579 -0.00456648 0.00291333 -0.00681365 -0.0018087 -0.0075418 -0.00560259 0.000892555 -0.00581378
internal_weight=4.32504 3.69131 2.63997 0.728231 0.63373 1.91174 0.563868 1.66733 1.05133 0.244413 0.762227 0.451818 0.112049 0.444079
internal_count=5930 5681 2626 2265 249 361 2011 229 3055 132 2270 1788 223 1776
is_linear=0
shrinkage=0.025


Tree=156
num_leaves=15
num_cat=0
split_feature=0 3 2 35 9 31 2 3 2 2 6 0 3 0
split_gain=0.298142 0.0862868 0.0453185 0.0434978 0.0348932 0.0167905 0.00934275 0.0193689 0.0211656 0.00878482 0.00652702 0.00614696 0.00530097 0.00473088
threshold=5.6023000000000005 215386.50000000003 1982.5000000000002 1.0000000180025095e-35 5.7064833333333338 1.0000000180025095e-35 2011.5000000000002 213073.50000000003 1971.5000000000002 2023.5000000000002 74.500000000000014 3.9859500000000003 118861.50000000001 5.0585500000000012
decision_type=10 8 8 2 10 2 10 10 10 10 10 10 10 8
left_child=1 6 -3 5 -2 10 7 8 -1 12 -4 -11 -8 -14
right_child=4 2 3 -5 -6 -7 9 -9 -10 11 -12 -13 13 -15
leaf_value=0.0013515408167475949 0.0098237860925989746 0.0010629247835350999 -0.0072125215387435979 0.0015728810079090343 -0.00079191808357181913 0.00019812594839809314 -0.00034161979578294918 0.0021635851997066969 -0.0040201596143786414 -0.0016030262211264767 2.6273114182317258e-05 0.0011482336269694382 -0.00024666522205943206 0.0043938761186250825
leaf_weight=0.13775457142037373 0.63235468801576633 0.35911180559196543 2.1094935283836107 0.077879434567876049 0.060698522836901248 0.15645539134857234 0.030079987569479272 0.11164571775589138 0.13392179444781505 0.092730600532377139 0.072422688419464865 0.017095205141231418 0.04043389561411459 0.28407897465513088
leaf_count=11 181 45 4286 156 68 311 8 16 124 279 132 29 127 157
internal_value=-2.04069e-09 -0.00328695 -0.00504057 -0.0059933 0.00897545 -0.00664096 0.00207499 -0.000445077 -0.00237547 0.00303857 -0.0070395 -0.00052604 0.00371591 0.00406598
internal_weight=4.31616 3.6231 2.77536 2.41625 0.693053 2.33837 0.847741 0.383322 0.271676 0.464419 2.18192 0.109826 0.354593 0.324513
internal_count=5930 5681 4930 4885 249 4729 751 151 135 600 4418 308 292 284
is_linear=0
shrinkage=0.025


Tree=157
num_leaves=15
num_cat=0
split_feature=0 3 2 35 9 31 2 2 2 0 6 0 6 3
split_gain=0.290636 0.0786282 0.0422901 0.0426964 0.0342961 0.0169017 0.0134528 0.00952797 0.0081783 0.00678714 0.00637968 0.00609729 0.00377106 0.00347746
threshold=5.6023000000000005 215386.50000000003 1982.5000000000002 1.0000000180025095e-35 5.7064833333333338 1.0000000180025095e-35 2002.5000000000002 1975.5000000000002 2023.5000000000002 5.0585500000000012 74.500000000000014 3.9859500000000003 69.500000000000014 164891.50000000003
decision_type=10 8 8 2 10 2 10 10 10 8 10 10 8 10
left_child=1 6 -3 5 -2 10 7 -1 9 -8 12 -10 -4 -11
right_child=4 2 3 -5 -6 -7 8 -9 11 13 -12 -13 -14 -15
leaf_value=0.0011287476672838304 0.0097161221051004429 0.0010119893878427434 9.004073531805628e-05 0.001582927196984771 -0.00078793421804681867 0.00022581230955919958 -0.00041861756962976353 -0.0022234252824251495 -0.001579423517975746 -0.00015911089461863223 3.0869926440930311e-05 0.0011554201543407983 -0.0071357328622967224 0.0042999010824936257
leaf_weight=0.16872570832492817 0.62865334103116755 0.35796636110171709 0.020729620460770093 0.07821807381696988 0.06079048989340663 0.15701509814243753 0.047748951328685507 0.11606993255554698 0.092725616574170999 0.043705324438633397 0.072507196338847169 0.017228290307684802 2.0817153509706277 0.36101182377024088
leaf_count=13 181 45 53 156 68 311 158 69 279 28 132 29 4233 175
internal_value=5.49042e-09 -0.00324748 -0.00491568 -0.00583466 0.00887177 -0.00648386 0.00191352 -0.000904659 0.00300623 0.00361285 -0.00688681 -0.000496012 -0.00705843 0.0040479
internal_weight=4.30481 3.61537 2.76815 2.41019 0.689444 2.33197 0.847216 0.284796 0.56242 0.452466 2.17495 0.109954 2.10244 0.404717
internal_count=5930 5681 4930 4885 249 4729 751 82 669 361 4418 308 4286 203
is_linear=0
shrinkage=0.025


Tree=158
num_leaves=15
num_cat=0
split_feature=0 3 2 35 9 31 2 3 2 2 0 6 3 0
split_gain=0.284764 0.0731035 0.0401246 0.0414554 0.0342117 0.0154657 0.0134178 0.0219669 0.0225562 0.00862199 0.00619361 0.00593055 0.00539749 0.00473022
threshold=5.6023000000000005 215386.50000000003 1982.5000000000002 1.0000000180025095e-35 5.7064833333333338 1.0000000180025095e-35 2011.5000000000002 213073.50000000003 1975.5000000000002 2023.5000000000002 3.9859500000000003 74.500000000000014 118861.50000000001 5.0585500000000012
decision_type=10 8 8 2 10 2 10 10 10 10 10 10 10 8
left_child=1 6 -3 5 -2 11 7 8 -1 12 -11 -4 -8 -14
right_child=4 2 3 -5 -6 -7 9 -9 -10 10 -12 -13 13 -15
leaf_value=0.0013043171626806148 0.0096314623852018551 0.0009732928812272129 -0.0069081280100830884 0.0015671844122865852 -0.00079506775719686618 0.00018958661423641645 -0.00035159611996424549 0.0021361869664842637 -0.0043638651501149914 -0.0016035400376535191 0.0011562047965215586 2.1271564672683012e-05 -0.00024811167792259292 0.0043720915399298871
leaf_weight=0.13694215175928581 0.62825069890823204 0.3582468910608444 2.0977002119107069 0.078601611749036127 0.061171464622020721 0.15748457252630021 0.029946190101327375 0.11120625495095737 0.14104313046846073 0.092846632061991841 0.017324738786555827 0.072883425396866985 0.040690334993996657 0.28660912544000894
leaf_count=12 181 45 4286 156 68 311 8 16 123 279 29 132 127 157
internal_value=-7.50915e-11 -0.00321079 -0.00481942 -0.00571428 0.00878332 -0.00635715 0.00178065 -0.000808154 -0.00273589 0.00301799 -0.000519008 -0.00674213 0.0036875 0.00404352
internal_weight=4.31095 3.62153 2.76492 2.40667 0.689422 2.32807 0.856609 0.389192 0.277985 0.467417 0.110171 2.17058 0.357246 0.327299
internal_count=5930 5681 4930 4885 249 4729 751 151 135 600 308 4418 292 284
is_linear=0
shrinkage=0.025


Tree=159
num_leaves=15
num_cat=0
split_feature=11 8 30 9 3 35 7 3 13 2 2 2 31 4
split_gain=0.280171 0.070718 0.0434905 0.0398917 0.0313981 0.0268027 0.0244304 0.0160399 0.0139406 0.0135449 0.0112206 0.0104236 0.00769372 0.00705549
threshold=12.582556829267018 4.7254500000000013 1.0000000180025095e-35 1.7818892857142858 215386.50000000003 1.0000000180025095e-35 1.5000000000000002 175011.00000000003 16.500000000000004 1982.5000000000002 2020.5000000000002 2022.5000000000002 1.0000000180025095e-35 43.500000000000007
decision_type=10 10 2 10 8 2 2 10 8 8 10 10 2 10
left_child=1 3 6 4 7 9 -2 -1 -8 -6 12 -9 -3 -12
right_child=2 10 -4 -5 5 -7 8 11 -10 -11 13 -13 -14 -15
leaf_value=-0.0015556027509767117 -0.00047547956313692609 -0.0077075254650622003 -0.0012194528725503711 0.0032221366061775183 0.00034529630887816402 0.0015860793582440802 -0.00011633893624297045 0.0032780586446083991 0.010340868675230515 -0.0048280950785667687 -0.001530863739607598 -0.00084610453315226309 0.00023667841457070232 0.0013158120475520105
leaf_weight=0.120452679024312 0.058544183004414552 0.77260582552844415 0.041669189609820023 0.39207223857374618 0.22277247581223458 0.079160657798638456 0.060587490152101964 0.51091562515648548 0.63235606043599546 1.1382321271084948 0.069192609320452902 0.059354886034270748 0.018814423208823428 0.11397837672120659
leaf_count=86 80 2494 52 318 15 157 85 118 223 1617 204 164 36 281
internal_value=2.30511e-09 -0.00333137 0.00835566 -0.000394759 -0.00187684 -0.00335622 0.0092797 0.00136839 0.0098979 -0.00419371 -0.00688359 0.00258334 -0.00749197 -0.000144529
internal_weight=4.29071 3.49755 0.793157 2.52296 2.13089 1.44017 0.751488 0.690723 0.692944 1.361 0.974591 0.570271 0.79142 0.183171
internal_count=5930 5490 440 2475 2157 1789 388 368 308 1632 3015 282 2530 485
is_linear=0
shrinkage=0.025


Tree=160
num_leaves=15
num_cat=0
split_feature=11 8 30 9 7 3 35 3 2 13 2 31 8 31
split_gain=0.276204 0.0627796 0.0433991 0.0404971 0.024545 0.0188089 0.0220336 0.0158228 0.0139906 0.0139755 0.0113683 0.010728 0.0100704 0.00989902
threshold=12.582556829267018 4.7254500000000013 1.0000000180025095e-35 1.7818892857142858 1.5000000000000002 195189.50000000003 1.0000000180025095e-35 175011.00000000003 2004.5000000000002 16.500000000000004 1995.5000000000002 1.0000000180025095e-35 6.315100000000001 1.0000000180025095e-35
decision_type=10 10 2 10 2 8 2 10 8 8 10 2 10 2
left_child=1 3 4 5 -2 7 8 -1 10 -6 -7 -10 13 -3
right_child=2 12 -4 -5 9 6 -8 -9 11 -11 -12 -13 -14 -15
leaf_value=-0.0015540603023859135 -0.00048384378439078526 -0.0072828066458766293 -0.0012256150061167263 0.0031735525261670249 -0.0001201704968443756 -0.0015290917687867868 0.0015274253254157783 0.0027094933226994122 -0.0050566577826886491 0.010285210135313857 0.0017647998910756411 0.00032863749430300424 0.000350171142962077 0.0002172757636651911
leaf_weight=0.11994561253232072 0.058742554305354022 0.88323671356192779 0.041850522102322429 0.39308224897104072 0.060798696737037972 0.50153910934750423 0.081393763335654401 0.24404863409290556 0.89681765216664644 0.63332670999807306 0.16515524503483903 0.13106574493576773 0.027314953244058415 0.056666805205168203
leaf_count=86 80 2880 52 318 85 84 160 118 1412 223 38 259 38 97
internal_value=1.38993e-09 -0.00330702 0.00829236 -0.00049717 0.00921882 -0.00196739 -0.00281265 0.00119522 -0.0035106 0.00984085 -0.000143833 -0.00454654 -0.00667233 -0.00695172
internal_weight=4.29498 3.50027 0.794718 2.53305 0.752868 2.13997 1.77597 0.363994 1.69458 0.694125 0.666694 1.02788 0.967218 0.939904
internal_count=5930 5490 440 2475 388 2157 1953 204 1793 308 122 1671 3015 2977
is_linear=0
shrinkage=0.025


Tree=161
num_leaves=15
num_cat=0
split_feature=0 3 9 2 35 2 3 31 2 0 3 0 6 13
split_gain=0.309123 0.0560917 0.0366483 0.0366326 0.0384356 0.0188549 0.0267264 0.0130477 0.00854267 0.0061161 0.00526316 0.00485307 0.00475706 0.00411179
threshold=5.6023000000000005 215386.50000000003 5.7064833333333338 1982.5000000000002 1.0000000180025095e-35 2011.5000000000002 213073.50000000003 1.0000000180025095e-35 2023.5000000000002 3.9859500000000003 118861.50000000001 5.0585500000000012 74.500000000000014 17.500000000000004
decision_type=10 8 10 8 2 10 10 2 10 10 10 8 10 8
left_child=1 5 13 -3 7 6 -1 12 10 -10 -7 -12 -5 -2
right_child=2 3 -4 4 -6 8 -8 -9 9 -11 11 -13 -14 -15
leaf_value=-0.0033513974269690897 0.00023702193081690011 0.00087959229813719452 -0.00082990886282394225 -0.0067311127386017501 0.0014768460371672293 -0.00035938501808832813 0.0021258621962062683 0.00010686084916238551 -0.0016116689757696226 0.0011359026521329631 -0.00026945252845895525 0.0042356395945146287 -1.8502683331230691e-05 0.010195954044713147
leaf_weight=0.27501492528244886 0.0756952415104023 0.35515251899778411 0.061821413226425648 2.0811093799420646 0.079873934388160595 0.029639742017025128 0.11081862353603356 0.15993504729703989 0.094177981212851591 0.017419537500245497 0.041078075431869365 0.28524343966273591 0.07307156454771746 0.58894491969840601
leaf_count=135 76 45 68 4286 156 8 16 311 279 29 127 157 132 105
internal_value=4.04464e-09 -0.0033839 0.00902109 -0.00476066 -0.00561003 0.00122687 -0.00137941 -0.00622646 0.00285202 -0.000546747 0.00353496 0.00389295 -0.00658147 0.00988548
internal_weight=4.329 3.60253 0.726462 2.74914 2.39399 0.853392 0.385834 2.31412 0.467559 0.111598 0.355961 0.326322 2.15418 0.66464
internal_count=5930 5681 249 4930 4885 751 151 4729 600 308 292 284 4418 181
is_linear=0
shrinkage=0.025


Tree=162
num_leaves=15
num_cat=0
split_feature=0 3 35 9 12 12 12 0 0 31 3 9 13 11
split_gain=0.307838 0.0495079 0.0421015 0.0367185 0.0246744 0.0381308 0.0243728 0.0298536 0.027815 0.0167471 0.0158326 0.00844689 0.00419771 0.00236434
threshold=5.6023000000000005 265460.00000000006 1.0000000180025095e-35 5.7064833333333338 15.500000000000002 36.500000000000007 3.5000000000000004 5.0585500000000012 1.0000000180025095e-35 1.0000000180025095e-35 218222.50000000003 4.0122333333333344 17.500000000000004 12.582556829267018
decision_type=10 8 2 10 10 8 10 8 10 2 10 10 8 10
left_child=1 4 9 12 6 -6 8 -8 -1 13 -7 -9 -2 -3
right_child=3 2 -4 -5 5 10 7 11 -10 -11 -12 -13 -14 -15
leaf_value=-0.003662869677108957 0.00023534309975265178 -0.0075824448984314523 0.0014797388098972805 -0.00083418637423598486 -0.0046866749473054338 -0.0013808307432315776 -0.0017290155085518965 0.00475519736828201 0.0021562829633378577 0.00032104507385063844 0.0026014272290021414 -0.00038061080306092503 0.010173993151992959 -0.00015240034012896735
leaf_weight=0.21919951286690842 0.076131396286655106 1.0583716895853283 0.080757549352710956 0.062061520293354988 0.49038622506486684 0.27576336020138126 0.10347577316133538 0.63524333953682799 0.047629195396439172 0.10309992870315898 0.446246749634156 0.069527607316558715 0.59032329160254449 0.069331096950918325
leaf_count=614 76 2979 157 68 596 23 407 225 101 219 45 192 105 123
internal_value=4.78585e-09 -0.00338054 -0.00597738 0.00899456 -0.000526284 -0.00225288 0.00156819 0.00302 -0.00174198 -0.00691066 0.00116184 0.00432248 0.00986117 -0.00741196
internal_weight=4.32755 3.59903 1.31156 0.728516 2.28747 1.2124 1.07508 0.808247 0.266829 1.2308 0.72201 0.704771 0.666455 1.1277
internal_count=5930 5681 3478 249 2203 664 1539 824 715 3321 68 417 181 3102
is_linear=0
shrinkage=0.025


Tree=163
num_leaves=15
num_cat=0
split_feature=0 3 35 13 12 3 12 0 0 28 31 6 12 3
split_gain=0.301651 0.0500627 0.0413776 0.0284588 0.0215106 0.0424522 0.0239109 0.0273908 0.0249823 0.0214637 0.016582 0.0108346 0.0073931 0.00629796
threshold=5.6401500000000011 265460.00000000006 1.0000000180025095e-35 17.500000000000004 13.500000000000002 245183.50000000003 3.5000000000000004 1.0000000180025095e-35 5.0585500000000012 1.0000000180025095e-35 1.0000000180025095e-35 76.500000000000014 57.500000000000007 118861.50000000001
decision_type=10 8 2 8 10 8 10 10 8 2 2 10 10 10
left_child=1 4 10 -2 6 12 7 -1 -8 -7 11 -3 -6 -10
right_child=3 2 -4 -5 5 9 8 -9 13 -11 -12 -13 -14 -15
leaf_value=-0.0036269422590914009 -0.00043071680372635548 -0.0075725916532368544 0.0014722758039981793 0.0098779931215054982 -0.0044910639507021706 -0.001649405050884397 -0.0015087680994239781 0.0021427254003073709 -0.00036116822716593394 0.0035628465040902918 0.00032516601255642492 0.0003540401307271714 7.6429664342028637e-05 0.0045196670179355001
leaf_weight=0.21869669256557311 0.096927606093231478 1.1177088775730224 0.080882100592134409 0.5950737331295386 0.70531957017374192 0.068194685605703964 0.092168700743059162 0.048613248822221067 0.029201521043432876 0.31231628893874586 0.10342009796295304 0.022551150468643644 0.21663860414992087 0.61196909520367626
leaf_count=614 97 3089 157 112 416 299 353 102 7 38 219 39 14 374
internal_value=8.26481e-09 -0.00330265 -0.00590407 0.00903289 -0.000472054 -0.00202045 0.00154588 -0.00171485 0.00303808 0.00211059 -0.00682616 -0.00732365 -0.00393646 0.00421275
internal_weight=4.31968 3.62768 1.32456 0.692001 2.30312 1.30247 1.00065 0.26731 0.733339 0.380511 1.24368 1.14026 0.921958 0.641171
internal_count=5930 5721 3504 209 2217 767 1450 716 734 337 3347 3128 430 381
is_linear=0
shrinkage=0.025


Tree=164
num_leaves=15
num_cat=0
split_feature=0 3 13 3 12 12 0 0 5 3 31 6 2 3
split_gain=0.340031 0.0472462 0.0324813 0.0222667 0.028548 0.0166959 0.0268637 0.0192644 0.0139244 0.0125257 0.0119069 0.00894594 0.00492179 0.00472773
threshold=5.6401500000000011 265460.00000000006 17.500000000000004 258620.00000000003 15.500000000000002 3.5000000000000004 1.0000000180025095e-35 5.0585500000000012 62.500000000000007 246846.50000000003 1.0000000180025095e-35 76.500000000000014 1968.5000000000002 164891.50000000003
decision_type=10 8 8 10 10 10 10 8 10 10 2 10 10 10
left_child=1 3 -2 4 5 6 -1 -7 -5 13 11 -3 -6 -9
right_child=2 10 -4 8 12 7 -8 9 -10 -11 -12 -13 -14 -15
leaf_value=-0.0035486137313369332 -0.00048627775049896394 -0.0067150425986594988 0.010320144504789236 0.0033188571014909083 9.9830427485787323e-06 -0.0014664839272435126 0.0021558084239316324 -0.0002588338548437401 -0.0011813878622575478 -0.00086555837107719642 0.0002330115951397414 0.00033223718142337181 -0.0039629388099238693 0.0042566705549377942
leaf_weight=0.21110991431487558 0.097577818378340342 1.1943577260099116 0.63827403448522091 0.25266781092795998 0.21317908944911323 0.091571669283439405 0.045786280919855926 0.039348125224933028 0.047535610108752735 0.035250136163085699 0.10478567719110277 0.022716203791787737 0.78254359499260318 0.57536574480764102
leaf_count=585 97 3246 112 62 14 357 93 23 172 69 219 39 554 288
internal_value=1.6763e-08 -0.00354693 0.00943254 -0.000678558 -0.00172179 0.000949097 -0.00162563 0.00226234 0.00224571 0.00335809 -0.00608908 -0.00649298 -0.00353356 0.00398634
internal_weight=4.35207 3.61622 0.735852 2.29436 1.99415 0.998432 0.256896 0.741536 0.300203 0.649964 1.32186 1.21707 0.995723 0.614714
internal_count=5930 5721 209 2217 1983 1415 678 737 234 380 3504 3285 568 311
is_linear=0
shrinkage=0.025


Tree=165
num_leaves=15
num_cat=0
split_feature=0 8 9 13 2 0 35 3 3 2 2 8 3 4
split_gain=0.337156 0.045585 0.0416723 0.0325244 0.0319952 0.0297989 0.01669 0.0138825 0.0165914 0.0141835 0.0105893 0.0105324 0.00587152 0.00460017
threshold=5.6401500000000011 4.7254500000000013 1.7818892857142858 17.500000000000004 2018.5000000000002 4.5355000000000016 1.0000000180025095e-35 215386.50000000003 175011.00000000003 2022.5000000000002 1982.5000000000002 4.9261000000000008 280360.00000000006 60.500000000000007
decision_type=10 10 10 8 10 10 2 8 10 10 8 10 8 10
left_child=1 2 6 -2 11 -6 7 8 -1 -10 -9 -3 -4 -13
right_child=3 4 12 -5 5 -7 -8 10 9 -11 -12 13 -14 -15
leaf_value=-0.0022554413904627346 -0.00049142202082769161 -6.6991565231820969e-07 0.0034164564534188702 0.010278030930741294 -0.0026007552474587407 0.0031606673722333108 0.0013851203703902472 0.00029222646390353058 0.0027700041029398688 -0.0013694398416914874 -0.0043518249035337346 -0.0080480136722958784 -0.00045287655758783968 0.00015062359129633797
leaf_weight=0.12359097310400269 0.097958146245218702 0.11154300298949216 0.34587365131301329 0.63892808562377468 0.14167848089709878 0.11614631905104034 0.087474354077130445 0.21920290940033704 0.50386100835748948 0.065006145654479042 1.1066014646930853 0.7406200831537717 0.043209855772147421 0.0067276050540385759
leaf_count=84 97 159 176 112 378 284 166 15 113 162 1617 2402 142 23
internal_value=3.07396e-09 -0.00353578 -0.000860209 0.00938771 -0.00628289 0.000444053 -0.00229638 -0.00286199 0.000102245 0.0017256 -0.00378849 -0.00745479 0.00297007 -0.00793025
internal_weight=4.34842 3.61154 2.49482 0.736886 1.11672 0.257825 2.10574 2.01826 0.692458 0.568867 1.3258 0.858891 0.389084 0.747348
internal_count=5930 5721 2475 209 3246 662 2157 1991 359 275 1632 2584 318 2425
is_linear=0
shrinkage=0.025


Tree=166
num_leaves=15
num_cat=0
split_feature=11 3 35 12 3 12 11 11 10 8 31 7 6 12
split_gain=0.330894 0.0443241 0.0395885 0.0226568 0.0434404 0.0194457 0.0248029 0.0241428 0.0178427 0.017049 0.0144262 0.013338 0.0103768 0.00656637
threshold=12.98410605426046 265460.00000000006 1.0000000180025095e-35 13.500000000000002 245183.50000000003 3.5000000000000004 1.0000000180025095e-35 11.647014775957606 1.0000000180025095e-35 5.824650000000001 1.0000000180025095e-35 2.5000000000000004 76.500000000000014 57.500000000000007
decision_type=10 8 2 10 8 10 10 8 10 10 2 2 10 10
left_child=1 3 10 5 13 6 -1 -7 11 -2 12 -6 -3 -5
right_child=9 2 -4 4 8 7 -8 -9 -10 -11 -12 -13 -14 -15
leaf_value=-0.0033874716668298209 -0.00016359653769548483 -0.0075693982271756739 0.0013896050209380238 -0.0046670902680357 -0.00078755393096850777 -0.0015512657633247938 0.0020772659684588119 0.0039666980046858058 -0.0014492193245781385 0.0098539496647059716 0.0002346891862448799 0.0042720265290316292 0.00033543024844965983 -3.113908791308955e-06
leaf_weight=0.21444359081215303 0.079026976309250929 1.1054731849581001 0.081642940203891956 0.70921896859363154 0.081931363572948723 0.093383536986948457 0.049206795883947052 0.63750338689715136 0.074797197332372889 0.65658704849192873 0.10482934754691076 0.21956577598757576 0.022718976775649824 0.2135765457933303
leaf_count=614 84 3089 157 416 36 353 102 381 244 126 219 56 39 14
internal_value=7.19498e-09 -0.00350398 -0.00597571 -0.000703053 -0.0022533 0.00143639 -0.00153081 0.00277277 0.00203468 0.00930357 -0.0068673 0.0033484 -0.0073274 -0.00415065
internal_weight=4.34391 3.60829 1.31466 2.29363 1.29909 0.994537 0.26365 0.730887 0.376294 0.735614 1.23302 0.301497 1.12819 0.922796
internal_count=5930 5720 3504 2216 766 1450 716 734 336 210 3347 92 3128 430
is_linear=0
shrinkage=0.025


Tree=167
num_leaves=15
num_cat=0
split_feature=0 8 9 13 2 0 35 8 2 12 7 0 4 7
split_gain=0.327048 0.0428189 0.0414822 0.032328 0.0318413 0.0297549 0.0167137 0.0106691 0.00906169 0.0283994 0.00666973 0.00572122 0.00457772 0.00442251
threshold=5.6401500000000011 4.7254500000000013 1.7818892857142858 17.500000000000004 2018.5000000000002 4.5355000000000016 1.0000000180025095e-35 4.9261000000000008 2020.5000000000002 13.500000000000002 5.5000000000000009 4.2657000000000007 60.500000000000007 3.5000000000000004
decision_type=10 10 10 8 10 10 2 10 8 10 2 8 10 2
left_child=1 2 6 -2 7 -6 8 -3 9 10 -1 -4 -9 -11
right_child=3 4 11 -5 5 -7 -8 12 -10 13 -12 -13 -14 -15
leaf_value=0.0027290961719810365 -0.00049677278142034177 1.53946117250143e-05 -0.00045620295189793402 0.010151133468144752 -0.0025872307357420622 0.0031712132527847697 0.0013826314142573993 -0.0079355667152892547 -0.0043004101252773026 -0.0029991727626647985 -0.00066180145323230341 0.0033805416902253265 0.00015265854000895659 7.4307178354488044e-05
leaf_weight=0.3934149147389705 0.099376689409837016 0.11176589969545581 0.03664711744931981 0.63438431522808969 0.14129176435380941 0.1170294517360162 0.087897934863576554 0.73329310342523968 0.5696539892014697 0.70336901932023466 0.052816349067143165 0.35330107944901101 0.0067186372180003664 0.29615999208181165
leaf_count=150 97 159 121 112 378 284 166 2402 1482 182 97 197 23 80
internal_value=3.48143e-10 -0.00348544 -0.000873225 0.00925428 -0.00615815 0.000468524 -0.00230475 -0.00733558 -0.00287076 -0.000779462 0.00214766 0.00295117 -0.0078166 -0.00250678
internal_weight=4.33712 3.60336 2.49326 0.733761 1.1101 0.258321 2.10331 0.851778 2.01541 1.44576 0.446231 0.389948 0.740012 0.999529
internal_count=5930 5721 2475 209 3246 662 2157 2584 1991 509 247 318 2425 262
is_linear=0
shrinkage=0.025


Tree=168
num_leaves=15
num_cat=0
split_feature=0 8 9 2 13 0 35 8 7 12 12 2 0 4
split_gain=0.321787 0.0409673 0.041 0.0317381 0.0315898 0.0296773 0.0168399 0.0103396 0.00748707 0.0202826 0.00681888 0.00636745 0.00564626 0.00454403
threshold=5.6401500000000011 4.7254500000000013 1.7818892857142858 2018.5000000000002 17.500000000000004 4.5355000000000016 1.0000000180025095e-35 4.9261000000000008 1.5000000000000002 13.500000000000002 3.5000000000000004 1982.5000000000002 4.2657000000000007 60.500000000000007
decision_type=10 10 10 10 8 10 2 10 2 8 10 8 8 10
left_child=1 2 6 7 -2 -5 8 -3 9 10 -1 -11 -4 -9
right_child=4 3 12 5 -6 -7 -8 13 -10 11 -12 -13 -14 -15
leaf_value=-0.00075149998159901527 -0.00048455447306817724 1.111046219926607e-05 -0.00045453804580050569 -0.0025763502569002071 0.010076228530324841 0.0031756777498979337 0.0013899906711250631 -0.0078542389617522572 -0.0038630570616789784 0.00030416619152998699 0.0025407177761649921 -0.0029424636381225264 0.0033502877162579861 0.00015342369359220613
leaf_weight=0.04182667221175651 0.099594538274686673 0.11177284007135291 0.036655760879511834 0.140950027423969 0.63101787149207667 0.11754431331064552 0.08807752645225253 0.72939409274840727 0.93921074960235262 0.28202884239726711 0.33327328656014288 0.41727650303801056 0.35241241055337014 0.0067241904471302396
leaf_count=130 97 159 121 378 112 284 166 2402 1257 17 130 457 197 23
internal_value=2.43363e-09 -0.00345903 -0.000886594 -0.00607999 0.00918848 0.000484288 -0.00230669 -0.00726031 -0.00287597 -0.000566811 0.00189407 -0.00222464 0.00292266 -0.00773485
internal_weight=4.32776 3.59715 2.49076 1.10639 0.730612 0.258494 2.10169 0.847891 2.01362 1.07441 0.3751 0.699305 0.389068 0.736118
internal_count=5930 5721 2475 3246 209 662 2157 2584 1991 734 260 474 318 2425
is_linear=0
shrinkage=0.025


Tree=169
num_leaves=15
num_cat=0
split_feature=0 3 13 28 3 2 31 6 7 31 6 8 12 3
split_gain=0.36982 0.0470161 0.0376683 0.0244865 0.0244661 0.0410997 0.0175826 0.0196591 0.0155181 0.00922541 0.0086325 0.00389518 0.00286234 0.00249399
threshold=5.6401500000000011 265460.00000000006 17.500000000000004 1.0000000180025095e-35 245183.50000000003 2012.5000000000002 1.0000000180025095e-35 77.500000000000014 3.5000000000000004 1.0000000180025095e-35 76.500000000000014 6.315100000000001 57.500000000000007 204826.50000000003
decision_type=10 8 8 2 10 8 2 8 2 2 10 10 10 10
left_child=1 3 -2 6 5 12 7 -1 -6 10 -3 -9 -5 -8
right_child=2 9 -4 4 8 -7 13 11 -10 -11 -12 -13 -14 -15
leaf_value=0.00093713221290467818 -0.00058207440015847962 -0.0068633706698234907 0.010575112754317925 -0.0035793052649541282 -0.00085098029649495184 0.0025742616965648297 0.0014770062734346171 -0.0052581868913320054 0.0043374392398996542 9.1220791738803137e-05 0.00030795931323079954 0.00020641056430227485 -7.994879907887028e-05 -0.00047019686145024229
leaf_weight=0.093474599983892404 0.10049548387178209 1.1908100938162531 0.69363553449511528 0.59709956511505846 0.11470230398117576 0.3952802782150685 0.094138522719731554 0.40620097143255463 0.28388967804494314 0.10616343384026539 0.022821679362095781 0.0089497332228347659 0.21210473318933509 0.069636027415981516
leaf_count=180 97 3246 112 67 26 66 132 1532 80 219 39 13 13 108
internal_value=9.40149e-10 -0.00375817 0.00962573 -0.000808848 0.000921451 -0.00100776 -0.0030184 -0.0040839 0.00330347 -0.00630247 -0.00665032 -0.00507777 -0.00321324 0.000956465
internal_weight=4.3894 3.59527 0.794131 2.27548 1.60308 1.20448 0.6724 0.508625 0.398592 1.3198 1.21363 0.415151 0.809204 0.163775
internal_count=5930 5721 209 2217 252 146 1965 1725 106 3504 3285 1545 80 240
is_linear=0
shrinkage=0.025


Tree=170
num_leaves=15
num_cat=0
split_feature=0 3 13 35 28 3 2 31 6 7 31 6 8 3
split_gain=0.368449 0.04506 0.0381501 0.0370792 0.0239296 0.0244095 0.0337112 0.0173074 0.0194211 0.0152161 0.0111672 0.00988779 0.00385238 0.00251053
threshold=5.6401500000000011 265460.00000000006 17.500000000000004 1.0000000180025095e-35 1.0000000180025095e-35 245183.50000000003 2012.5000000000002 1.0000000180025095e-35 77.500000000000014 3.5000000000000004 1.0000000180025095e-35 76.500000000000014 6.315100000000001 204826.50000000003
decision_type=10 8 8 2 2 10 10 2 8 2 2 10 10 10
left_child=1 4 -2 10 7 6 -6 8 -1 -7 11 -3 -10 -9
right_child=2 3 -4 -5 5 9 -8 13 12 -11 -12 -13 -14 -15
leaf_value=0.00092688699723349796 -0.00059677678569603626 -0.0077138632075618545 0.010551564487310228 0.001236434591571583 -0.0030097790352158413 -0.00084285559512931843 0.0022495743595038233 0.00146660290715114 -0.0052414012070060908 0.0042949153944148296 8.2165391331972073e-05 0.00030634196598291937 0.00020461896404139893 -0.00047733069565395809
leaf_weight=0.093814029896748252 0.10092119095497754 1.1047189398886983 0.69679776724660769 0.082581240101717301 0.80217405161238253 0.1147034903697205 0.40082590391102713 0.094539863959653303 0.40504610032803667 0.28239622303226497 0.10649483508313995 0.022895099100423866 0.008980079204775393 0.069854485103860497
leaf_count=180 97 3089 112 157 80 26 66 132 1532 80 219 39 13 108
internal_value=-5.76639e-11 -0.00375829 0.00959375 -0.00625578 -0.000841652 0.000882799 -0.00103172 -0.00301963 -0.00407478 0.00326981 -0.00708616 -0.00748357 -0.00506211 0.000940043
internal_weight=4.38674 3.58902 0.797719 1.31669 2.27233 1.6001 1.203 0.672235 0.50784 0.3971 1.23411 1.12761 0.414026 0.164394
internal_count=5930 5721 209 3504 2217 252 146 1965 1725 106 3347 3128 1545 240
is_linear=0
shrinkage=0.025


Tree=171
num_leaves=15
num_cat=0
split_feature=0 3 35 28 3 2 8 31 6 7 31 6 8 12
split_gain=0.365347 0.0425717 0.0366041 0.0229152 0.0239261 0.0319863 0.0219754 0.0170891 0.0192141 0.015623 0.0108902 0.00976762 0.00383347 0.0030691
threshold=5.6401500000000011 265460.00000000006 1.0000000180025095e-35 1.0000000180025095e-35 245183.50000000003 2012.5000000000002 5.824650000000001 1.0000000180025095e-35 77.500000000000014 3.5000000000000004 1.0000000180025095e-35 76.500000000000014 6.315100000000001 7.5000000000000009
decision_type=10 8 2 2 10 8 10 2 8 2 2 10 10 10
left_child=1 3 10 7 5 -5 -2 8 -1 -6 11 -3 -10 -7
right_child=6 2 -4 4 9 13 -8 -9 12 -11 -12 -13 -14 -15
leaf_value=0.0009214179271210517 -0.00026704755094680876 -0.0076354590244818348 0.0012340028191261368 -0.0029846254193354785 -0.00088333039874160493 -0.00021129392970175751 0.010171190436131995 0.00093254182937103046 -0.0052142455835487043 0.0042539141135654957 7.8626387963444508e-05 0.00030614847069619541 0.00020471945111107931 0.0025580522902353595
leaf_weight=0.09412861977762077 0.081973565305815899 1.1011166796379255 0.08292743726633478 0.7900764324731423 0.11440334864892077 0.13496189791476365 0.71701346291229129 0.1649520923383534 0.40362440212629791 0.281375397258671 0.10678250022465352 0.022962410235777386 0.0090107223950326443 0.27641315190703608
leaf_count=180 83 3089 157 80 26 45 126 240 1532 80 219 39 13 21
internal_value=8.18646e-10 -0.00374779 -0.00618313 -0.000877553 0.000827454 -0.00105266 0.00954711 -0.00300156 -0.00405115 0.00319999 -0.00701199 -0.00740547 -0.00503476 0.00214353
internal_weight=4.38172 3.58274 1.31379 2.26895 1.59723 1.20145 0.798987 0.671716 0.506764 0.395779 1.23086 1.12408 0.412635 0.411375
internal_count=5930 5721 3504 2217 252 146 209 1965 1725 106 3347 3128 1545 66
is_linear=0
shrinkage=0.025


Tree=172
num_leaves=15
num_cat=0
split_feature=0 8 9 13 2 0 35 2 2 8 7 0 4 7
split_gain=0.362861 0.0403092 0.0398859 0.0386206 0.0254702 0.028751 0.0150482 0.0129111 0.0222715 0.0106569 0.00621574 0.00573942 0.00445195 0.00339017
threshold=5.6401500000000011 4.7254500000000013 1.7818892857142858 17.500000000000004 2018.5000000000002 4.5355000000000016 1.0000000180025095e-35 2020.5000000000002 2012.5000000000002 4.9261000000000008 5.5000000000000009 4.2657000000000007 60.500000000000007 4.5000000000000009
decision_type=10 10 10 8 10 10 2 8 10 10 2 8 10 2
left_child=1 2 6 -2 9 -6 7 8 13 -3 -10 -4 -11 -1
right_child=3 4 11 -5 5 -7 -8 -9 10 12 -12 -13 -14 -15
leaf_value=-0.0025620073264416903 -0.00061264919227056443 9.6383248746389567e-06 -0.00048686740984619809 0.010477711676175432 -0.0026749830865135278 0.0029661716450737246 0.001215675258823817 -0.0045752029202292968 0.0025049546316578859 -0.0079941744862324377 -0.00067597519984636905 0.0032077013404306419 0.00014628985974546871 0.00019187294310686579
leaf_weight=0.78966479649534538 0.10266110303928133 0.11147292959503807 0.037232534901704528 0.6983911357820034 0.14358983932470437 0.11831422767136246 0.089351701259147265 0.5846044557329152 0.38790519892791053 0.73036398123076651 0.053011575611890294 0.3475292867369717 0.0067211790301371357 0.17548062741116155
leaf_count=189 97 159 121 112 378 284 166 1482 150 2402 97 197 23 73
internal_value=3.18691e-09 -0.00374181 -0.00106872 0.00950539 -0.00635729 0.000204476 -0.00244166 -0.00295742 -0.00066281 -0.00739757 0.0019188 0.00275678 -0.00787846 -0.00221846
internal_weight=4.37629 3.57524 2.46478 0.801052 1.11046 0.261904 2.08002 1.99067 1.40606 0.848558 0.440917 0.384762 0.737085 0.965145
internal_count=5930 5721 2475 209 3246 662 2157 1991 509 2584 247 318 2425 262
is_linear=0
shrinkage=0.025


Tree=173
num_leaves=15
num_cat=0
split_feature=11 3 13 35 3 12 12 11 3 5 8 8 31 6
split_gain=0.352907 0.0399443 0.0384099 0.035958 0.0214243 0.0176711 0.0202288 0.0266498 0.0201996 0.0133882 0.0132793 0.0124799 0.0109057 0.00973507
threshold=12.98410605426046 265460.00000000006 17.500000000000004 1.0000000180025095e-35 258620.00000000003 8.5000000000000018 3.5000000000000004 1.0000000180025095e-35 230840.00000000003 62.500000000000007 4.9554500000000008 4.245400000000001 1.0000000180025095e-35 76.500000000000014
decision_type=10 8 8 2 10 10 10 10 10 10 8 10 2 10
left_child=1 4 -2 12 5 6 7 -1 -8 -6 11 -7 13 -3
right_child=2 3 -4 -5 9 10 8 -9 -10 -11 -12 -13 -14 -15
leaf_value=-0.0036773259916642424 -0.00061964754825497947 -0.0075164736721409541 0.010365521428611309 0.0012363043656147404 0.0031531663694687965 -0.0015960588168396402 0.0038461310894783089 0.0020584415120843379 -0.0014069011346639895 -0.0011976814194844 -0.0038775816023015625 0.0020425218661499324 9.2263777097808514e-05 0.00031216290707581414
leaf_weight=0.22390646017447657 0.1035405407892539 1.092881565360585 0.69309399835765362 0.08336225600214664 0.24572328920476127 0.19141106493043447 0.3366308134936844 0.04686885439150501 0.078230068145785481 0.0480690580807277 0.90268997690873232 0.19108922548184637 0.10682427158462804 0.022985068033449241
leaf_count=585 98 3089 112 157 62 62 247 93 177 172 736 82 219 39
internal_value=-2.33807e-09 -0.00369005 0.00938755 -0.00605808 -0.000887008 -0.00187438 0.000758236 -0.00184595 0.00256131 0.0020658 -0.00299606 0.000384277 -0.00688788 -0.0072839
internal_weight=4.36731 3.57067 0.796635 1.30605 2.26462 1.97083 0.685636 0.270775 0.414861 0.293792 1.28519 0.3825 1.22269 1.11587
internal_count=5930 5720 210 3504 2216 1982 1102 678 424 234 880 144 3347 3128
is_linear=0
shrinkage=0.025


Tree=174
num_leaves=15
num_cat=0
split_feature=0 3 35 3 8 12 12 0 3 5 8 8 31 6
split_gain=0.347298 0.0393201 0.035856 0.0221602 0.022018 0.0176949 0.0198191 0.0265919 0.0201164 0.0135714 0.013294 0.0127109 0.0109136 0.00969646
threshold=5.6401500000000011 265460.00000000006 1.0000000180025095e-35 258620.00000000003 5.824650000000001 8.5000000000000018 3.5000000000000004 1.0000000180025095e-35 230840.00000000003 62.500000000000007 4.9554500000000008 4.245400000000001 1.0000000180025095e-35 76.500000000000014
decision_type=10 8 2 10 10 10 10 10 10 10 8 10 2 10
left_child=1 3 12 5 -2 6 7 -1 -8 -5 11 -7 13 -3
right_child=4 2 -4 9 -6 10 8 -9 -10 -11 -12 -13 -14 -15
leaf_value=-0.0036626138918950655 -0.00028242148661649378 -0.0074839746004802662 0.0012401483707836884 0.0031954068879498422 0.0099574185194139866 -0.001615339247793759 0.0038210183472631035 0.0020618253766194364 -0.0014106904530879075 -0.0011972406868630862 -0.0038948156563780312 0.0020540537206578387 9.5622174472802796e-05 0.00031248678473052021
leaf_weight=0.22348015294119328 0.083751958765787893 1.0842764837652792 0.083612917573191115 0.24826350242074102 0.70983944227918983 0.19272718856518589 0.33687919152725954 0.047107004007557407 0.078331578406505287 0.04806930687482236 0.90262755774892878 0.19181713731086347 0.10704246026580211 0.023036452446831279
leaf_count=585 83 3089 157 62 126 62 247 93 177 172 737 82 219 39
internal_value=3.80598e-09 -0.00366072 -0.00601805 -0.000884043 0.00932181 -0.00189175 0.000750306 -0.00182765 0.00253464 0.00210896 -0.00301201 0.000376584 -0.00685217 -0.00725046
internal_weight=4.36086 3.56727 1.29797 2.2693 0.793591 1.97297 0.685798 0.270587 0.415211 0.296333 1.28717 0.384544 1.21436 1.10731
internal_count=5930 5721 3504 2217 209 1983 1102 678 424 234 881 144 3347 3128
is_linear=0
shrinkage=0.025


Tree=175
num_leaves=15
num_cat=0
split_feature=0 8 9 13 2 0 35 3 3 2 8 2 3 31
split_gain=0.342922 0.0376956 0.03975 0.0371515 0.0260643 0.0288052 0.0151283 0.0153089 0.0196025 0.0169076 0.0106641 0.00983995 0.00574135 0.00307446
threshold=5.6401500000000011 4.7254500000000013 1.7818892857142858 17.500000000000004 2018.5000000000002 4.5355000000000016 1.0000000180025095e-35 215386.50000000003 175011.00000000003 2022.5000000000002 4.9261000000000008 1982.5000000000002 280360.00000000006 1.0000000180025095e-35
decision_type=10 10 10 8 10 10 2 8 10 10 10 8 8 2
left_child=1 2 6 -2 10 -6 7 8 -1 -10 -3 -9 -4 -12
right_child=3 4 12 -5 5 -7 -8 11 9 -11 13 -13 -14 -15
leaf_value=-0.0024282159061021769 -0.00059977400347151146 2.595558979951016e-05 0.0032213335542958868 0.0102312972745478 -0.0026477573288781367 0.0030008375025373608 0.0012260866455693035 0.00022437142981815767 0.0030629948965556634 -0.0014625264521948775 -0.0078312005102982984 -0.0044635676622695186 -0.00047505362339600785 6.3568722509848227e-05
leaf_weight=0.12523920524108789 0.10450814312207501 0.1114065715082686 0.34227998588175967 0.6878961322363466 0.1427557330680429 0.11935598685522564 0.089987569750519358 0.21687902600388032 0.48313369894458447 0.076474433750263415 0.71223760698921978 1.083208543182991 0.043447765114251524 0.015100874734343961
leaf_count=84 97 159 176 112 378 284 166 15 113 162 2397 1617 142 28
internal_value=-7.50112e-09 -0.00364067 -0.00104741 0.00926516 -0.0061795 0.000264054 -0.00242379 -0.00294458 0.000140152 0.00190334 -0.00724162 -0.00392399 0.00276262 -0.00772538
internal_weight=4.35391 3.56151 2.46065 0.792404 1.10086 0.262112 2.07492 1.98493 0.684847 0.559608 0.838745 1.30009 0.385728 0.727338
internal_count=5930 5721 2475 209 3246 662 2157 1991 359 275 2584 1632 318 2425
is_linear=0
shrinkage=0.025


Tree=176
num_leaves=15
num_cat=0
split_feature=0 9 8 9 12 0 35 3 3 12 8 12 13 3
split_gain=0.311248 0.0436945 0.0413227 0.0373517 0.0237099 0.0271127 0.0148703 0.0150504 0.019732 0.0154785 0.0107586 0.00909065 0.00728661 0.00555508
threshold=5.6023000000000005 5.7064833333333338 4.7254500000000013 1.7818892857142858 7.5000000000000009 4.5355000000000016 1.0000000180025095e-35 215386.50000000003 175011.00000000003 3.5000000000000004 4.9261000000000008 43.500000000000007 17.500000000000004 280360.00000000006
decision_type=10 10 10 10 8 10 2 8 10 10 10 10 8 8
left_child=2 12 3 6 5 -4 7 8 -1 -10 -6 -9 -2 -5
right_child=1 -3 4 13 10 -7 -8 11 9 -11 -12 -13 -14 -15
leaf_value=-0.0023965883097439174 0.00015755207535676251 -0.0010331157206557851 -0.0026000866570111674 0.0031957489469119195 3.2010981134663368e-05 0.0028850904177693134 0.0012627590395419984 -0.0042889536164066799 -0.001371427670660197 0.0030289522830232868 -0.0077175845808024881 0.00021598089660945452 0.010037443153545864 -0.000462661755545246
leaf_weight=0.12453666333749525 0.08122566554811772 0.069751139380969107 0.14178462317067864 0.34079033973102912 0.11109340496477682 0.11423623471637256 0.090194278280250617 1.0818051334208574 0.065035611012717709 0.48377868499665055 0.68951389285939513 0.21688343347341299 0.67780080396914855 0.043293005372106563
leaf_count=84 76 68 378 176 159 279 166 1617 162 113 2390 15 105 142
internal_value=1.72768e-09 0.00869761 -0.00353235 -0.000913592 -0.0062031 0.000195804 -0.0022698 -0.00280189 0.000202363 0.00195871 -0.00722167 -0.00376995 0.00967079 0.00274704
internal_weight=4.33172 0.828778 3.50295 2.44632 1.05663 0.256021 2.06223 1.97204 0.673351 0.548814 0.800607 1.29869 0.759026 0.384083
internal_count=5930 249 5681 2475 3206 657 2157 1991 359 275 2549 1632 181 318
is_linear=0
shrinkage=0.025


Tree=177
num_leaves=15
num_cat=0
split_feature=11 30 8 8 7 35 0 3 3 2 8 2 31 3
split_gain=0.306018 0.0772331 0.0468861 0.036342 0.0353152 0.015375 0.0130167 0.0123623 0.0163379 0.01429 0.00878587 0.00768822 0.00659292 0.00602338
threshold=12.582556829267018 1.0000000180025095e-35 4.7254500000000013 4.0059000000000013 3.5000000000000004 1.0000000180025095e-35 4.2657000000000007 215386.50000000003 175011.00000000003 2022.5000000000002 6.315100000000001 1971.5000000000002 1.0000000180025095e-35 282003.00000000006
decision_type=10 2 10 10 2 2 8 8 10 10 10 8 2 8
left_child=2 4 3 5 -2 7 -5 8 -1 -10 12 -9 -4 -8
right_child=1 -3 10 6 -6 -7 13 11 9 -11 -12 -13 -14 -15
leaf_value=-0.0022825169600800771 -0.00053497135006733262 -0.0020849321642837431 -0.0071303767309044757 -0.0010597389707111089 0.010541340062511785 0.001268485249111633 0.003825907688194876 0.00043077943742221943 0.0027414417982392848 -0.00139371702614013 0.00029762348681932623 -0.0041400454955263432 8.0180354361249499e-05 -0.00035394905698608598
leaf_weight=0.12721320451237317 0.096845127438427769 0.052839310432318598 0.85621143909520459 0.048047416901681461 0.78388595997239463 0.090368969365954288 0.36842269625049084 0.06148595456033934 0.4900926319824066 0.066392514447215945 0.028183426504256204 1.1233019444698584 0.059759831667179242 0.069899648093269207
leaf_count=89 119 52 2880 153 269 166 101 3 109 167 38 1580 97 107
internal_value=-6.70319e-09 0.00828657 -0.00365033 -0.000922495 0.00968654 -0.0023402 0.00252031 -0.0028961 1.53647e-05 0.00166963 -0.00660673 -0.00381424 -0.00686363 0.00337669
internal_weight=4.32295 0.93357 3.38938 2.44522 0.880731 1.95886 0.48637 1.86849 0.683698 0.556485 0.944155 1.18479 0.915971 0.438322
internal_count=5930 440 5490 2475 388 2114 361 1948 365 276 3015 1583 2977 208
is_linear=0
shrinkage=0.025


Tree=178
num_leaves=15
num_cat=0
split_feature=11 7 5 7 12 2 35 2 3 7 31 2 7 7
split_gain=0.275963 0.0560905 0.0478798 0.0346738 0.0343203 0.0332303 0.0219127 0.0184281 0.0304143 0.0147138 0.012333 0.00988471 0.0088355 0.00877741
threshold=12.582556829267018 28.000000000000004 84.500000000000014 3.5000000000000004 3.5000000000000004 2021.5000000000002 1.0000000180025095e-35 2010.5000000000002 245183.50000000003 3.5000000000000004 1.0000000180025095e-35 1968.5000000000002 16.500000000000004 8.5000000000000018
decision_type=10 2 8 2 8 8 2 10 10 2 2 10 2 2
left_child=2 3 4 -2 -1 7 -7 8 11 -10 -6 -4 -9 -11
right_child=1 -3 5 -5 10 6 -8 12 9 13 -12 -13 -14 -15
leaf_value=0.00086899857823646062 -0.00057467167320028969 -0.0012665569929245313 0.00050147011122824738 0.01007275827617745 -0.0081251161338869154 -0.0045573454742847078 0.0012808396590508562 0.0033252788611824579 -0.0011302032439120774 0.0039637835192147513 0.00039495737987388195 -0.0035288964353705752 -0.00071223957529619906 -0.00044898025376180522
leaf_weight=0.12347486840008093 0.099027027608826645 0.12492118688533083 0.20877779013244457 0.71538875412079506 0.63639494225935778 0.6059589595242868 0.057141373865306377 0.57819362390000595 0.13579325802857056 0.24701030178403016 0.018135342310415581 0.58718886633869261 0.048036488413345069 0.12652079699910246
leaf_count=332 122 152 14 166 2643 1637 103 301 71 25 23 167 112 62
internal_value=2.90958e-09 0.00784925 -0.00348128 0.00917492 -0.00670273 -0.000919386 -0.0035866 0.000907392 -0.00079879 0.00208929 -0.00779301 -0.00278115 0.00276805 0.00323043
internal_weight=4.31196 0.939337 3.37263 0.814416 0.778005 2.59462 0.6631 1.93152 1.30529 0.509324 0.65453 0.795967 0.62623 0.373531
internal_count=5930 440 5490 288 2998 2492 1740 752 339 158 2666 181 413 87
is_linear=0
shrinkage=0.025


Tree=179
num_leaves=15
num_cat=0
split_feature=11 30 7 8 7 8 35 0 7 2 3 3 3 8
split_gain=0.27426 0.0738425 0.0500199 0.0440983 0.0367184 0.0343791 0.0154734 0.0125981 0.0108118 0.015677 0.0155301 0.0121789 0.0089932 0.00865546
threshold=12.582556829267018 1.0000000180025095e-35 46.500000000000007 4.7254500000000013 3.5000000000000004 4.0059000000000013 1.0000000180025095e-35 4.2657000000000007 1.5000000000000002 2012.5000000000002 213073.50000000003 218222.50000000003 236032.00000000003 6.315100000000001
decision_type=10 2 2 10 2 10 2 8 2 10 10 10 8 10
left_child=3 2 4 5 -2 6 8 -7 9 10 -1 -12 -11 -5
right_child=1 -3 -4 13 -6 7 -8 -9 -10 12 11 -13 -14 -15
leaf_value=-0.0033051483942192306 -0.00050766411821731095 -0.0021006851807710779 -0.0012487167967811467 -0.0066300137457153616 0.011040991266098119 -0.0010420840294879483 0.0013103661737845699 0.0033269485840835681 -0.0039953680041537546 0.0026022223105831217 0.0024577456989640033 -0.0012664647631229356 -0.00093935464840614637 0.0003086770718797407
leaf_weight=0.3276662208663772 0.096863972954451927 0.052968303178204224 0.046191625995561481 0.89139904933108471 0.74259973160224035 0.047536644749925361 0.090787286026170366 0.43515251694770996 0.82453040200198291 0.30207790876738727 0.12854011915624142 0.21106859968858771 0.069845456062466837 0.028113100124755874
leaf_count=383 119 52 56 2977 213 153 166 208 1199 159 5 89 113 38
internal_value=-7.67946e-10 0.00782248 0.00921525 -0.0034808 0.0101569 -0.000855985 -0.00224242 0.00248404 -0.00281262 -0.000375105 -0.00188826 0.000925561 0.00173722 -0.00636758
internal_weight=4.29534 0.938624 0.885655 3.35672 0.839464 2.43721 1.95452 0.482689 1.86373 1.0392 0.667275 0.339609 0.371923 0.919512
internal_count=5930 440 388 5490 332 2475 2114 361 1948 749 477 94 272 3015
is_linear=0
shrinkage=0.025


Tree=180
num_leaves=15
num_cat=0
split_feature=11 30 7 5 7 12 2 2 35 11 31 10 6 8
split_gain=0.271362 0.0736096 0.05024 0.0426293 0.036232 0.0343228 0.0277783 0.0261387 0.0213593 0.0145095 0.0122189 0.00831243 0.00506549 0.00327966
threshold=12.582556829267018 1.0000000180025095e-35 46.500000000000007 84.500000000000014 3.5000000000000004 3.5000000000000004 2021.5000000000002 1986.5000000000002 1.0000000180025095e-35 12.073380645629022 1.0000000180025095e-35 2.5000000000000004 68.500000000000014 6.315100000000001
decision_type=10 2 2 8 2 8 8 10 2 8 2 8 10 10
left_child=3 2 4 5 -2 12 7 -5 -8 -9 13 -11 -1 -7
right_child=1 -3 -4 6 -6 10 8 9 -10 11 -12 -13 -14 -15
leaf_value=-0.00081834870292245168 -0.00049976136048732796 -0.0021045453897528699 -0.0012598320873359855 -0.0019186235150188719 0.010996342536000342 -0.008094582152639104 -0.0043928574584892622 -0.001216222047306029 0.0012973276202084977 0.0040211637382284076 0.00040070039724310634 0.00028090932333137104 0.0017852987830133814 6.4297450685946609e-05
leaf_weight=0.065939367785177061 0.097017126710852497 0.053041833365568891 0.046441481070360169 0.62284133471257552 0.74294255735003389 0.61015761781891342 0.60054797903285351 0.084554809873224834 0.057431727269431576 0.51057297292572901 0.018069875426590443 0.70754097655299131 0.057125290419207886 0.015427674865350127
leaf_count=240 119 52 56 51 213 2622 1637 370 103 82 23 249 92 21
internal_value=-3.00647e-09 0.00777709 0.00917059 -0.00346725 0.0101186 -0.00653491 -0.000987278 0.000725085 -0.00341328 0.00227339 -0.0076417 0.00295473 0.000903754 -0.0079776
internal_weight=4.28965 0.939443 0.886401 3.35021 0.83996 0.76672 2.58349 1.92551 0.65798 1.30267 0.643655 1.21811 0.123065 0.625585
internal_count=5930 440 388 5490 332 2998 2492 752 1740 701 2666 331 332 2643
is_linear=0
shrinkage=0.025


Tree=181
num_leaves=15
num_cat=0
split_feature=0 7 3 35 3 12 3 12 0 8 8 6 2 0
split_gain=0.304053 0.0424279 0.0394187 0.03423 0.0204133 0.0207675 0.0177695 0.0174173 0.0128174 0.0106415 0.0120869 0.00755789 0.00719742 0.00711332
threshold=5.6533000000000007 28.000000000000004 265460.00000000006 1.0000000180025095e-35 258620.00000000003 8.5000000000000018 228338.00000000003 2.5000000000000004 5.5964000000000009 4.9554500000000008 4.245400000000001 76.500000000000014 1975.5000000000002 3.9859500000000003
decision_type=10 2 8 2 10 10 10 10 8 8 10 10 10 10
left_child=2 -2 4 11 5 6 7 13 -6 10 -7 -4 -11 -1
right_child=1 -3 3 -5 8 9 -8 -9 -10 12 -12 -13 -14 -15
leaf_value=-0.0020940775610813213 0.0095969621846759279 -0.00094557750810126426 -0.0068598941605053148 0.0012139587308150747 -0.0011529065397930984 -0.0016387005711517022 -0.0017668973021787182 0.003688333348659516 0.0031412688113783478 6.215869789037251e-05 0.0019310384819704715 0.00025344901193998995 -0.0043509083988785488 0.001011320896578909
leaf_weight=0.12038620189559956 0.74490341448108655 0.083683355012908578 1.1710619232544557 0.085457383887842187 0.046355130565643665 0.19416507613641409 0.15796824544668198 0.36244138528127223 0.24419077768106945 0.23618457134580251 0.18795750358549412 0.025039475818630197 0.65179632285435218 0.0210728955862578
leaf_count=364 134 65 3311 157 182 62 406 296 53 17 82 42 723 36
internal_value=2.95571e-09 0.00859739 -0.0034904 -0.00583626 -0.000746401 -0.00174193 0.00100224 0.00246798 0.00209368 -0.0029835 0.000243909 -0.00666338 -0.00376591 -0.00115076
internal_weight=4.33266 0.828587 3.50408 1.28156 2.22252 1.93197 0.661869 0.5039 0.290546 1.2701 0.382123 1.1961 0.887981 0.141459
internal_count=5930 199 5731 3510 2221 1986 1102 696 235 884 144 3353 740 400
is_linear=0
shrinkage=0.025


Tree=182
num_leaves=15
num_cat=0
split_feature=11 5 2 12 13 2 0 35 3 31 20 7 3 7
split_gain=0.383699 0.0613142 0.0595752 0.0429843 0.0369865 0.0254104 0.0231655 0.0204831 0.0183185 0.0113612 0.00979948 0.00891487 0.00775844 0.00659883
threshold=13.127878339583118 77.500000000000014 2020.5000000000002 5.5000000000000009 17.500000000000004 1984.5000000000002 5.6023000000000005 1.0000000180025095e-35 222874.50000000003 1.0000000180025095e-35 1.0000000180025095e-35 2.5000000000000004 225259.00000000003 1.5000000000000002
decision_type=10 8 8 8 8 10 8 2 10 2 2 2 8 2
left_child=1 3 5 10 -2 12 -7 -4 11 -5 -1 -8 -3 -10
right_child=4 2 7 9 -6 6 8 -9 13 -11 -12 -13 -14 -15
leaf_value=0.0020185098987447673 -0.00057953637013664417 0.00060044756138917423 -0.0052607759157575623 -0.0089277397967263243 0.010587980208379907 -0.0015161811026052551 0.0012178740871230346 0.0010030417001779359 0.00013183263232031026 0.00036804955587085473 -0.0013417076218922525 -0.00184249288069639 -0.0025386088218873211 0.005331449873672376
leaf_weight=0.1080124016298214 0.096259459271095582 0.3057435858936518 0.67013793245132536 0.71418593771522865 0.73309990495909005 0.10726153798896088 0.30521589040290564 0.05956823009182699 0.22581031240406446 0.0057502654381096354 0.12870708830450928 0.11622434484888799 0.24192981810483616 0.60803980552009307
leaf_count=174 80 22 1719 2576 90 445 53 104 51 7 435 45 24 105
internal_value=-7.34354e-09 -0.00385389 -0.000962448 -0.00726316 0.00968356 0.00145012 0.0027889 -0.00446517 0.00366593 -0.00868267 0.000583915 -0.000328573 -0.00153052 0.00476309
internal_weight=4.42595 3.59659 2.63993 0.956656 0.829359 1.91023 1.36255 0.729706 1.25529 0.719936 0.236719 0.42144 0.547673 0.83385
internal_count=5930 5760 2568 3192 170 745 699 1823 254 2583 609 98 46 156
is_linear=0
shrinkage=0.025


Tree=183
num_leaves=15
num_cat=0
split_feature=0 13 3 35 28 3 2 6 31 7 6 31 5 0
split_gain=0.406769 0.0475463 0.0393355 0.0314219 0.025087 0.0299264 0.0362935 0.0162983 0.0135236 0.00723254 0.00701353 0.00884082 0.00534144 0.0029078
threshold=5.6533000000000007 17.500000000000004 265460.00000000006 1.0000000180025095e-35 1.0000000180025095e-35 245183.50000000003 2012.5000000000002 68.500000000000014 1.0000000180025095e-35 3.5000000000000004 76.500000000000014 1.0000000180025095e-35 76.500000000000014 4.3512000000000013
decision_type=10 8 8 2 2 10 10 10 2 2 10 2 10 10
left_child=2 -2 4 10 7 6 -6 8 12 -7 11 -4 -1 -9
right_child=1 -3 3 -5 5 9 -8 13 -10 -11 -12 -13 -14 -15
leaf_value=-0.0052708008094347891 -0.00080302266292470799 0.010729842291930816 -0.0077375162741319592 0.00097928472594584529 -0.0033155785916494408 -0.00034985877764219498 0.0022382068263045118 -0.00056370578663057693 0.00045785838208446265 0.0040519930746433465 0.00020027016706516016 -3.0362869879492306e-05 0.00028328698005333238 0.0015087295870096528
leaf_weight=0.39988442393951174 0.10498901642858971 0.80327044031582773 1.0822409435713778 0.086899031855864339 0.77603417224599958 0.10548900217690982 0.37061608038493432 0.041385346878087148 0.15845255885506049 0.2718841537280241 0.02536649050307449 0.10564415325643484 0.011588460227358155 0.071292766253463924
leaf_count=1497 91 108 3095 157 80 26 66 79 229 80 42 216 45 119
internal_value=5.50674e-09 0.00967451 -0.00409637 -0.00646706 -0.00111838 0.000771008 -0.00131407 -0.00328793 -0.00417952 0.00346086 -0.00720189 -0.00737925 -0.0050245 0.000925026
internal_weight=4.41504 0.908259 3.50678 1.30015 2.20663 1.52402 1.14665 0.682604 0.569925 0.377373 1.21325 1.18789 0.411473 0.112678
internal_count=5930 199 5731 3510 2221 252 146 1969 1771 106 3353 3311 1542 198
is_linear=0
shrinkage=0.025


Tree=184
num_leaves=15
num_cat=0
split_feature=11 19 2 12 2 0 35 9 3 31 3 7 3 7
split_gain=0.352572 0.056539 0.0478321 0.043833 0.0230544 0.0207171 0.0191388 0.0170069 0.0168038 0.0111441 0.00966706 0.00875298 0.00781667 0.00583708
threshold=13.127878339583118 1.0000000180025095e-35 2020.5000000000002 5.5000000000000009 1984.5000000000002 5.6023000000000005 1.0000000180025095e-35 5.623612500000001 222874.50000000003 1.0000000180025095e-35 252979.00000000003 2.5000000000000004 225259.00000000003 1.5000000000000002
decision_type=10 2 8 8 10 8 2 10 10 2 8 2 8 2
left_child=1 3 4 10 12 -6 -4 -2 11 -5 -1 -7 -3 -10
right_child=7 2 6 9 5 8 -8 -9 13 -11 -12 -13 -14 -15
leaf_value=0.0020272524109998602 0.0098961680347775735 0.0006086086365443763 -0.0048642885501551892 -0.0086931801263732192 -0.0014712626578674984 0.0011955386142581466 0.0010222684472015341 5.9499208822697409e-05 0.00012236938011111388 0.000371260075147461 -0.0013191053614005572 -0.0018412140031022176 -0.0025346153546227271 0.0050146481339765712
leaf_weight=0.12683370700688135 0.71096274524461467 0.30610741258715313 0.65329985482094333 0.71263245763111627 0.0996484298520951 0.30237361398758367 0.059870930621400476 0.13038131879875436 0.22512108011869714 0.005804220389109104 0.11596619635383831 0.11621387387276627 0.24132852588081732 0.59122694912366569
leaf_count=282 97 22 1705 2613 410 53 104 73 51 7 340 45 24 104
internal_value=4.57016e-09 -0.00373082 -0.000916975 -0.00698667 0.00127062 0.00257576 -0.00406186 0.00923197 0.00341451 -0.00844652 0.000653604 -0.00035116 -0.00151953 0.00447566
internal_weight=4.39777 3.55643 2.59519 0.961237 1.88202 1.33458 0.713171 0.841344 1.23494 0.718437 0.2428 0.418587 0.547436 0.816348
internal_count=5930 5760 2518 3242 709 663 1809 170 253 2620 622 98 46 155
is_linear=0
shrinkage=0.025


Tree=185
num_leaves=15
num_cat=0
split_feature=0 3 13 35 28 9 3 6 31 6 31 3 2 2
split_gain=0.358818 0.0465691 0.0441737 0.030718 0.0300343 0.0247512 0.018146 0.016215 0.0132755 0.00701206 0.00851496 0.00482325 0.00455679 0.0144187
threshold=5.6533000000000007 265460.00000000006 17.500000000000004 1.0000000180025095e-35 1.0000000180025095e-35 0.87000090909090921 184849.00000000003 68.500000000000014 1.0000000180025095e-35 76.500000000000014 1.0000000180025095e-35 245183.50000000003 2003.5000000000002 2010.5000000000002
decision_type=10 8 8 2 2 8 8 10 2 10 2 10 10 10
left_child=1 4 -2 9 7 11 -7 8 -1 10 -3 -6 -8 -14
right_child=2 3 -4 -5 5 6 12 -9 -10 -11 -12 -13 13 -15
leaf_value=-0.0049907921411876969 -0.00080656793667459889 -0.0076507810032317939 0.010114659586521701 0.00096769999144623309 -0.002783480826687704 -0.001267382560908834 0.0038198539679858688 0.00092690249154783299 0.00045027009734845765 0.00020437748755002704 -3.5048729499792483e-05 0.00044534024369674514 -0.0019662583101847028 0.0018957853965807384
leaf_weight=0.40926020260667484 0.10621510256896716 1.0763736158260142 0.80176525935530663 0.08721090355538752 0.11923792504239816 0.16848317102994759 0.70898927794769406 0.11309378370060585 0.15881771632120945 0.025374446850037091 0.1056631062820087 0.068064840015722439 0.10074883099878207 0.35442742856685072
leaf_count=1542 91 3095 108 157 38 12 59 198 229 42 216 56 21 66
internal_value=2.25992e-09 -0.0038552 0.00908395 -0.00639015 -0.000833775 0.00111542 0.00233662 -0.00325952 -0.00415256 -0.00711923 -0.00729806 -0.0022233 0.00320282 0.000277181
internal_weight=4.40373 3.49575 0.90798 1.29462 2.20112 1.51995 1.33265 0.681172 0.568078 1.20741 1.18204 0.187303 1.16417 0.455176
internal_count=5930 5731 199 3510 2221 252 158 1969 1771 3353 3311 94 146 87
is_linear=0
shrinkage=0.025


Tree=186
num_leaves=15
num_cat=0
split_feature=11 5 2 12 9 8 0 31 6 3 12 3 9 3
split_gain=0.340158 0.0603261 0.0516146 0.0428877 0.0175696 0.0141749 0.0121632 0.01121 0.0103756 0.00879362 0.00889612 0.00664014 0.00503381 0.00334053
threshold=13.127878339583118 77.500000000000014 2020.5000000000002 5.5000000000000009 5.623612500000001 3.9887000000000001 5.6023000000000005 1.0000000180025095e-35 68.500000000000014 245183.50000000003 14.500000000000002 175011.00000000003 5.7064833333333338 177420.50000000003
decision_type=10 8 8 8 10 8 8 2 10 10 10 10 10 8
left_child=1 3 5 8 -2 9 -7 -5 13 10 -3 -8 -6 -1
right_child=4 2 -4 7 12 6 11 -9 -10 -11 -12 -13 -14 -15
leaf_value=0.00053925567433347728 0.0097480698073304367 0.00075597369366531698 -0.0041149630091053165 -0.0087313533737531958 0.0012403208083006123 -0.0011368444916249598 -0.00052943703464389095 0.000371705965325616 0.0020987866691384595 0.00098559227181319107 -0.0032584082623004816 0.002996308193162643 -0.0011901123308289314 -0.0018664891627833008
leaf_weight=0.012026773125399237 0.70893664215691377 0.056000951874011773 0.7168508620961801 0.69951945500361035 0.056397576816380024 0.062874790986825135 0.075918167480267695 0.0058275536284781984 0.10690605075797066 0.10984552583249751 0.088565577767440118 1.5000396811374228 0.074475763191003352 0.1183477779632085
leaf_count=21 97 41 1823 2576 5 318 19 7 167 61 51 255 68 421
internal_value=-4.99009e-09 -0.00366602 -0.00083285 -0.00704392 0.00907178 0.00140261 0.00216495 -0.00848228 0.000631641 -0.00131921 -0.0024015 0.00268687 2.78767e-05 -0.00136383
internal_weight=4.39253 3.55272 2.6101 0.942628 0.83981 1.89324 1.63883 0.705347 0.237281 0.254412 0.144567 1.57596 0.130873 0.130375
internal_count=5930 5760 2568 3192 170 745 592 2583 609 153 92 274 73 442
is_linear=0
shrinkage=0.025


Tree=187
num_leaves=15
num_cat=0
split_feature=0 3 13 2 35 2 0 2 0 3 3 0 6 6
split_gain=0.348842 0.0603839 0.0432917 0.0301688 0.0282604 0.00582732 0.0061158 0.00631461 0.00611142 0.00540984 0.00441595 0.00399066 0.00233676 0.00239977
threshold=5.6533000000000007 215386.50000000003 17.500000000000004 1982.5000000000002 1.0000000180025095e-35 2023.5000000000002 5.0585500000000012 1959.5000000000002 3.9859500000000003 171593.50000000003 225259.00000000003 5.552150000000001 74.500000000000014 69.500000000000014
decision_type=10 8 8 8 2 10 8 10 10 10 10 10 10 8
left_child=1 5 -2 10 11 6 -1 -8 -7 -9 -3 12 13 -5
right_child=2 3 -4 4 -6 8 7 9 -10 -11 -12 -13 -14 -15
leaf_value=-0.00070906395009780188 -0.00079870203995528906 0.0014556013579087805 0.0099874761281058197 4.6491140321617924e-05 0.0009826417140759232 -0.0017789743970607901 -0.00060664242695705251 -0.00037235378501764677 0.0010296360765332791 0.0032140724306229129 -0.00077940868720601983 -4.2146527475779993e-05 -0.00014268990207607442 -0.0067659768895315777
leaf_weight=0.056202777457656672 0.10719601795426559 0.13125459139701012 0.79794110846705735 0.018929824291262776 0.086702856700867303 0.0970751830318477 0.050495069852331653 0.089560828957473859 0.018149625102523714 0.49789959756890312 0.20830564823700115 0.072406438092002534 0.07882858341326926 2.0760726076041482
leaf_count=182 91 15 108 52 156 279 6 45 29 215 30 104 138 4480
internal_value=4.61418e-09 -0.00380924 0.00896134 -0.00522578 -0.00596967 0.00117118 0.00178405 0.00230249 -0.000810012 0.00277718 0.000526211 -0.00645806 -0.00659115 -0.00670929
internal_weight=4.38702 3.48188 0.905137 2.6725 2.33294 0.809383 0.694158 0.637955 0.115225 0.58746 0.33956 2.24624 2.17383 2.095
internal_count=5930 5731 199 4975 4930 756 448 266 308 260 45 4774 4670 4532
is_linear=0
shrinkage=0.025


Tree=188
num_leaves=15
num_cat=0
split_feature=11 5 2 12 13 35 26 8 31 6 3 12 3 3
split_gain=0.31883 0.0590742 0.0504738 0.0437788 0.032216 0.0191934 0.018453 0.0202812 0.0111728 0.0103331 0.00977874 0.00966552 0.00869291 0.00334288
threshold=13.127878339583118 77.500000000000014 2020.5000000000002 5.5000000000000009 17.500000000000004 1.0000000180025095e-35 1.0000000180025095e-35 3.9887000000000001 1.0000000180025095e-35 68.500000000000014 245183.50000000003 14.500000000000002 159668.50000000003 177420.50000000003
decision_type=10 8 8 8 8 2 2 8 2 10 10 10 10 8
left_child=1 3 6 9 -2 -4 7 10 -5 13 11 -3 -9 -1
right_child=4 2 5 8 -6 -7 -8 12 -10 -11 -12 -13 -14 -15
leaf_value=0.00054688567453806136 -0.00055678404176321534 0.00079175952555402571 -0.0048410813091678091 -0.0086113659060592755 0.0096929548808191712 0.0010308895304975501 -0.0019018228477243667 -0.00068624397517770585 0.00037601278141579227 0.002135781153971093 0.0010613901465569347 -0.0033864971983716243 0.0033744555499743718 -0.0018419458727496566
leaf_weight=0.012095846992452031 0.098827962123323121 0.05538936379889503 0.65104132413398463 0.69138269777613459 0.7245601128670387 0.060050174128264189 0.077865571860456728 0.036469774291617907 0.0058680699148681006 0.10734491667244583 0.10815469558292534 0.088163981941761449 1.5358167552913071 0.11755194299621508
leaf_count=21 80 37 1719 2576 90 104 231 36 7 167 49 45 347 421
internal_value=-3.92818e-09 -0.00354159 -0.000768755 -0.00688994 0.00883206 -0.00403253 0.00142066 0.00218572 -0.00835875 0.000695297 -0.00133679 -0.00249175 0.0030501 -0.00133225
internal_weight=4.37058 3.5472 2.61295 0.934243 0.823388 0.711091 1.90186 1.82399 0.697251 0.236993 0.251708 0.143553 1.57229 0.129648
internal_count=5930 5760 2568 3192 170 1823 745 514 2583 609 131 82 383 442
is_linear=0
shrinkage=0.025


Tree=189
num_leaves=15
num_cat=0
split_feature=0 3 13 35 3 0 3 2 3 2 2 10 9 31
split_gain=0.337384 0.0442775 0.0414653 0.0307583 0.0187664 0.0151235 0.0147357 0.0101449 0.021334 0.00963965 0.00808973 0.00806728 0.0135074 0.00733327
threshold=5.6533000000000007 265460.00000000006 17.500000000000004 1.0000000180025095e-35 257439.00000000003 5.5964000000000009 215386.50000000003 2011.5000000000002 213073.50000000003 1968.5000000000002 2023.5000000000002 1.0000000180025095e-35 0.87000090909090921 1.0000000180025095e-35
decision_type=10 8 8 2 10 8 10 10 10 10 10 8 10 2
left_child=1 4 -2 13 6 -6 7 8 -1 -8 -9 12 -11 -3
right_child=2 3 -4 -5 5 -7 9 10 -10 11 -12 -13 -14 -15
leaf_value=-0.0030155780951784134 -0.00077085149775316152 -0.0073139679538278286 0.0098368187831218493 0.00099799409577011741 -0.0013588552537256366 0.0031109784230260963 0.00070881979392544098 0.0025985305221780251 0.0019065003221010414 -0.0018615255851903306 -0.00078284600875371262 -0.0041228920121126021 0.0019556915637656738 -5.6219369119117418e-05
leaf_weight=0.25670243406784798 0.10733194000204083 1.0785914789667002 0.79038954857969657 0.087094011541921534 0.054738045058911555 0.26882602163823321 0.066761917434632556 0.34758624990354292 0.10190788868931122 0.16869116880843649 0.11477935273433104 0.66406573043059325 0.14943029869755264 0.10707743882085186
leaf_count=138 91 3134 108 157 217 67 3 294 16 129 308 907 142 219
internal_value=6.33302e-09 -0.00375217 0.00883067 -0.00623914 -0.000807279 0.00189946 -0.00177429 0.000516287 -0.00124311 -0.00294406 0.0017978 -0.00342469 5.49135e-05 -0.00698413
internal_weight=4.36397 3.46625 0.897721 1.27276 2.19349 0.323564 1.86993 0.820976 0.35861 1.04895 0.462366 0.982187 0.318121 1.18567
internal_count=5930 5731 199 3510 2221 284 1937 756 154 1181 602 1178 271 3353
is_linear=0
shrinkage=0.025


Tree=190
num_leaves=15
num_cat=0
split_feature=11 5 2 2 13 35 26 8 31 6 3 2 3 3
split_gain=0.317958 0.0507124 0.0445409 0.0412212 0.0310547 0.0186775 0.0158756 0.012742 0.0110123 0.0101939 0.00839395 0.00858007 0.00744856 0.00330411
threshold=13.127878339583118 77.500000000000014 2020.5000000000002 2020.5000000000002 17.500000000000004 1.0000000180025095e-35 1.0000000180025095e-35 3.9887000000000001 1.0000000180025095e-35 68.500000000000014 245183.50000000003 2011.5000000000002 159668.50000000003 177420.50000000003
decision_type=10 8 10 8 8 2 2 8 2 10 10 10 10 8
left_child=1 2 8 6 -2 -5 7 10 -1 13 11 -3 -9 -4
right_child=4 3 9 5 -6 -7 -8 12 -10 -11 -12 -13 -14 -15
leaf_value=-0.008447208757312202 -0.00052836503443278436 -0.0030272120194573967 0.00055223956783766203 -0.0046368217216304986 0.0096432652867678922 0.0010523067087233817 -0.0018548208483163964 -0.00069208126188767169 0.00037825506260172527 0.0021732353035849214 0.001073281036782668 0.00079436246982983569 0.002873138241835385 -0.0018033152192010408
leaf_weight=0.6803183051888485 0.098861802951432654 0.081805505673401169 0.012117396006942727 0.64477138820802782 0.7269556182436645 0.060199980420293286 0.077109543970436678 0.036426043210667669 0.0058927418140228829 0.10735414433293045 0.10822835606813896 0.055760358700354118 1.5273297002131583 0.11652833280095365
leaf_count=2576 80 45 21 1719 90 104 231 36 7 167 49 37 347 421
internal_value=2.40193e-09 -0.0035608 -0.00669099 -0.000894129 0.00880312 -0.00381875 0.00114301 0.00188547 -0.00819204 0.000770243 -0.00100077 -0.00214159 0.00255254 -0.00128873
internal_weight=4.33966 3.51384 0.922211 2.59163 0.825817 0.704971 1.88666 1.80955 0.686211 0.236 0.245794 0.137566 1.56376 0.128646
internal_count=5930 5760 3192 2568 170 1823 745 514 2583 609 131 82 383 442
is_linear=0
shrinkage=0.025


Tree=191
num_leaves=15
num_cat=0
split_feature=0 3 13 2 35 2 3 2 2 0 3 0 0 2
split_gain=0.325263 0.0473319 0.0401351 0.0399844 0.0282675 0.00665912 0.0173249 0.014745 0.0080252 0.00618528 0.00513485 0.00524572 0.00494587 0.00321116
threshold=5.6533000000000007 215386.50000000003 17.500000000000004 1982.5000000000002 1.0000000180025095e-35 2011.5000000000002 213073.50000000003 1971.5000000000002 2023.5000000000002 3.9859500000000003 118861.50000000001 5.0585500000000012 5.552150000000001 1978.5000000000002
decision_type=10 8 8 8 2 10 10 10 10 10 10 8 10 10
left_child=1 5 -2 13 12 6 7 -1 10 -10 -7 -12 -5 -3
right_child=2 3 -4 4 -6 8 -8 -9 9 -11 11 -13 -14 -15
leaf_value=0.00098806933983975145 -0.00075669026853976851 -0.00049471413320988805 0.0096812243047293411 -0.0064737314149316176 0.0010107435856109509 -0.00047745374467335631 0.0018735733677915395 -0.0037590409553051466 -0.0017684148634006685 0.0010481279699436541 -0.00039558024127335067 0.0034388935282886456 1.1873362497027724e-05 0.0016024887344271517
leaf_weight=0.12447567551862482 0.1076652995252515 0.15480891692277543 0.78373197274049744 2.1531424894856181 0.086892969353357219 0.02896908376715146 0.10123015406134073 0.12579085690958891 0.096153073478490114 0.018327712517930195 0.043621938704745844 0.27631545430631377 0.071498384873848297 0.17676578009559307
leaf_count=11 91 18 108 4670 156 8 16 127 279 29 127 159 104 27
internal_value=-4.55414e-09 -0.00368564 0.00868699 -0.00493723 -0.00582851 0.000857508 -0.000782539 -0.00249613 0.00178618 -0.000781634 0.00258357 0.00301247 -0.00632625 0.000987142
internal_weight=4.34939 3.45799 0.891397 2.64311 2.31153 0.814884 0.351497 0.250267 0.463387 0.114481 0.348906 0.319937 2.22464 0.331575
internal_count=5930 5731 199 4975 4930 756 154 138 602 308 294 286 4774 45
is_linear=0
shrinkage=0.025


Tree=192
num_leaves=15
num_cat=0
split_feature=11 5 12 2 13 35 26 8 12 31 6 2 7 1
split_gain=0.306695 0.0476174 0.045305 0.0378147 0.0296854 0.0183785 0.0152696 0.0122638 0.0124978 0.0109347 0.0101381 0.00724648 0.00378452 0.00277354
threshold=13.127878339583118 77.500000000000014 5.5000000000000009 2020.5000000000002 17.500000000000004 1.0000000180025095e-35 1.0000000180025095e-35 3.9887000000000001 63.500000000000007 1.0000000180025095e-35 68.500000000000014 1995.5000000000002 17.500000000000004 5.5000000000000009
decision_type=10 8 8 8 8 2 2 8 10 2 10 10 2 10
left_child=1 2 10 6 -2 -5 7 11 12 13 -1 -3 -9 -4
right_child=4 3 9 5 -6 -7 -8 8 -10 -11 -12 -13 -14 -15
leaf_value=-0.0012588148289893867 -0.00050696972262817802 -0.0021617334915921241 -0.0084243901715207025 -0.0045258851880071345 0.0094864181383326231 0.0010631624661485456 -0.0018514684170647302 0.0031915731422029782 -0.0010357864167772949 0.00038090340080804001 0.0022083669596561469 0.00085359108378519743 -0.00022957192272594559 5.9299381609876886e-05
leaf_weight=0.12784563589957576 0.099258968606591114 0.050186930486234016 0.66157206270872848 0.63930133714165993 0.71979306516004726 0.060415177285904065 0.076898235201951937 1.4032726625591747 0.077851805341197289 0.0059193334891460827 0.10756299563217908 0.19672088554216316 0.081244652610621304 0.010333605583582539
leaf_count=442 80 17 2544 1719 90 104 231 266 7 7 167 114 110 32
internal_value=8.59838e-11 -0.00350232 -0.00654834 -0.00090044 0.00866242 -0.00370173 0.00106127 0.00180006 0.00246084 -0.00807871 0.000830621 -0.00100145 0.0029873 -0.00833649
internal_weight=4.31818 3.49913 0.913234 2.58589 0.819052 0.699717 1.88618 1.80928 1.56237 0.677825 0.235409 0.246908 1.48452 0.671906
internal_count=5930 5760 3192 2568 170 1823 745 514 383 2583 609 131 376 2576
is_linear=0
shrinkage=0.025


Tree=193
num_leaves=15
num_cat=0
split_feature=0 2 13 3 35 0 3 3 0 3 3 9 31 8
split_gain=0.35559 0.0450084 0.0438043 0.0399409 0.0272424 0.00817 0.012773 0.00733532 0.00439384 0.00353642 0.00346586 0.00161712 0.00135 0.000494474
threshold=5.6533000000000007 1982.5000000000002 17.500000000000004 216144.00000000003 1.0000000180025095e-35 3.5614000000000003 214022.50000000003 179319.50000000003 5.552150000000001 175011.00000000003 225259.00000000003 5.0076708074534162 1.0000000180025095e-35 4.5731000000000011
decision_type=10 8 8 8 2 10 10 10 10 10 8 10 2 8
left_child=1 10 11 5 8 6 7 9 -5 13 -1 -2 -9 -3
right_child=2 3 -4 4 -6 -7 -8 12 -10 -11 -12 -13 -14 -15
leaf_value=0.001838979149517903 0.0003983367823890077 0.0001634378536548852 0.0099880653135708247 -0.0066092688878888819 0.00093573468466969846 0.0018654014396358659 0.0015070735994826669 -0.0031148736417640163 -2.2538989100134638e-05 0.0013550160199474863 -0.00040156774177024047 -0.0012048494667053964 5.8900615154876543e-05 -0.0008952131793473954
leaf_weight=0.2868865380296487 0.026031540473922976 0.017316077704890964 0.82015592395327985 2.1291154497157558 0.087700008560204767 0.09199670676025562 0.10613366615143605 0.2406968026625691 0.071605114848352858 0.057208067446481436 0.20341390020621475 0.08220167743274942 0.050707520684227347 0.095309735857881606
leaf_count=25 19 34 108 4655 156 234 34 271 104 25 38 72 74 81
internal_value=2.7254e-09 -0.00389461 0.00896326 -0.00485536 -0.00598692 0.000313117 -0.00096814 -0.00217929 -0.00646896 0.000528508 0.00126371 -0.000807758 -0.00294464 -0.000731843
internal_weight=4.36648 3.43809 0.928389 2.94779 2.28842 0.659369 0.567372 0.461238 2.20072 0.169834 0.4903 0.108233 0.291404 0.112626
internal_count=5930 5731 199 5668 4915 753 519 485 4759 140 63 91 345 115
is_linear=0
shrinkage=0.025


Tree=194
num_leaves=15
num_cat=0
split_feature=11 5 6 2 31 9 35 2 0 8 2 8 13 6
split_gain=0.342274 0.0393959 0.0435146 0.0333804 0.0255017 0.0224932 0.0179197 0.0150313 0.0144596 0.00959503 0.00937874 0.0089594 0.00633352 0.00462298
threshold=13.127878339583118 77.500000000000014 71.500000000000014 2020.5000000000002 1.0000000180025095e-35 5.623612500000001 1.0000000180025095e-35 1959.5000000000002 5.6023000000000005 6.315100000000001 2018.5000000000002 3.6992000000000003 22.500000000000004 69.500000000000014
decision_type=10 8 10 8 2 10 2 10 8 10 10 8 8 8
left_child=1 2 4 7 9 -2 -5 -3 -9 13 -4 -10 -7 -1
right_child=5 3 10 6 -6 12 -8 8 11 -11 -12 -13 -14 -15
leaf_value=7.7166937463818677e-05 0.0097674661455282048 -0.0020167332434321322 -0.0012030262154154106 -0.0045684897566980135 0.00079963300605178527 -0.0014190759647746262 0.001022518213560783 -0.0014840663167256486 -0.00064149202218050766 0.00028099439050424674 0.0022165228083410936 0.0027314597387290466 0.0013098475932000061 -0.0089132923275332693
leaf_weight=0.019107833359157667 0.72984783549327392 0.062775748781860208 0.077615149100893177 0.63915635390731029 0.026279539335519075 0.072601158753968775 0.060927034995984286 0.10689933079265723 0.2066926221596076 0.013268153212266043 0.10313893234706484 1.4767075158742955 0.057847451535053551 0.67095663676445871
leaf_count=55 97 6 186 1719 32 63 104 450 20 20 157 269 10 2742
internal_value=1.91909e-09 -0.00375482 -0.00657517 -0.0011817 -0.00792647 0.00900918 -0.00376667 0.000772814 0.00155834 -0.00853055 0.000972881 0.00223259 -0.000120734 -0.00876599
internal_weight=4.32382 3.46352 0.910366 2.55316 0.729612 0.860296 0.700083 1.85308 1.7903 0.703333 0.180754 1.6834 0.130449 0.690064
internal_count=5930 5760 3192 2568 2849 170 1823 745 739 2817 343 289 73 2797
is_linear=0
shrinkage=0.025


Tree=195
num_leaves=15
num_cat=0
split_feature=0 3 28 35 3 2 2 0 9 7 9 6 31 8
split_gain=0.379451 0.0412933 0.0296577 0.0276181 0.0220105 0.0264828 0.0209682 0.0169379 0.0164858 0.00815589 0.00757975 0.00679471 0.00639122 0.00602841
threshold=5.6533000000000007 265460.00000000006 1.0000000180025095e-35 1.0000000180025095e-35 245183.50000000003 2017.5000000000002 1971.5000000000002 5.0631000000000013 5.3003500000000008 3.5000000000000004 5.7064833333333338 76.500000000000014 1.0000000180025095e-35 4.5731000000000011
decision_type=10 8 2 2 10 8 10 10 10 2 10 10 2 8
left_child=1 2 7 11 5 6 -4 13 -2 -6 -10 12 -3 -1
right_child=8 3 4 -5 9 -7 -8 -9 10 -11 -12 -13 -14 -15
leaf_value=0.00016957301000571982 0.0099504153580911702 -0.0076492718427210674 0.001254896016584305 0.00083350568564834106 -0.00045261955649437155 0.0022841195253862907 -0.0037063928778734191 0.00087855634557242382 0.001642260116316561 0.0038992445912722634 -0.0013138408398300769 0.00019483914077095396 -0.00011438307991266761 -0.0047703891696767543
leaf_weight=0.098318547497911468 0.76215526700252656 1.0507190017742685 0.19827522101695616 0.088877567264716961 0.10340594976150908 0.22263883957930386 0.69113289110828191 0.13432408132939599 0.12124426229274832 0.26462385829654522 0.079136823129374534 0.024984939664136507 0.10466388042550523 0.44537445325113367
leaf_count=270 98 3095 14 157 26 51 81 412 33 80 68 42 216 1287
internal_value=-3.10863e-10 -0.0040561 -0.00102979 -0.00648038 0.000991911 -0.00093352 -0.00252158 -0.00340413 0.00915027 0.00323944 0.000352855 -0.00716079 -0.00733645 -0.00434591
internal_weight=4.38988 3.42734 2.15809 1.26925 1.48008 1.11205 0.889408 0.678017 0.962536 0.36803 0.200381 1.18037 1.15538 0.543693
internal_count=5930 5731 2221 3510 252 146 95 1969 199 106 101 3353 3311 1557
is_linear=0
shrinkage=0.025


Tree=196
num_leaves=15
num_cat=0
split_feature=0 13 3 35 28 3 2 0 7 6 31 8 3 2
split_gain=0.374195 0.0472538 0.0360085 0.0271644 0.0258231 0.0237017 0.0274705 0.016667 0.00813892 0.00666231 0.0067347 0.00606002 0.00548971 0.00547145
threshold=5.6533000000000007 17.500000000000004 265460.00000000006 1.0000000180025095e-35 1.0000000180025095e-35 245183.50000000003 2017.5000000000002 5.0631000000000013 3.5000000000000004 76.500000000000014 1.0000000180025095e-35 4.5731000000000011 241880.00000000003 1968.5000000000002
decision_type=10 8 8 2 2 10 10 10 2 10 2 8 10 10
left_child=2 -2 4 9 7 6 13 11 -7 10 -4 -1 -9 -6
right_child=1 -3 3 -5 5 8 -8 12 -10 -11 -12 -13 -14 -15
leaf_value=0.00018289150269417198 -0.00086724606254795055 0.010148826337353499 -0.0075029812803831392 0.00084418256799771458 0.00023762770243310381 -0.00046000037629262538 0.0022445562821283242 0.001796375777225836 0.0038558439340855132 0.00019712130249262391 -8.9151318825029244e-05 -0.004682187472577099 -0.00089048224183418349 -0.0031658023473986672
leaf_weight=0.098216347963898998 0.11034192016813893 0.85078441468067467 1.0441064120022927 0.088984334666747489 0.19862005210597977 0.10360283621412247 0.22059768195322249 0.082735499541740865 0.26352225369191729 0.024973013962153234 0.10477767436532293 0.44282964985177387 0.051595723489299417 0.68959406470821705
leaf_count=270 91 108 3095 157 13 26 51 219 80 42 216 1287 193 82
internal_value=5.69828e-09 0.00908679 -0.00403708 -0.00632569 -0.00111264 0.000823887 -0.00110223 -0.0033104 0.00319231 -0.00700752 -0.00718298 -0.00425344 0.000889134 -0.00268195
internal_weight=4.37528 0.961126 3.41416 1.26284 2.15131 1.47594 1.10881 0.675377 0.367125 1.17386 1.14888 0.541046 0.134331 0.888214
internal_count=5930 199 5731 3510 2221 252 146 1969 106 3353 3311 1557 412 95
is_linear=0
shrinkage=0.025


Tree=197
num_leaves=15
num_cat=0
split_feature=0 5 2 31 13 20 3 35 8 8 2 8 3 0
split_gain=0.398764 0.0437928 0.0485827 0.0428903 0.025223 0.0234464 0.018294 0.0165972 0.01575 0.011885 0.00964594 0.00832599 0.00820502 0.0060596
threshold=5.7261500000000014 77.500000000000014 2020.5000000000002 1.0000000180025095e-35 17.500000000000004 1.0000000180025095e-35 175011.00000000003 1.0000000180025095e-35 3.9887000000000001 4.7254500000000013 2018.5000000000002 6.315100000000001 245183.50000000003 5.6023000000000005
decision_type=10 8 8 2 10 2 10 2 8 10 10 10 10 10
left_child=1 3 6 5 -2 10 -3 -4 12 -10 -1 -7 -8 -11
right_child=4 2 7 -5 -6 11 8 -9 9 13 -12 -13 -14 -15
leaf_value=-0.0016976485342630682 -4.0562923850286455e-05 -0.0020041717034959775 -0.0051140018851925338 0.0014143274926983604 0.010363184372059032 -0.0092189228940745965 -0.0023044723050406526 0.00081604020387272304 0.0033564720605310351 -0.0015484268622732488 0.001588824139531402 0.0002519304167145036 0.00096773113993191241 0.0011103374860596744
leaf_weight=0.12204477311752304 0.15022580133518193 0.12792535211337996 0.65070364224084176 0.044900290842633694 0.77118975954363123 0.65317996122030308 0.1138325012507263 0.061952553631272167 1.2102129704289835 0.23091723346442461 0.11315031340927817 0.0061681863735429934 0.10873374027141836 0.039260895864572376
leaf_count=301 83 147 1719 48 76 2652 31 104 216 283 192 10 61 7
internal_value=1.92617e-09 -0.004084 -0.00131593 -0.00703576 0.00952866 -0.00798255 0.00102868 -0.00442302 0.00191369 0.00268767 -0.000110296 -0.00903189 -0.00122189 -0.000592086
internal_weight=4.4044 3.48298 2.54354 0.939444 0.921416 0.894543 1.83088 0.712656 1.70296 1.48039 0.235195 0.659348 0.222566 0.270178
internal_count=5930 5771 2568 3203 159 3155 745 1823 598 506 493 2662 92 290
is_linear=0
shrinkage=0.025


Tree=198
num_leaves=15
num_cat=0
split_feature=0 13 28 3 35 31 9 6 3 8 2 0 5 2
split_gain=0.443582 0.0584124 0.0546615 0.0327743 0.022584 0.0224178 0.0217847 0.0139577 0.0131082 0.0112257 0.0100811 0.00675632 0.00568592 0.0056731
threshold=5.6533000000000007 17.500000000000004 1.0000000180025095e-35 265460.00000000006 1.0000000180025095e-35 1.0000000180025095e-35 0.87000090909090921 74.500000000000014 213073.50000000003 6.315100000000001 2013.5000000000002 3.5614000000000003 77.500000000000014 2021.5000000000002
decision_type=10 8 2 8 2 2 8 10 10 10 10 10 10 8
left_child=2 -2 4 6 5 7 -4 9 10 12 -8 13 -1 -7
right_child=1 -3 3 -5 -6 11 8 -9 -10 -11 -12 -13 -14 -15
leaf_value=-0.0090879577464138255 -0.0010444465513793127 0.010786755531829804 -0.0019959349967583989 -0.0036038579597850633 0.0005600018645122545 0.00074224221036122459 -0.0019897828269390943 0.00011138003789308139 0.0032689627002384092 0.00027990668553564096 0.0013191817547779732 0.0014033478470649938 0.00014468047333692671 -0.002100736481825809
leaf_weight=1.0224759237680698 0.11159303045133095 0.93222883815178659 0.18436002268572305 0.44103501109930232 0.097271663078572712 0.075367731973528751 0.20528132747858763 0.091768085723742732 0.88094222312793136 0.023851916193961986 0.17637473440845497 0.03366472278139554 0.010942507171421201 0.1729693028901238
leaf_count=4120 91 108 94 504 166 93 29 152 113 34 16 38 44 328
internal_value=8.20161e-09 0.00962974 -0.00445654 -0.00078077 -0.00689257 -0.00742112 0.00120085 -0.00829475 0.00234347 -0.00872386 -0.000612595 -0.00016796 -0.00896712 -0.00133451
internal_weight=4.46013 1.04382 3.41631 1.88799 1.52831 1.43104 1.44696 1.14904 1.2626 1.05727 0.381656 0.282002 1.03342 0.248337
internal_count=5930 199 5731 756 4975 4809 252 4350 158 4198 45 459 4164 421
is_linear=0
shrinkage=0.025


Tree=199
num_leaves=15
num_cat=0
split_feature=0 3 2 9 35 6 9 8 8 5 12 9 0 13
split_gain=0.428082 0.0524769 0.0423403 0.030534 0.0231894 0.00834957 0.00711555 0.0059659 0.0153962 0.00622448 0.00587637 0.00628809 0.0059946 0.00552762
threshold=5.7261500000000014 215386.50000000003 1989.5000000000002 5.3003500000000008 1.0000000180025095e-35 74.500000000000014 3.6039125000000003 4.7254500000000013 4.7100500000000007 77.500000000000014 2.5000000000000004 4.0122333333333344 3.9859500000000003 22.500000000000004
decision_type=10 8 8 10 2 10 8 8 10 10 10 10 10 8
left_child=1 10 6 -2 5 7 -3 8 -4 -9 12 -12 -1 -5
right_child=3 2 4 13 -6 -7 -8 9 -10 -11 11 -13 -14 -15
leaf_value=-0.0018847876604814026 0.010638806404329664 -0.0012981625584208023 -0.0025589808413861818 -0.001330673778084815 0.0006445909655964742 3.5476792779847951e-05 0.0013503870337936619 -0.0083263026097679018 0.0015974824287381065 0.00019381335665385666 0.0020813892286358627 -0.0007878658704036514 0.00095397026763233009 0.0012100853151186782
leaf_weight=0.099399623577483331 0.81158501998288546 0.16792647019610774 0.49370566123252557 0.093141894962172955 0.090159212908474617 0.088579733739606925 0.41258791714790277 1.3607451909556401 0.066107172315241769 0.0090393645514269538 0.58632155766827054 0.078472155189956538 0.017860367748653516 0.056013657129369676
leaf_count=279 77 33 861 72 156 144 80 3689 15 35 262 188 29 10
internal_value=1.1813e-09 -0.00427125 -0.005543 0.00973936 -0.00670412 -0.00713721 0.00024763 -0.0073662 -0.00135867 -0.00821202 0.000758078 0.00147289 -0.00098556 -0.000153807
internal_weight=4.43164 3.4709 2.68885 0.960741 2.10834 2.01818 0.580514 1.9296 0.559813 1.36978 0.782054 0.664794 0.11726 0.149156
internal_count=5930 5771 5013 159 4900 4744 113 4600 876 3724 758 450 308 82
is_linear=0
shrinkage=0.025


Tree=200
num_leaves=15
num_cat=0
split_feature=0 3 9 2 35 13 3 0 2 8 2 0 0 0
split_gain=0.473743 0.0469689 0.0320082 0.0245673 0.0207998 0.0115402 0.00574432 0.00995879 0.00847326 0.00410162 0.00399834 0.00184308 0.000506945 0.000123869
threshold=5.6533000000000007 215386.50000000003 5.3003500000000008 1982.5000000000002 1.0000000180025095e-35 22.500000000000004 213073.50000000003 3.5614000000000003 1971.5000000000002 4.245400000000001 2017.5000000000002 5.552150000000001 1.0000000180025095e-35 5.5741000000000005
decision_type=10 8 8 8 2 8 10 10 10 10 10 10 8 10
left_child=1 6 -2 9 11 -4 7 8 -1 -3 -9 -5 -6 -13
right_child=2 3 5 4 12 -7 -8 10 -10 -11 -12 13 -14 -15
leaf_value=0.00084002257769358281 0.010841798655575163 -0.00095091170547217962 -0.0017664844740952756 -0.0070345866320438285 -0.000186539585279014 0.0018546314308554111 0.0016476901652249347 -0.00057749885553903119 -0.0025211101207878134 0.0011568050807070161 0.0020482942821385052 0.0001313778827940754 0.00078351938179308011 -0.00028599782401926539
leaf_weight=0.11702403967501629 0.87778152403188836 0.16665125373401712 0.10851720668142673 2.102318215118431 0.037485295790247508 0.092365859192796052 0.12856190389720723 0.027164769941009581 0.45527899063017685 0.15692276674963068 0.058904405872453935 0.016212824906688073 0.053411813627462834 0.055070515809347853
leaf_count=9 98 15 86 4670 68 15 54 105 483 30 105 28 88 76
internal_value=-4.71806e-10 -0.00466886 0.00982664 -0.00588923 -0.0065431 5.64232e-05 0.000394356 -0.000696365 -0.00173668 0.00017298 0.00145088 -0.00692959 0.00057919 -0.000157045
internal_weight=4.45367 3.37501 1.07866 2.58807 2.2645 0.200883 0.786934 0.658372 0.572303 0.323574 0.0860692 2.1736 0.0908971 0.0712833
internal_count=5930 5731 199 4975 4930 101 756 702 492 45 210 4774 156 104
is_linear=0
shrinkage=0.025


Tree=201
num_leaves=15
num_cat=0
split_feature=0 13 2 35 6 11 31 8 5 8 5 6 5 8
split_gain=0.47094 0.0620112 0.0386083 0.0154485 0.012971 0.00477257 0.00453671 0.00467892 0.00357975 0.00349937 0.00297761 0.0024633 0.00273965 0.00197899
threshold=5.6533000000000007 17.500000000000004 1971.5000000000002 1.0000000180025095e-35 71.500000000000014 11.693950334875408 1.0000000180025095e-35 6.1307000000000009 77.500000000000014 4.0173500000000013 76.500000000000014 69.500000000000014 1.0000000180025095e-35 4.8874000000000004
decision_type=10 8 8 2 10 10 2 10 10 8 8 8 10 8
left_child=2 -2 -1 4 6 13 7 8 11 -8 -11 -4 -13 -6
right_child=1 -3 3 -5 5 -7 9 -9 -10 10 -12 12 -14 -15
leaf_value=0.0013609342495606829 -0.0010935355285495154 0.010963248164714222 6.2607596859839051e-05 0.00053986601296159497 0.00040195473650113687 0.0012888260879753758 0.00084666295908985959 1.6736372246358961e-05 0.00013913986078943193 0.00053415355371630002 -0.0016435201866523308 -0.002913169353442008 -0.0085869271048394716 -0.001453453963274955
leaf_weight=0.21667081679333966 0.11345506616635215 0.96948346204590063 0.017794229454011656 0.097388255730038398 0.024810407630866282 0.059154230373678729 0.028397090878570341 0.069670597862568573 0.011009167719748691 0.017999614326981828 0.22036256204592064 1.8644051302690088 0.64069679137173796 0.09916526431334205
leaf_count=18 91 108 51 164 42 102 38 72 45 22 383 1919 2675 200
internal_value=5.4758e-09 0.00978153 -0.00466495 -0.00530737 -0.00558104 0.000151638 -0.00589147 -0.00616353 -0.00629011 -0.000466716 -0.00118053 -0.0063497 -0.00640011 -0.00105488
internal_weight=4.45046 1.08294 3.36752 3.15085 3.05347 0.18313 2.87034 2.60358 2.53391 0.266759 0.238362 2.5229 2.5051 0.123976
internal_count=5930 199 5731 5713 5549 344 5205 4762 4690 443 405 4645 4594 242
is_linear=0
shrinkage=0.025


Tree=202
num_leaves=15
num_cat=0
split_feature=0 28 13 13 6 35 31 8 3 3 1 8 12 0
split_gain=0.452151 0.0454932 0.0359997 0.0343967 0.0275767 0.0243471 0.016971 0.016874 0.0138439 0.00825848 0.00776058 0.00749237 0.00693352 0.00687982
threshold=5.7261500000000014 1.0000000180025095e-35 31.500000000000004 17.500000000000004 71.500000000000014 1.0000000180025095e-35 1.0000000180025095e-35 3.9887000000000001 184849.00000000003 245183.50000000003 5.5000000000000009 6.315100000000001 12.500000000000002 5.0697500000000009
decision_type=10 2 8 10 10 2 2 8 10 10 10 10 8 10
left_child=1 4 -3 -2 5 6 10 9 12 -4 11 -1 -9 -6
right_child=3 2 7 -5 13 -7 -8 8 -10 -11 -12 -13 -14 -15
leaf_value=-0.0091542739705157816 -0.00021797537362336047 -0.0043842011600884849 -0.0027252321507917916 0.010830010980715028 -0.0011370217899922955 0.00053299448016581397 -0.00039882844833033195 0.00088484796887775365 0.0026556681121885669 0.00078182514072083558 0.00021789856065137998 0.00017596366757288912 -0.0021578705867084064 0.0017038991084944212
leaf_weight=0.97345507032878209 0.15179563488345582 0.18064685116405588 0.12684201903175552 0.84456870733993128 0.12157007210771564 0.098640671640168764 0.26763587590539817 0.10120831738458957 1.2769993304973466 0.1158556095615495 0.011073080931964796 0.017076966178137809 0.079235668497858569 0.067003813397604972
leaf_count=3999 83 470 48 76 238 166 444 6 133 59 30 28 42 108
internal_value=-8.5073e-10 -0.00444547 -0.000931061 0.00988078 -0.00666683 -0.007427 -0.00800789 0.000923657 0.00190951 -0.00176914 -0.00882605 -0.00898583 -0.00114741 0.000456696
internal_weight=4.43361 3.43724 1.88079 0.996364 1.55646 1.36788 1.26924 1.70014 1.45744 0.242698 1.00161 0.990532 0.180444 0.188574
internal_count=5930 5771 758 159 5013 4667 4501 288 181 107 4057 4027 48 346
is_linear=0
shrinkage=0.025


Tree=203
num_leaves=15
num_cat=0
split_feature=0 3 2 9 35 9 8 1 1 3 12 9 0 13
split_gain=0.408019 0.0499814 0.0367246 0.0307483 0.0217346 0.00712059 0.00613327 0.0238995 0.00602503 0.00574622 0.00566946 0.00617305 0.00596303 0.00553775
threshold=5.7261500000000014 215386.50000000003 1989.5000000000002 5.3003500000000008 1.0000000180025095e-35 3.6039125000000003 4.7254500000000013 1.5000000000000002 5.5000000000000009 258620.00000000003 2.5000000000000004 4.0122333333333344 3.9859500000000003 22.500000000000004
decision_type=10 8 8 10 2 8 8 8 10 10 10 10 10 8
left_child=1 10 5 -2 6 -3 7 -4 -8 -7 12 -12 -1 -5
right_child=3 2 4 13 -6 9 8 -9 -10 -11 11 -13 -14 -15
leaf_value=-0.0018833973346708524 0.010270465211326955 -0.0013787401041525525 -0.0034677651141825994 -0.0013591959302463733 0.00060403555075090598 -0.00064937242411534392 -0.007935900928066118 0.0015346234856385749 0.00018566055746417005 0.0020914336468651497 0.0020250329949806981 -0.00079557849295551887 0.000949586821198519 0.0011865107819897475
leaf_weight=0.099503860008553935 0.84676201129332174 0.16848948574624989 0.18114355830766737 0.095225687546189874 0.091494262305786722 0.18921527305792551 1.3962661621262666 0.37872857846377883 0.012408629401761684 0.22015865256253164 0.58610566104471218 0.0784728049475234 0.017921295744599774 0.055669086636044085
leaf_count=279 77 33 687 72 156 47 3826 198 33 33 262 188 29 10
internal_value=-3.76872e-09 -0.00423788 -0.00549238 0.00937651 -0.00658467 0.00010685 -0.00700971 -0.0012694 -0.00781698 0.00126271 0.000701294 0.00141412 -0.000988163 -0.000205113
internal_weight=4.41757 3.41991 2.6379 0.997657 2.06004 0.577863 1.96855 0.559872 1.40867 0.409374 0.782004 0.664578 0.117425 0.150895
internal_count=5930 5771 5013 159 4900 113 4744 885 3859 80 758 450 308 82
is_linear=0
shrinkage=0.025


Tree=204
num_leaves=15
num_cat=0
split_feature=0 13 28 3 9 35 31 6 8 0 5 2 3 2
split_gain=0.445983 0.0623474 0.0523763 0.0315953 0.0210955 0.0192165 0.0172992 0.0115041 0.010548 0.00703789 0.00530944 0.00525501 0.0050925 0.00638354
threshold=5.6533000000000007 17.500000000000004 1.0000000180025095e-35 265460.00000000006 0.87000090909090921 1.0000000180025095e-35 1.0000000180025095e-35 74.500000000000014 6.315100000000001 3.5614000000000003 77.500000000000014 2021.5000000000002 213073.50000000003 2013.5000000000002
decision_type=10 8 2 8 8 2 2 10 10 10 10 8 10 10
left_child=2 -2 5 4 -4 6 7 8 10 11 -1 -8 13 -6
right_child=1 -3 3 -5 12 -7 9 -9 -10 -11 -12 -13 -14 -15
leaf_value=-0.0089696953344572394 -0.0011656442074330475 0.010606623260170592 -0.0019700391182807474 -0.0035867459621740151 -0.0013529857330136846 0.00042014529146412646 0.00066154301752115543 3.4403109171990596e-05 0.00026253290964399435 0.0013492970439027193 0.00013532787188490181 -0.0021587302841095521 0.0028542461113993008 0.0012470916968590976
leaf_weight=1.0065023826246031 0.11451381634105895 0.99972324649570521 0.18238059079158087 0.44072681924444634 0.19046535715460777 0.099762259225826821 0.07589616035693314 0.092459076869999879 0.023921361222164594 0.033729836461134255 0.010850958569790126 0.17453782100346871 0.84057111245056149 0.1742079725372605
leaf_count=4120 91 108 94 504 29 166 93 152 34 38 44 328 113 16
internal_value=3.8067e-09 0.00941767 -0.00458148 -0.000844927 0.0011634 -0.0069594 -0.00743765 -0.00822714 -0.0086182 -0.000334031 -0.00885364 -0.0014585 0.00231589 -0.000107233
internal_weight=4.46025 1.11424 3.34601 1.82835 1.38763 1.51766 1.4179 1.13373 1.04127 0.284164 1.01735 0.250434 1.20524 0.364673
internal_count=5930 199 5731 756 252 4975 4809 4350 4198 459 4164 421 158 45
is_linear=0
shrinkage=0.025


Tree=205
num_leaves=15
num_cat=0
split_feature=11 28 13 3 35 8 6 2 3 2 8 3 5 11
split_gain=0.445439 0.0565733 0.0499079 0.0322881 0.0178547 0.0169567 0.0144955 0.0120677 0.00966864 0.00810168 0.0073585 0.00685372 0.00500573 0.00452728
threshold=13.014177272923774 1.0000000180025095e-35 17.500000000000004 277577.00000000006 1.0000000180025095e-35 3.9887000000000001 71.500000000000014 1989.5000000000002 153874.50000000003 2018.5000000000002 4.919550000000001 276417.50000000006 77.500000000000014 10.019045857456293
decision_type=10 2 10 8 2 8 10 10 8 10 10 10 10 10
left_child=1 4 7 5 6 11 8 -2 -1 -8 -7 -3 -10 -11
right_child=2 3 -4 -5 -6 10 9 -9 12 13 -12 -13 -14 -15
leaf_value=0.00023047537359132059 0.0016693593521169892 -0.0024322617018178779 0.010555168696385222 -0.0038834604744135562 0.00035222160576518611 0.002540024442553647 -0.0016042122530607408 -0.0020541060754351911 -0.0084186955412700812 -0.00062743383798720105 -0.00066585059505003871 0.00081215587022697247 0.00013556732766444829 0.0021038335584543312
leaf_weight=0.031084396992809737 0.075325711863115208 0.20203517298796181 0.94539819902274758 0.25615281914360832 0.10047004563966777 1.1843420646910088 0.078967089895740972 0.13281379931140691 1.193639114302641 0.03709834921755828 0.12248710182029765 0.034605843218741938 0.01165278749249421 0.067255275469506159
leaf_count=65 5 123 97 395 166 152 184 98 4356 62 77 9 44 97
internal_value=-3.09465e-09 -0.00463037 0.00928806 -0.0007718 -0.00707947 0.00106841 -0.00753362 -0.000440193 -0.00809023 -0.000115164 0.00208116 -0.00168473 -0.00831202 0.00144394
internal_weight=4.47333 3.31979 1.15354 1.79962 1.52017 1.54347 1.4197 0.20814 1.23638 0.183321 1.30683 0.236641 1.20529 0.104354
internal_count=5930 5730 200 756 4974 361 4808 103 4465 343 229 132 4400 159
is_linear=0
shrinkage=0.025


Tree=206
num_leaves=15
num_cat=0
split_feature=0 28 9 4 6 35 8 3 3 1 11 7 5 9
split_gain=0.472013 0.0546082 0.0403077 0.0388148 0.0239587 0.0206787 0.0184202 0.0100323 0.00806296 0.00702289 0.00701316 0.00552993 0.00527405 0.00514579
threshold=5.7261500000000014 1.0000000180025095e-35 5.3003500000000008 40.500000000000007 71.500000000000014 1.0000000180025095e-35 3.9887000000000001 153874.50000000003 245183.50000000003 5.5000000000000009 11.693950334875408 10.500000000000002 77.500000000000014 5.7296500000000004
decision_type=10 2 8 10 10 2 8 8 10 10 10 2 10 10
left_child=1 4 -2 6 5 7 8 -1 -3 12 -6 -8 -9 -4
right_child=2 3 13 -5 10 -7 11 9 -10 -11 -12 -13 -14 -15
leaf_value=0.00023430187974919417 0.010858202825664239 -0.0027202876797320055 0.0010451817160051109 -0.0044230112750878311 -0.0012410525404753952 0.00036207708274391348 0.0025032126601985186 -0.0087137795734985781 0.00076271242842379213 0.00020531727700835104 0.0016017090002734737 -0.00041302392427923604 0.00013705723561952462 -0.0014268208925413274
leaf_weight=0.031126301633775832 0.91394712752662566 0.12483320203318693 0.071499257930554561 0.18350551977346197 0.12431235489202674 0.10060741892084468 1.2221176714811006 1.2131670190210568 0.115670030383626 0.011003005456586945 0.065211487832129933 0.18838125336333189 0.011679048431687877 0.080787464161403477
leaf_count=65 77 48 19 473 241 166 126 4362 58 30 105 53 44 63
internal_value=-5.44596e-09 -0.00463608 0.0098536 -0.000836826 -0.00703447 -0.00772886 0.00107984 -0.00824765 -0.00178068 -0.00847052 0.000261305 0.00210396 -0.00860572 -0.000366383
internal_weight=4.45785 3.39161 1.06623 1.83451 1.55711 1.36758 1.651 1.26698 0.240503 1.23585 0.189524 1.4105 1.22485 0.152287
internal_count=5930 5771 159 758 5013 4667 285 4501 106 4436 346 179 4406 82
is_linear=0
shrinkage=0.025


Tree=207
num_leaves=15
num_cat=0
split_feature=0 13 3 2 35 7 0 3 2 2 5 12 6 9
split_gain=0.431407 0.0620867 0.0519914 0.0322222 0.0176393 0.0071627 0.0093009 0.00390573 0.00368604 0.00362604 0.0031862 0.00236191 0.0020116 0.00129208
threshold=5.6533000000000007 17.500000000000004 215386.50000000003 1982.5000000000002 1.0000000180025095e-35 1.5000000000000002 3.9859500000000003 175011.00000000003 2017.5000000000002 1978.5000000000002 77.500000000000014 4.5000000000000009 69.500000000000014 5.0076708074534162
decision_type=10 8 8 8 2 2 10 10 10 10 10 10 8 10
left_child=2 13 5 9 10 7 -7 -1 -8 -4 12 -9 -5 -2
right_child=1 -3 3 4 -6 6 8 11 -10 -11 -12 -13 -14 -15
leaf_value=-0.00047829804338145402 0.00025150821748850372 0.010339625853867399 -0.00073892796844021442 2.2992101056567797e-05 0.00043957847207661108 -0.0020725394767204261 -0.00059852343698022675 -0.00024579515333842338 0.0018422577918696869 0.0013109433466782254 9.8744800268249782e-05 0.0023961005296105602 -0.0070717019274975151 -0.0014767927810059303
leaf_weight=0.073869737505447453 0.027256055909674282 1.029968507529702 0.14631431677844409 0.018660118774278089 0.093122420308645704 0.25974527996731922 0.023491911968449131 0.048936836697976105 0.05277418700279668 0.15092155027377885 0.011943733159568981 0.30796549817023333 2.1088988156334394 0.087788770615588874
leaf_count=53 19 108 18 53 156 372 101 64 95 27 44 71 4677 72
internal_value=5.63428e-09 0.0091566 -0.00457124 -0.00586981 -0.00661424 0.000610482 -0.00096105 0.00165125 0.00123287 0.000510123 -0.00696348 0.00211968 -0.00702202 -0.00120899
internal_weight=4.44166 1.14501 3.29664 2.52986 2.23263 0.766783 0.336011 0.430772 0.0762661 0.297236 2.1395 0.356902 2.12756 0.115045
internal_count=5930 199 5731 4975 4930 756 568 188 196 45 4774 135 4730 91
is_linear=0
shrinkage=0.025


Tree=208
num_leaves=15
num_cat=0
split_feature=11 13 3 2 35 12 11 9 3 2 5 1 9 1
split_gain=0.387704 0.0580955 0.0516719 0.0309259 0.0177317 0.00634199 0.0109483 0.00941672 0.0055681 0.00347629 0.00311894 0.0013483 0.00130983 0.000644982
threshold=13.014177272923774 17.500000000000004 215386.50000000003 1982.5000000000002 1.0000000180025095e-35 3.5000000000000004 8.2006885022175187 4.0122333333333344 175011.00000000003 1978.5000000000002 77.500000000000014 5.5000000000000009 5.0076708074534162 3.5000000000000004
decision_type=10 8 8 8 2 10 10 10 10 10 10 10 10 10
left_child=2 12 5 9 10 6 -1 8 -7 -4 11 -5 -2 -9
right_child=1 -3 3 4 -6 7 -8 13 -10 -11 -12 -13 -14 -15
leaf_value=-0.0023148166837959599 0.00025570777788455314 0.0098336100289240485 -0.00071237003483883563 -0.0068297854025172883 0.00047519831502143702 -0.00046602182413117607 0.0013966167258772852 -0.0012276708492194631 0.0028397522837273121 0.0012995588357848184 0.00010161077720343396 2.7179604201091237e-05 -0.0014741638165272318 0.00015719341329143653
leaf_weight=0.12240001963800784 0.027260166883933956 1.0278770691948012 0.14771194054628756 2.1056084830997874 0.093363882537232601 0.091652382994652726 0.027635601509246044 0.060320308402879164 0.44246811064658687 0.15189732107683085 0.011931624932912999 0.010074033343698718 0.088297039561439306 0.010396861907793209
leaf_count=313 19 108 18 4697 156 50 43 146 174 27 44 32 73 30
internal_value=-8.94216e-09 0.00867752 -0.00435035 -0.00564719 -0.0063834 0.000730357 -0.00101122 0.00152328 0.00233849 0.000522744 -0.00674008 -0.00679889 -0.00120267 -0.00106741
internal_weight=4.41889 1.14343 3.27546 2.52059 2.22098 0.754873 0.150036 0.604838 0.53412 0.299609 2.12761 2.11568 0.115557 0.0707172
internal_count=5930 200 5730 4974 4929 756 356 400 224 45 4773 4729 92 176
is_linear=0
shrinkage=0.025


Tree=209
num_leaves=15
num_cat=0
split_feature=0 3 13 2 35 7 0 2 3 6 6 3 2 8
split_gain=0.376287 0.0607145 0.0599715 0.0326615 0.0184684 0.00926138 0.00928398 0.00727395 0.0069116 0.00611763 0.00562412 0.0051462 0.00371034 0.00367161
threshold=5.7261500000000014 215386.50000000003 17.500000000000004 1989.5000000000002 1.0000000180025095e-35 1.5000000000000002 3.9859500000000003 1984.5000000000002 295380.00000000006 74.500000000000014 69.500000000000014 175011.00000000003 2017.5000000000002 4.7254500000000013
decision_type=10 8 10 8 2 2 10 10 10 10 8 10 10 8
left_child=1 5 8 7 9 11 -7 -3 -2 10 -5 -1 -8 -12
right_child=2 3 -4 4 -6 6 12 -9 -10 -11 13 -13 -14 -15
leaf_value=-0.00048336963506157764 -0.0020198318978542347 -0.0012627641370393915 0.010145429526653676 0.00015975989479174212 0.00047267295977587411 -0.0020280203559640492 -0.00059523144538670949 0.0014077405031240838 0.00098464596067613579 -3.9447415981984471e-05 -0.0013943279337265981 0.0026926203958175295 0.0018638674425492205 -0.0080949441333510192
leaf_weight=0.073662956856424322 0.097088976763188617 0.34881605667760629 0.90304167714202777 0.02164453205477912 0.09354205013369199 0.25855496675649192 0.023430726563674398 0.20875727187376469 0.060944263241253793 0.088636814733035751 0.55234658232075173 0.34241047556861304 0.053149368104641326 1.2858669960696716
leaf_count=53 68 64 76 55 156 372 101 49 15 144 874 137 95 3671
internal_value=-1.18409e-09 -0.00416839 0.00879924 -0.0055653 -0.00658483 0.00108325 -0.000897754 -1.04006e-06 -0.00101144 -0.00696904 -0.00717002 0.00218606 0.00125746 -0.0072822
internal_weight=4.41189 3.35082 1.06107 2.59961 2.04204 0.751208 0.335135 0.557573 0.158033 1.94849 1.85986 0.416073 0.0765801 1.83821
internal_count=5930 5771 159 5013 4900 758 568 113 83 4744 4600 190 196 4545
is_linear=0
shrinkage=0.025


Tree=210
num_leaves=15
num_cat=0
split_feature=0 2 3 9 2 35 9 7 0 3 2 2 5 2
split_gain=0.37353 0.0498832 0.0487911 0.0328971 0.028949 0.0171171 0.00839227 0.0069874 0.00931224 0.00416154 0.00371547 0.00348696 0.00305996 0.00237357
threshold=5.6533000000000007 1996.5000000000002 215386.50000000003 5.2798613636363649 1982.5000000000002 1.0000000180025095e-35 5.628962500000001 1.5000000000000002 3.9859500000000003 175011.00000000003 2017.5000000000002 1978.5000000000002 77.500000000000014 2021.5000000000002
decision_type=10 10 8 8 8 2 10 2 10 10 10 10 10 10
left_child=2 -2 7 -3 11 12 -5 9 -9 -1 -10 -4 -6 -11
right_child=1 3 4 6 5 -7 -8 8 10 13 -12 -13 -14 -15
leaf_value=-0.00049486888533359407 -0.00093015839235498275 0.010575618812266194 -0.00073053088998155684 0.0014739508220680351 -0.0066594393788065882 0.00046879429714476504 -0.001646867450062628 -0.0020358058435588277 -0.00059614034222814968 0.0024609976682890811 0.0018635111563162947 0.0012752713299414922 0.00010273125270581059 -0.00023846407821365704
leaf_weight=0.073719731430174185 0.13458085519960139 0.84375119348987904 0.14729505579452995 0.074901219806634001 2.1067959681531656 0.093814455904066452 0.08618286342243664 0.25838229029614013 0.023472527886042371 0.29753802879713476 0.053356862132204697 0.1519555220293114 0.011905974562978261 0.048643278234521858
leaf_count=53 37 73 18 21 4730 156 68 372 101 71 95 27 44 64
internal_value=-6.77923e-09 0.00852523 -0.00427457 0.00962391 -0.00553621 -0.00624831 -0.000176083 0.000685318 -0.000905484 0.00169859 0.00125629 0.000485604 -0.00660068 0.00218631
internal_weight=4.4063 1.13942 3.26688 1.00484 2.51177 2.21252 0.161084 0.755113 0.335212 0.419901 0.0768294 0.299251 2.1187 0.346181
internal_count=5930 199 5731 162 4975 4930 89 756 568 188 196 45 4774 135
is_linear=0
shrinkage=0.025


Tree=211
num_leaves=15
num_cat=0
split_feature=0 2 3 9 2 35 9 7 0 3 2 2 2 0
split_gain=0.367321 0.0495416 0.0464091 0.0333136 0.0292019 0.0167501 0.00833179 0.00670002 0.00923102 0.00414857 0.00370872 0.00332119 0.00233303 0.00229036
threshold=5.6533000000000007 1996.5000000000002 215386.50000000003 5.2798613636363649 1982.5000000000002 1.0000000180025095e-35 5.628962500000001 1.5000000000000002 3.9859500000000003 175011.00000000003 2017.5000000000002 1978.5000000000002 2021.5000000000002 5.552150000000001
decision_type=10 10 8 8 8 2 10 2 10 10 10 10 10 10
left_child=2 -2 7 -3 11 13 -5 9 -9 -1 -10 -4 -11 -6
right_child=1 3 4 6 5 -7 -8 8 10 12 -12 -13 -14 -15
leaf_value=-0.00050833007536875755 -0.00093452880567027681 0.010509693928799897 -0.00069515957126134844 0.0014578340633547833 -0.0066458298599704636 0.00046152590974570434 -0.0016528761224984341 -0.0020306799737759866 -0.00059731078945927864 0.0024063319129052864 0.001856556272369115 0.0012710970449485359 -0.00024104545963011186 -0.00011031398802297322
leaf_weight=0.074213471641997208 0.13478220073739056 0.84350358817027848 0.14912623545387793 0.074830982252024225 2.0468266222669635 0.094149243173887842 0.086432959884405136 0.25782751031510998 0.023525879660155624 0.29668991919606924 0.053556542479782365 0.15118146427266765 0.048769947708933614 0.068409435159992316
leaf_count=53 37 73 18 21 4670 156 68 372 101 71 95 27 64 104
internal_value=1.93748e-09 0.00845288 -0.00424113 0.00955016 -0.00546975 -0.00618859 -0.000197039 0.000633648 -0.000906144 0.00163517 0.00124839 0.000510985 0.00213122 -0.00653772
internal_weight=4.40383 1.13955 3.26428 1.00477 2.50969 2.20939 0.161264 0.754583 0.33491 0.419673 0.0770824 0.300308 0.34546 2.11524
internal_count=5930 199 5731 162 4975 4930 89 756 568 188 196 45 135 4774
is_linear=0
shrinkage=0.025


Tree=212
num_leaves=15
num_cat=0
split_feature=0 13 28 13 6 8 3 3 3 11 2 1 5 12
split_gain=0.397533 0.0666457 0.065271 0.0326142 0.0223597 0.0188434 0.00844722 0.00843725 0.00706584 0.00679892 0.0064557 0.00628782 0.00452102 0.00305929
threshold=5.7261500000000014 17.500000000000004 1.0000000180025095e-35 31.500000000000004 71.500000000000014 3.9887000000000001 245183.50000000003 153874.50000000003 182578.00000000003 11.693950334875408 1989.5000000000002 5.5000000000000009 77.500000000000014 8.5000000000000018
decision_type=10 10 2 8 10 8 10 8 10 10 10 10 10 8
left_child=2 10 4 -4 7 6 -5 -1 13 -6 -2 12 -9 -7
right_child=1 -3 3 5 9 8 -8 11 -10 -11 -12 -13 -14 -15
leaf_value=0.00021300454662674965 0.00092175529276925005 0.010345449477039765 -0.0037943857997784569 -0.0027035059894383825 -0.0012334992209300441 0.00068952057957214754 0.00080902453226421945 -0.0080060931545440344 0.0026808569180398617 0.001564653248092807 -0.0020392794617151233 0.00020272542540723012 0.00012827786277900077 -0.0012837060136634704
leaf_weight=0.031335203835623937 0.042343681561760382 0.93995777127565816 0.174681651580613 0.12413536582607765 0.12342413386795681 0.06439290990238089 0.11797896077041514 1.2947119524615116 1.247642467569676 0.064434672021889128 0.11733874509809539 0.010921853972831852 0.011741150345187523 0.076637876220047474
leaf_count=65 3 76 470 48 241 4 59 4528 135 105 80 30 44 42
internal_value=3.825e-09 0.00893103 -0.00431869 -0.000432864 -0.00691389 0.00123264 -0.00171855 -0.00758598 0.00225123 0.00023549 -0.00113633 -0.00778336 -0.00790907 -0.000568053
internal_weight=4.44168 1.09964 3.34204 1.80547 1.53657 1.63079 0.242114 1.34871 1.38867 0.187859 0.159682 1.31737 1.30645 0.141031
internal_count=5930 159 5771 758 5013 288 107 4667 181 346 83 4602 4572 46
is_linear=0
shrinkage=0.025


Tree=213
num_leaves=15
num_cat=0
split_feature=0 28 13 13 6 8 35 3 3 3 11 1 3 5
split_gain=0.42337 0.0630792 0.0434259 0.0309212 0.0220671 0.0179414 0.0175874 0.00902407 0.00846364 0.0070584 0.00686232 0.00677489 0.00602013 0.00488039
threshold=5.7261500000000014 1.0000000180025095e-35 17.500000000000004 31.500000000000004 71.500000000000014 3.9887000000000001 1.0000000180025095e-35 153874.50000000003 245183.50000000003 213073.50000000003 11.693950334875408 5.5000000000000009 185988.00000000003 77.500000000000014
decision_type=10 2 10 8 10 8 2 8 10 10 10 10 8 10
left_child=1 4 -2 -3 6 8 7 -1 -5 12 -6 13 -7 -9
right_child=2 3 -4 5 10 9 -8 11 -10 -11 -12 -13 -14 -15
leaf_value=0.00020250793115254644 -0.00053873975617468417 -0.0038068620301282769 0.010285071338908316 -0.0027186446806546603 -0.0012548509998449207 0.0010897950645906982 0.00025885981866044554 -0.0086055176636066853 0.00080433995071992287 0.0027160312564060542 0.0015532943026668787 0.0002002226967753994 -0.0014475330194922789 0.00012546955670477363
leaf_weight=0.031436017612577083 0.15451157867209964 0.17522512623690989 0.94133731490001082 0.12405820743879292 0.12396658491343271 0.18113517505116772 0.10213788590044703 1.1886389323044566 0.1185074164532125 1.0225492333120199 0.06475593289360404 0.010950770367344487 0.19358915570774116 0.011789914700784609
leaf_count=65 83 470 76 48 241 12 166 4362 59 104 105 30 65 44
internal_value=2.65739e-09 -0.00444837 0.00923006 -0.000560354 -0.00701248 0.00109722 -0.00768068 -0.00815766 -0.00173532 0.0021077 0.000204815 -0.00836808 -0.000320475 -0.00850172
internal_weight=4.44459 3.34874 1.09585 1.81506 1.53368 1.63984 1.34495 1.24282 0.242566 1.39727 0.188723 1.21138 0.374724 1.20043
internal_count=5930 5771 159 758 5013 288 4667 4501 107 181 346 4436 77 4406
is_linear=0
shrinkage=0.025


Tree=214
num_leaves=15
num_cat=0
split_feature=0 28 9 13 6 35 2 3 3 2 31 7 7 7
split_gain=0.418117 0.0544956 0.0436517 0.0284173 0.021884 0.0178306 0.0142409 0.0216889 0.0213313 0.010985 0.0101186 0.00995443 0.00896672 0.00772825
threshold=5.7261500000000014 1.0000000180025095e-35 5.3003500000000008 31.500000000000004 71.500000000000014 1.0000000180025095e-35 1984.5000000000002 224407.50000000003 225259.00000000003 2013.5000000000002 1.0000000180025095e-35 1.5000000000000002 4.5000000000000009 12.500000000000002
decision_type=10 2 8 8 10 2 10 10 8 10 2 2 2 2
left_child=1 4 -2 -3 5 10 8 9 -5 -8 -1 -9 -10 -13
right_child=2 3 -4 6 -6 -7 7 11 12 -11 -12 13 -14 -15
leaf_value=-0.0086840217900300033 0.010233945883743604 -0.0037817695607236211 -0.0005484295819270813 0.001615126009867609 0.00023079134593282101 0.00028711261643224803 -0.0025235489903844138 -0.0003620804587697271 0.00045409636669424151 0.0010948497250500408 -0.00058705542758917604 0.0046418838189041575 -0.0039923375992139522 -0.00027258141518112368
leaf_weight=0.96854600239021216 0.93873177171917599 0.17437065433477972 0.15594563423655938 0.26869909823290083 0.18862651279778231 0.10245865283650335 0.17059343008440897 0.1987951131304726 0.13466392854752485 0.18780447583412752 0.26298357444466092 0.45183381668175571 0.11056336716865189 0.10958235860744026
leaf_count=4057 77 470 82 18 346 166 32 30 32 21 444 65 44 46
internal_value=4.32577e-11 -0.00443627 0.00916939 -0.00069879 -0.00683635 -0.00750638 0.000941967 0.00205283 -0.00123479 -0.0012173 -0.00799288 0.00341023 -0.00314681 0.00412241
internal_weight=4.4242 3.32952 1.09468 1.80691 1.52261 1.33399 1.63254 1.11861 0.513926 0.358398 1.23153 0.760211 0.245227 0.561416
internal_count=5930 5771 159 758 5013 4667 288 194 94 53 4501 141 76 111
is_linear=0
shrinkage=0.025


Tree=215
num_leaves=15
num_cat=0
split_feature=0 13 28 3 7 8 35 31 7 8 3 0 2 0
split_gain=0.378118 0.0613701 0.0444736 0.0303695 0.0258146 0.0152419 0.0150226 0.0159968 0.0098305 0.00956689 0.00682606 0.00628273 0.00478127 0.00461527
threshold=5.6533000000000007 17.500000000000004 1.0000000180025095e-35 277577.00000000006 6.5000000000000009 3.9887000000000001 1.0000000180025095e-35 1.0000000180025095e-35 10.500000000000002 6.315100000000001 276417.50000000006 3.5614000000000003 2021.5000000000002 5.6023000000000005
decision_type=10 8 2 8 2 8 2 2 2 10 10 10 8 10
left_child=2 -2 6 5 -3 10 7 9 -7 13 -4 12 -9 -1
right_child=1 4 3 -5 -6 8 -8 11 -10 -11 -12 -13 -14 -15
leaf_value=-0.0081582681879734924 -0.0013190574708198239 -2.2996470407620176e-05 -0.0023566605123603508 -0.0038096029892584608 0.01047567739196819 0.0025953935733636318 0.00030689046058736478 0.00064287466227414458 -0.00085603657776433129 0.0002462005499967534 0.00083490256463901447 0.0012954407970133797 -0.0020320135706538788 1.576947484643435e-05
leaf_weight=1.0160069604316957 0.11760063120163944 0.15384812472620979 0.20236991261481274 0.25400645901390828 0.90151114668697119 1.1194717890757599 0.10256009866134275 0.074256729130865895 0.1515396426402732 0.031018338806461432 0.035291917156428099 0.033239716372918338 0.17033400951186195 0.040179840492783003
leaf_count=4260 91 39 123 395 69 137 166 93 92 41 9 38 328 49
internal_value=-2.01966e-09 0.00847641 -0.00435407 -0.000807684 0.00967864 0.00101484 -0.00656005 -0.00698759 0.00198815 -0.0077505 -0.00159107 -0.000273136 -0.00135589 -0.00799087
internal_weight=4.40324 1.17296 3.23028 1.76268 1.05536 1.50867 1.4676 1.36504 1.27101 1.08721 0.237662 0.27783 0.244591 1.05619
internal_count=5930 199 5731 756 108 361 4975 4809 229 4350 132 459 421 4309
is_linear=0
shrinkage=0.025


Tree=216
num_leaves=15
num_cat=0
split_feature=11 13 28 3 35 31 8 8 6 8 3 11 2 5
split_gain=0.371461 0.0608281 0.0403705 0.029059 0.0149072 0.016225 0.0148721 0.0094853 0.00940114 0.00689071 0.0068879 0.00621225 0.00479699 0.00467041
threshold=13.014177272923774 17.500000000000004 1.0000000180025095e-35 277577.00000000006 1.0000000180025095e-35 1.0000000180025095e-35 3.9887000000000001 6.315100000000001 74.500000000000014 4.919550000000001 276417.50000000006 8.2006885022175187 2021.5000000000002 77.500000000000014
decision_type=10 8 2 8 2 2 8 10 10 10 10 10 8 10
left_child=2 -2 4 6 5 7 10 8 13 -8 -4 12 -7 -1
right_child=1 -3 3 -5 -6 11 9 -9 -10 -11 -12 -13 -14 -15
leaf_value=-0.008346131262880422 -0.0013175110382618635 0.009604021998402365 -0.002373439525155265 -0.0037933135971924543 0.00031736243234560253 0.00065162500608233556 0.0023764343523419362 0.00024953614901610172 2.2264591117817694e-05 -0.00067264244308990894 0.00083637693255629543 0.0013022246414603402 -0.0020144627095024527 0.00012899011297448748
leaf_weight=0.95164000774093416 0.11830654568620924 1.052778942103032 0.20244816492777284 0.2540127842075891 0.10270129135460604 0.074368210625834652 1.1446664617105851 0.031058182416017988 0.084530875465134159 0.12266948622709617 0.035333668231032789 0.033329301862977445 0.17004725351580419 0.010775301605463028
leaf_count=4119 92 108 123 395 166 93 152 41 145 77 9 38 328 44
internal_value=9.27074e-10 0.00840204 -0.00432512 -0.00087106 -0.00644234 -0.00687176 0.000939475 -0.00764042 -0.00788204 0.0019148 -0.00160611 -0.000243636 -0.00133149 -0.00823387
internal_weight=4.38867 1.17109 3.21758 1.75913 1.45845 1.35575 1.50512 1.078 1.04695 1.26734 0.237782 0.277745 0.244415 0.962415
internal_count=5930 200 5730 756 4974 4808 361 4349 4308 229 132 459 421 4163
is_linear=0
shrinkage=0.025


Tree=217
num_leaves=15
num_cat=0
split_feature=0 13 3 7 2 35 7 0 3 3 2 5 2 6
split_gain=0.360825 0.0585595 0.0397723 0.026027 0.0247229 0.0149202 0.00604464 0.00924616 0.00510644 0.00400946 0.00356401 0.00282798 0.00229064 0.00200499
threshold=5.6533000000000007 17.500000000000004 215386.50000000003 6.5000000000000009 1982.5000000000002 1.0000000180025095e-35 1.5000000000000002 3.9859500000000003 225259.00000000003 175011.00000000003 2017.5000000000002 77.500000000000014 2021.5000000000002 69.500000000000014
decision_type=10 8 8 2 8 2 2 10 8 10 10 10 10 8
left_child=2 -2 6 -3 8 11 9 -8 -4 -1 -9 13 -11 -6
right_child=1 3 4 -5 5 -7 7 10 -10 12 -12 -13 -14 -15
leaf_value=-0.00054389553381209161 -0.001284431246791048 -5.6042946825162541e-05 0.0014361549641121107 0.01027513276541004 3.8248722209916989e-05 0.00040126244360884486 -0.0020629529787620066 -0.00058364366751307705 -0.00095182860154521267 0.002240086926927488 0.0018270018921481169 9.7771158942526915e-05 -0.00026206479174598302 -0.0064957133211551599
leaf_weight=0.073340944465599356 0.11780732689658147 0.15399996138876304 0.11920208518859032 0.89358357898890972 0.017862282824353315 0.095083683205302694 0.25422913390502799 0.02304764129803516 0.17688386001100298 0.28977479926834349 0.053002935164840892 0.011857672958285437 0.047498218147666194 2.0467875464673866
leaf_count=53 91 39 7 69 53 156 372 101 38 71 95 44 64 4677
internal_value=2.89743e-09 0.00829245 -0.00426662 0.00947075 -0.00540034 -0.00605809 0.000442438 -0.000947675 0.000375867 0.00143973 0.00123297 -0.00638815 0.00195524 -0.00644515
internal_weight=4.37396 1.16539 3.20857 1.04758 2.46768 2.17159 0.740894 0.33028 0.296086 0.410614 0.0760506 2.07651 0.337273 2.06465
internal_count=5930 199 5731 108 4975 4930 756 568 45 188 196 4774 135 4730
is_linear=0
shrinkage=0.025


Tree=218
num_leaves=15
num_cat=0
split_feature=1 28 30 7 7 8 8 35 3 3 3 2 1 3
split_gain=0.288168 0.092232 0.0867985 0.0607919 0.0441507 0.0429464 0.0265186 0.018542 0.0107153 0.0104969 0.00740876 0.00466625 0.00410447 0.00410017
threshold=3.5000000000000004 1.0000000180025095e-35 1.0000000180025095e-35 7.5000000000000009 10.500000000000002 3.9887000000000001 6.0657500000000004 1.0000000180025095e-35 308633.50000000006 213073.50000000003 146166.50000000003 2012.5000000000002 1.5000000000000002 320550.00000000006
decision_type=10 2 2 2 2 8 10 2 10 10 8 8 10 10
left_child=1 6 3 -2 5 -3 7 10 -5 11 -1 -7 -8 -10
right_child=2 4 -4 8 -6 9 12 -9 13 -11 -12 -13 -14 -15
leaf_value=0.00018372357261776188 -0.0012978679745003234 -0.0023508931369582899 -0.0023605910410513693 0.011274910530515799 -0.0033902397951981974 -0.0011547124052058797 -0.00080166576336132838 0.00034053713247139699 -0.0010360875875019447 0.0044623901932989507 -0.0079329712043680351 0.0010751506811121374 0.0015119947615394981 0.0011860149044236041
leaf_weight=0.026575321913696492 0.0738049481078632 0.25915995081595578 0.054885969962924719 0.70502457654220052 0.33152180800971121 0.1715869338659104 0.043471084143675509 0.10300561785697926 0.021484149554453325 0.97109474215540104 1.2847113277603057 0.17651581138488837 0.065116300327645149 0.071663761154923122
leaf_count=50 147 235 82 265 328 32 82 166 27 129 4251 31 41 64
internal_value=1.44215e-09 -0.00350861 0.00807159 0.00963847 0.000423918 0.00222922 -0.00665366 -0.00727349 0.0108091 0.0037547 -0.00776016 -6.52133e-05 0.000698127 0.000194541
internal_weight=4.35962 3.43276 0.926863 0.871977 1.90988 1.57836 1.52288 1.41429 0.798172 1.3192 1.31129 0.348103 0.108587 0.0931479
internal_count=5930 5345 585 503 755 427 4590 4467 356 192 4301 63 123 91
is_linear=0
shrinkage=0.025


Tree=219
num_leaves=15
num_cat=0
split_feature=0 9 28 3 3 12 12 12 13 31 6 0 12 12
split_gain=0.410717 0.0477195 0.0403496 0.0277004 0.0131768 0.0208579 0.0173263 0.0154139 0.0119614 0.0107352 0.00702794 0.00657193 0.00548162 0.00457886
threshold=5.6533000000000007 5.3003500000000008 1.0000000180025095e-35 277577.00000000006 245183.50000000003 8.5000000000000018 8.5000000000000018 57.500000000000007 22.500000000000004 1.0000000180025095e-35 74.500000000000014 3.5614000000000003 39.500000000000007 4.5000000000000009
decision_type=10 8 2 8 10 10 10 10 8 2 10 10 10 10
left_child=2 -2 9 4 6 -6 -4 -8 -3 10 -1 13 -7 -11
right_child=1 8 3 -5 5 12 7 -9 -10 11 -12 -13 -14 -15
leaf_value=-0.0076160944695892298 0.0099977828237768629 -0.0021108034985314618 0.0018417015014261318 -0.0038334371561002164 -0.001580410208943772 0.0040558593803604907 -0.0031524146447373331 0.0011269371376168757 0.0016073945722058737 -0.0020945917460777823 -4.744104787422548e-05 0.0012672652593492132 -0.00025089353699205827 0.00059180257069523401
leaf_weight=1.0879348982271038 0.98514411668293145 0.11837324110092606 0.20437229116214417 0.25491870680707518 0.048364018439315148 0.36448354079038836 0.6211025922675617 0.17623271400225349 0.086252251756377518 0.17023316863924276 0.092677614593412616 0.033229540393222123 0.085923864651704207 0.074166534846881405
leaf_count=4364 98 86 51 395 105 98 82 13 15 328 152 38 12 93
internal_value=4.43816e-09 0.00878285 -0.00456432 -0.00100622 0.000815085 0.00240521 -0.000782708 -0.00210581 -0.000510225 -0.00669578 -0.00731618 -0.000396117 0.00362774 -0.00145891
internal_weight=4.40341 1.18977 3.21364 1.7554 1.50048 0.498771 1.00171 0.797335 0.204625 1.45824 1.18061 0.277629 0.450407 0.2444
internal_count=5930 199 5731 756 361 215 146 95 101 4975 4516 459 110 421
is_linear=0
shrinkage=0.025


Tree=220
num_leaves=15
num_cat=0
split_feature=0 2 28 9 3 9 35 31 8 9 6 0 3 2
split_gain=0.369613 0.0563131 0.0410718 0.0406823 0.0302104 0.0199477 0.013522 0.0138564 0.00904453 0.00854714 0.00849165 0.00635957 0.00568902 0.00458127
threshold=5.6533000000000007 1996.5000000000002 1.0000000180025095e-35 5.2798613636363649 265460.00000000006 0.87000090909090921 1.0000000180025095e-35 1.0000000180025095e-35 6.315100000000001 5.628962500000001 74.500000000000014 3.5614000000000003 213073.50000000003 2021.5000000000002
decision_type=10 10 2 10 8 8 2 2 10 10 10 10 10 8
left_child=2 -2 6 -3 5 -4 7 8 10 -5 -1 13 -7 -9
right_child=1 3 4 9 -6 12 -8 11 -10 -11 -12 -13 -14 -15
leaf_value=-0.0081838102209688939 -0.0011398427199446419 0.010562430160154037 -0.0018908867742995668 0.0013921120268542558 -0.0035281233101564602 -0.00018697368781035679 0.00025534859479776228 0.00060958808470249642 0.00023430114133232355 -0.0017716562136414371 -7.8645416106470423e-06 0.0012778462404805036 0.0028744480958576603 -0.0020437763602768073
leaf_weight=0.95125147243379593 0.13469467224786047 0.88915681518847101 0.18240690152742867 0.074887114693410695 0.42915998789248999 0.33420535351615399 0.10328996184398431 0.07428759938920837 0.031158218684140482 0.089925193518865854 0.084770107205258682 0.033341214351821691 0.7989495695946971 0.16991851519560441
leaf_count=4164 37 73 94 21 504 45 166 93 41 68 145 38 113 328
internal_value=-4.82104e-09 0.0083275 -0.00434707 0.0095033 -0.000858566 0.00115986 -0.00648264 -0.00688836 -0.00761211 -0.000373115 -0.00784727 -0.000325411 0.00230716 -0.00139541
internal_weight=4.3814 1.18866 3.19274 1.05397 1.74472 1.31556 1.44802 1.34473 1.06718 0.164812 1.03602 0.277547 1.13315 0.244206
internal_count=5930 199 5731 162 756 252 4975 4809 4350 89 4309 459 158 421
is_linear=0
shrinkage=0.025


Tree=221
num_leaves=15
num_cat=0
split_feature=0 7 28 13 9 8 35 1 8 12 1 12 12 0
split_gain=0.394514 0.0598438 0.0522233 0.0274097 0.020288 0.016592 0.0119772 0.0104938 0.00952841 0.00870172 0.00843605 0.00481194 0.00723969 0.00334081
threshold=5.6533000000000007 6.5000000000000009 1.0000000180025095e-35 31.500000000000004 2.7314000000000003 3.9887000000000001 1.0000000180025095e-35 3.5000000000000004 4.8139500000000011 9.5000000000000018 2.5000000000000004 30.500000000000004 17.500000000000004 5.4902500000000005
decision_type=10 2 2 8 10 8 2 10 10 8 10 8 10 10
left_child=2 4 6 -4 -2 11 7 13 -7 -9 -3 12 -5 -1
right_child=1 10 3 5 -6 8 -8 9 -10 -11 -12 -13 -14 -15
leaf_value=-0.0078583969661909017 0.0019843611174121794 0.00054251606821957999 -0.0037352034440368206 -0.0012314770909334751 -0.0029105142454856131 0.0025572602176077326 0.00014456111600098643 0.0015805579509231009 -0.00081408870167601105 -0.0016048120813992519 0.010454028163016148 -0.0024781123395664589 0.0016791100330595212 -9.203993235859043e-05
leaf_weight=1.1471722663627586 0.080955442041158565 0.17304544500075258 0.17329948302358378 0.090973181795561575 0.11259046086343005 1.1474979416525455 0.10419160849414777 0.046624415219412074 0.17351602367125463 0.1007598785290611 0.85360150545602664 0.063522819138597697 0.088597374735400081 0.059488670725840964
leaf_count=4233 2 36 469 58 75 143 166 105 37 367 86 35 14 104
internal_value=-4.62045e-10 0.00852214 -0.00450963 -0.000729636 -0.00091593 0.000930227 -0.0068844 -0.00725692 0.00195448 -9.78419e-05 0.00987542 -0.00173049 0.000410629 -0.00769074
internal_weight=4.41584 1.22019 3.19564 1.73741 0.193546 1.56411 1.45824 1.35405 1.32101 0.147384 1.02665 0.243093 0.179571 1.20666
internal_count=5930 199 5731 756 77 287 4975 4809 180 472 122 107 72 4337
is_linear=0
shrinkage=0.025


Tree=222
num_leaves=15
num_cat=0
split_feature=0 7 28 3 9 9 3 1 6 3 5 10 4 8
split_gain=0.386588 0.058979 0.0493947 0.0335711 0.0215327 0.0202846 0.00934326 0.00819573 0.00474608 0.00428448 0.0032775 0.0030475 0.00221961 0.00220203
threshold=5.6533000000000007 6.5000000000000009 1.0000000180025095e-35 265460.00000000006 0.87000090909090921 2.7314000000000003 177420.50000000003 2.5000000000000004 74.500000000000014 245183.50000000003 77.500000000000014 1.0000000180025095e-35 60.500000000000007 6.315100000000001
decision_type=10 2 2 8 8 10 8 10 10 10 10 10 10 10
left_child=2 5 6 4 9 -2 -1 -3 10 -4 12 -6 13 -8
right_child=1 7 3 -5 11 -7 8 -9 -10 -11 -12 -13 -14 -15
leaf_value=0.00012287340591882949 0.0019851207469449516 0.00054204532028685607 -0.002456049041506789 -0.0035936184511068665 0.0027741896622717303 -0.0029089757328866323 -0.0075363645776162771 0.010361586213203827 -0.00014096893864116682 0.00045655544512883015 9.4611759876693678e-05 -0.00013578007976068173 6.4893660295309413e-05 1.279469150309817e-05
leaf_weight=0.082706781380693317 0.08097478188574303 0.17348667397163786 0.1124416686070614 0.43157732601684995 0.96989257769018877 0.11253266129642725 1.2273509500519133 0.84991766232997179 0.099787568062311149 0.070318364392733201 0.01159670682682179 0.15246973821194842 0.0074396021227586253 0.020991481665987632
leaf_count=165 2 36 38 504 105 75 4547 86 159 56 44 53 28 32
internal_value=-3.73582e-10 0.00844134 -0.00446993 -0.000759938 0.00132957 -0.000913664 -0.00678973 0.00978755 -0.00708316 -0.00189688 -0.00732651 0.00250116 -0.00740661 -0.00746019
internal_weight=4.40348 1.21691 3.18657 1.7367 1.30512 0.193507 1.44987 1.0234 1.36717 0.18276 1.26738 1.12236 1.25578 1.24834
internal_count=5930 199 5731 756 252 77 4975 122 4810 94 4651 158 4607 4579
is_linear=0
shrinkage=0.025


Tree=223
num_leaves=15
num_cat=0
split_feature=0 28 9 3 9 2 35 3 3 6 10 4 6 0
split_gain=0.442685 0.0511206 0.0448542 0.0321622 0.0207457 0.0117526 0.010566 0.010725 0.00420305 0.00417563 0.00308232 0.00268433 0.00201632 0.00197329
threshold=5.6533000000000007 1.0000000180025095e-35 5.623612500000001 265460.00000000006 0.87000090909090921 1992.5000000000002 1.0000000180025095e-35 177420.50000000003 245183.50000000003 74.500000000000014 1.0000000180025095e-35 60.500000000000007 69.500000000000014 5.0697500000000009
decision_type=10 2 10 8 8 10 2 8 10 10 10 10 8 10
left_child=1 6 -2 4 8 -4 7 -1 -3 11 -6 12 -9 -11
right_child=2 3 5 -5 10 -7 -8 9 -10 13 -12 -13 -14 -15
leaf_value=0.00011762324074433958 0.010033046417468461 -0.0024698309208005848 0.0016003593054516462 -0.0036533694111586714 0.0026453312212860228 -0.0021095156729894556 6.0973975819555755e-05 -1.2041255776038786e-06 0.00044294872793811574 -0.00087566212869771886 -0.00016283072295216838 7.4530280251203435e-05 -0.0082161544800461572 0.00067234644727239825
leaf_weight=0.080575502317514869 1.0655974918045101 0.1123786604730409 0.072659577941521891 0.43360228295205172 0.96469063361291774 0.10552156914491206 0.10432807501638319 0.019133294088533148 0.070474927284521982 0.06710806628689181 0.15263873703952413 0.0069005877594464629 1.1465440105821465 0.033514634036691859
leaf_count=162 116 38 7 504 105 76 166 57 56 109 53 27 4404 50
internal_value=6.0418e-10 -0.00479706 0.00896201 -0.000914896 0.00118962 -0.000522394 -0.00716309 -0.0075092 -0.00192181 -0.00783128 0.00236599 -0.00808372 -0.00814413 -0.000217646
internal_weight=4.43567 3.19189 1.24378 1.73379 1.30018 0.178181 1.4581 1.35378 0.182854 1.2732 1.11733 1.17258 1.16568 0.100623
internal_count=5930 5731 199 756 252 83 4975 4809 94 4647 158 4488 4461 159
is_linear=0
shrinkage=0.025


Tree=224
num_leaves=15
num_cat=0
split_feature=0 2 9 28 3 9 35 3 9 1 12 5 10 3
split_gain=0.404775 0.0608752 0.0584361 0.0555939 0.0361285 0.0137133 0.0105257 0.0106098 0.00707834 0.00438821 0.00725441 0.00420455 0.0032808 0.00301913
threshold=5.6533000000000007 1996.5000000000002 5.2910500000000011 1.0000000180025095e-35 265460.00000000006 0.87000090909090921 1.0000000180025095e-35 177420.50000000003 5.628962500000001 3.5000000000000004 9.5000000000000018 77.500000000000014 1.0000000180025095e-35 245183.50000000003
decision_type=10 10 8 2 8 8 2 8 10 10 8 10 10 10
left_child=3 -2 -3 6 5 13 7 -1 -4 11 -11 -9 -7 -5
right_child=1 2 8 4 -6 12 -8 9 -10 10 -12 -13 -14 -15
leaf_value=0.00012288819576663232 -0.0012028633544006427 0.011022510143399873 0.0010843956863964201 -0.0018472949573172398 -0.0036627168958592825 0.0025963430952211609 7.0288029662510216e-05 -0.0081553605497051672 -0.0018764529477783645 0.0013153263380777283 -0.0016152173049778342 0.00011828893731653879 -0.00019300586338360669 0.00044149574931856762
leaf_weight=0.080561753333313058 0.13623763230862085 0.94840822287369486 0.070338205434382073 0.10696528950938922 0.43301124223216914 0.96230365468363743 0.1043810626724736 1.1089020890212848 0.091493556159548461 0.043844643667398597 0.10047482917434536 0.01028427606797766 0.15335526307171676 0.070574187993770465
leaf_count=162 37 75 19 38 504 105 166 4145 68 103 366 33 53 56
internal_value=-8.50795e-09 0.00855657 0.00975665 -0.00460449 -0.000714818 0.00143903 -0.00705485 -0.00740212 -0.000763851 -0.00772424 -0.000353494 -0.00805939 0.00230293 -0.00133519
internal_weight=4.42114 1.24648 1.11024 3.17466 1.72621 1.2932 1.44845 1.34407 0.161832 1.26351 0.144319 1.11919 1.11566 0.177539
internal_count=5930 199 162 5731 756 252 4975 4809 87 4647 469 4178 158 94
is_linear=0
shrinkage=0.025


Tree=225
num_leaves=15
num_cat=0
split_feature=0 2 9 3 13 3 35 3 0 12 2 5 6 1
split_gain=0.460812 0.0495583 0.0474724 0.0251577 0.0124519 0.0107643 0.00874725 0.00600321 0.0104642 0.00579651 0.006988 0.00249126 0.00136987 0.000875527
threshold=5.6533000000000007 1982.5000000000002 5.623612500000001 215386.50000000003 22.500000000000004 225259.00000000003 1.0000000180025095e-35 214022.50000000003 3.5614000000000003 23.500000000000004 1998.5000000000002 77.500000000000014 69.500000000000014 5.5000000000000009
decision_type=10 8 10 8 8 8 2 10 10 8 10 10 8 10
left_child=1 5 9 7 -4 -1 11 8 -3 -2 -11 12 -5 -14
right_child=2 3 4 6 -6 -7 -8 -9 -10 10 -12 -13 13 -15
leaf_value=0.0023466055445176088 0.0107671371535951 -0.002293413039450879 -0.0022086147316618516 -3.1176152752269998e-06 0.0016132673369261036 -0.0011598520888178628 5.4994170916410103e-05 0.0011879068714381023 0.0012098324802627355 -0.001041429564956426 0.0018772830072181623 6.7334562341123512e-05 -0.0071325427715396954 3.2101707262873577e-06
leaf_weight=0.24872964125825126 0.88741267647128519 0.40870666096452657 0.094419372209813335 0.017936746880877763 0.08436085470020771 0.1743099025770789 0.097260360867949092 0.089770631748251617 0.085899959347443655 0.097756917704828195 0.10793385974830016 0.011947616003453621 2.0375268277639424 0.0098820578132289283
leaf_count=25 65 485 69 53 14 38 156 37 216 31 20 44 4645 32
internal_value=-3.57364e-09 -0.00492374 0.00906337 -0.00589508 -0.000566507 0.00110204 -0.00678418 -0.000392863 -0.0012826 0.0101565 0.000776873 -0.00701821 -0.00706779 -0.00710835
internal_weight=4.45385 3.18197 1.27188 2.75893 0.17878 0.42304 2.17455 0.584377 0.494607 1.0931 0.205691 2.07729 2.06535 2.04741
internal_count=5930 5731 199 5668 83 63 4930 738 701 116 51 4774 4730 4677
is_linear=0
shrinkage=0.025


Tree=226
num_leaves=15
num_cat=0
split_feature=0 28 7 3 1 8 12 35 3 3 10 6 5 3
split_gain=0.449299 0.0582775 0.0452037 0.0344783 0.014509 0.0114947 0.0110413 0.00856875 0.00939085 0.00373804 0.00356211 0.00325786 0.0033443 0.00285938
threshold=5.6533000000000007 1.0000000180025095e-35 6.5000000000000009 265460.00000000006 2.5000000000000004 3.9887000000000001 18.500000000000004 1.0000000180025095e-35 177420.50000000003 245183.50000000003 1.0000000180025095e-35 74.500000000000014 77.500000000000014 213073.50000000003
decision_type=10 2 2 8 10 8 10 2 8 10 10 10 10 10
left_child=1 7 6 5 -4 9 -2 8 -1 -3 13 12 -10 -7
right_child=2 3 4 -5 -6 10 -8 -9 11 -11 -12 -13 -14 -15
leaf_value=5.2061633855179066e-05 0.0014899467280624331 -0.0018427604813944249 0.00040079064319612173 -0.0036705266988297015 0.010714472870705219 6.1836227619302864e-05 -0.002098686039760502 -3.7347897640208359e-05 -0.0083057968499537487 0.00056463040811270692 -0.00025678799374275201 -0.00026043154036570524 7.67256567375996e-05 0.002853169519238927
leaf_weight=0.081197502309805381 0.11397585319355119 0.10647474153665792 0.17314834881108232 0.43600661118398432 0.90713393373880535 0.31906807440100238 0.071911487146280706 0.1054557825846133 1.1536778070658327 0.06614990285015665 0.15610471135005355 0.10060064235585753 0.011725460572051705 0.64411112497327849
leaf_count=162 28 36 36 504 86 42 49 166 4444 42 58 159 44 74
internal_value=-1.42178e-10 -0.00485921 0.00896415 -0.000818305 0.0100487 0.00132581 -0.000497384 -0.00737242 -0.00768606 -0.00122545 0.00211185 -0.00798631 -0.00822497 0.002431
internal_weight=4.44674 3.18057 1.26617 1.72792 1.08028 1.29191 0.185887 1.45266 1.3472 0.172625 1.11928 1.266 1.1654 0.963179
internal_count=5930 5731 199 756 122 252 77 4975 4809 78 174 4647 4488 116
is_linear=0
shrinkage=0.025


Tree=227
num_leaves=15
num_cat=0
split_feature=0 28 9 3 9 2 35 3 2 2 6 5 10 3
split_gain=0.438806 0.054779 0.0463879 0.0334942 0.0131632 0.0119989 0.00858569 0.00932951 0.00675195 0.00712112 0.0033361 0.00332021 0.00328279 0.00302015
threshold=5.6533000000000007 1.0000000180025095e-35 5.623612500000001 265460.00000000006 0.87000090909090921 1992.5000000000002 1.0000000180025095e-35 177420.50000000003 2002.5000000000002 1998.5000000000002 74.500000000000014 77.500000000000014 1.0000000180025095e-35 245183.50000000003
decision_type=10 2 10 8 8 10 2 8 10 10 10 10 10 10
left_child=1 6 8 4 13 -4 7 -1 9 -2 11 -9 -6 -3
right_child=2 3 5 -5 12 -7 -8 10 -10 -11 -12 -13 -14 -15
leaf_value=5.8934359656524955e-05 -0.0010753297686614675 -0.001874497758946786 0.0015959887135077956 -0.00365262551884807 0.0024509038997819789 -0.0021581675269826072 -2.6341995628564094e-05 -0.0081935235779080663 0.010579730910417348 0.0018571695591635064 -0.00025078120921225635 7.8100020693271506e-05 -0.00022206018364497168 0.00043292777623676112
leaf_weight=0.081243469307082372 0.09723903256235622 0.10793012788053569 0.072648803587071487 0.4370670565403999 0.95677352089842316 0.10689601890044287 0.10550244932528596 1.1441194701183119 0.87645012920256704 0.10779232066124678 0.10064981551840912 0.01174285817251064 0.15469224876142107 0.071360511239618063
leaf_count=162 31 38 7 504 105 76 166 4444 65 20 159 44 53 56
internal_value=-6.0972e-09 -0.0048076 0.00886892 -0.00085145 0.00127751 -0.000573892 -0.00725683 -0.00757187 0.00995916 0.000728167 -0.00787272 -0.00811224 0.00214991 -0.00136776
internal_weight=4.43211 3.17108 1.26103 1.72782 1.29076 0.179545 1.44326 1.33776 1.08148 0.205031 1.25651 1.15586 1.11147 0.179291
internal_count=5930 5731 199 756 252 83 4975 4809 116 51 4647 4488 158 94
is_linear=0
shrinkage=0.025


Tree=228
num_leaves=15
num_cat=0
split_feature=0 28 7 3 1 8 12 35 3 3 0 10 3 3
split_gain=0.428748 0.0529598 0.044279 0.0331918 0.0144103 0.0110254 0.0108835 0.00841032 0.00914504 0.00372634 0.00362879 0.00353224 0.00309042 0.00721322
threshold=5.6533000000000007 1.0000000180025095e-35 6.5000000000000009 265460.00000000006 2.5000000000000004 3.9887000000000001 18.500000000000004 1.0000000180025095e-35 177420.50000000003 245183.50000000003 5.4644500000000011 1.0000000180025095e-35 213073.50000000003 185988.00000000003
decision_type=10 2 2 8 10 8 10 2 8 10 10 10 10 10
left_child=1 7 6 5 -4 9 -2 8 -1 -3 -10 12 13 -7
right_child=2 3 4 -5 -6 11 -8 -9 10 -11 -12 -13 -14 -15
leaf_value=5.8842355165175763e-05 0.0014707927664230685 -0.0018329715999833296 0.00038176706071729293 -0.0036433314799424036 0.010515677530611525 0.00140281422226082 -0.0020953047103759058 -2.5712146248254244e-05 -0.0080920647364302739 0.0005663844849662724 -0.0003518223227019555 -0.00026844853322789886 0.0027995097310308699 -0.0013866802548501804
leaf_weight=0.081316012641763913 0.11328043905086804 0.10687087781843696 0.173347547650337 0.4372811369248667 0.89866633131168783 0.16403925244230777 0.072063423809595406 0.1056145219190513 1.1136368886254784 0.065909554512472823 0.13434413536742806 0.15683213203737978 0.64378809733898379 0.15368364736787044
leaf_count=162 28 36 36 504 86 13 49 166 4411 42 236 58 74 29
internal_value=-1.76288e-09 -0.00475698 0.00877345 -0.000856636 0.00985211 0.00126542 -0.000513686 -0.0071738 -0.00748687 -0.00121519 -0.007786 0.0020414 0.00236294 2.51498e-05
internal_weight=4.42067 3.16332 1.25736 1.7284 1.07201 1.29112 0.185344 1.43491 1.3293 0.17278 1.24798 1.11834 0.961511 0.317723
internal_count=5930 5731 199 756 122 252 77 4975 4809 78 4647 174 116 42
is_linear=0
shrinkage=0.025


Tree=229
num_leaves=15
num_cat=0
split_feature=0 28 9 3 13 9 35 3 2 2 1 12 5 10
split_gain=0.422572 0.050698 0.045721 0.0327625 0.0125951 0.0125155 0.00822753 0.00894838 0.00666955 0.0073202 0.00364619 0.00710055 0.00401095 0.00329332
threshold=5.6533000000000007 1.0000000180025095e-35 5.623612500000001 265460.00000000006 22.500000000000004 0.87000090909090921 1.0000000180025095e-35 177420.50000000003 2002.5000000000002 1998.5000000000002 3.5000000000000004 9.5000000000000018 77.500000000000014 1.0000000180025095e-35
decision_type=10 2 10 8 8 8 2 8 10 10 10 8 10 10
left_child=1 6 8 5 -4 -3 7 -1 9 -2 12 -12 -9 -7
right_child=2 3 4 -5 -6 13 -8 10 -10 -11 11 -13 -14 -15
leaf_value=5.6873897658629187e-05 -0.0010994905289013009 -0.0013403900727327264 -0.0022299204240645901 -0.0036457953393303922 0.001615049769424145 0.0023928465760275643 -2.713756913277107e-05 -0.0081293648922166686 0.010410631438952806 0.0018678122508529644 0.0012898614108505185 -0.0016133996832985676 0.00011127215958408903 -0.00023520033793699926
leaf_weight=0.081431690967292192 0.097311749006621318 0.17755915960879032 0.095760245108976849 0.43681412418663979 0.084514406742528081 0.95669663879380096 0.10582962274202157 1.0867553846073859 0.87140388949774206 0.10881912912009284 0.043304564751451946 0.099789726722519845 0.010363496214267687 0.15544400634826161
leaf_count=162 31 94 69 504 14 105 166 4145 65 20 103 366 33 53
internal_value=5.54023e-10 -0.00473164 0.00870541 -0.000882594 -0.000586231 0.00123681 -0.00710564 -0.00741662 0.00979386 0.000716823 -0.00771366 -0.000375019 -0.00803558 0.00208808
internal_weight=4.4118 3.15399 1.25781 1.72651 0.180275 1.2897 1.42747 1.32164 1.07753 0.206131 1.24021 0.143094 1.09712 1.11214
internal_count=5930 5731 199 756 83 252 4975 4809 116 51 4647 469 4178 158
is_linear=0
shrinkage=0.025


Tree=230
num_leaves=15
num_cat=0
split_feature=0 28 9 3 13 9 3 35 1 2 5 10 3 1
split_gain=0.454299 0.0515037 0.0492545 0.0313487 0.0126754 0.0118534 0.0076136 0.00757855 0.00836832 0.00836735 0.00426959 0.00354987 0.00342511 0.00319956
threshold=5.6533000000000007 1.0000000180025095e-35 5.623612500000001 265460.00000000006 22.500000000000004 0.87000090909090921 153874.50000000003 1.0000000180025095e-35 3.5000000000000004 2016.5000000000002 77.500000000000014 1.0000000180025095e-35 213073.50000000003 2.5000000000000004
decision_type=10 2 10 8 8 8 8 2 10 10 10 10 10 10
left_child=1 6 13 5 -4 -3 -1 8 10 -10 -8 12 -7 -2
right_child=2 3 4 -5 -6 11 7 -9 9 -11 -12 -13 -14 -15
leaf_value=0.00018591354759911165 0.00074801615434055098 -0.0013373505154476459 -0.0022526040754334222 -0.0036549858626761795 0.0016081084770179208 -1.8196743961686635e-05 -0.0083104849830019124 -8.7855143793805007e-05 -0.0016484075516105135 0.0014827362495468525 0.00011407498385128823 -0.00028486221013503859 0.0027648805449360242 0.010630922990979163
leaf_weight=0.034200895155663491 0.18310283543542005 0.17731952967005749 0.096262868610210606 0.4386298506287859 0.084627385367639363 0.31681255646981299 1.1306778815705909 0.10623374156421062 0.100782105946564 0.045812424112227745 0.010981228362652362 0.15660773900162894 0.63866264514217619 0.90539222612278536
leaf_count=68 35 94 69 504 14 41 4235 166 367 105 34 53 64 81
internal_value=-1.50291e-09 -0.00491152 0.00899619 -0.000973372 -0.000614153 0.00113688 -0.00731277 -0.00749751 -0.00780312 -0.000230137 -0.00821402 0.0019778 0.00230468 0.0101226
internal_weight=4.42611 3.15672 1.26939 1.72803 0.18089 1.2894 1.42869 1.39449 1.28825 0.146595 1.14166 1.11208 0.955475 1.0885
internal_count=5930 5731 199 756 83 252 4975 4907 4741 472 4269 158 105 116
is_linear=0
shrinkage=0.025


Tree=231
num_leaves=15
num_cat=0
split_feature=0 9 2 3 13 3 35 3 1 3 3 0 5 6
split_gain=0.443919 0.0480705 0.0436306 0.0235234 0.0126176 0.0115655 0.00665985 0.00465653 0.00295127 0.00259105 0.00837346 0.0070493 0.00241577 0.00155747
threshold=5.6533000000000007 5.623612500000001 1982.5000000000002 177420.50000000003 22.500000000000004 225259.00000000003 1.0000000180025095e-35 171593.50000000003 2.5000000000000004 215386.50000000003 214022.50000000003 4.5560000000000009 77.500000000000014 69.500000000000014
decision_type=10 10 8 8 8 8 2 10 10 8 10 10 10 8
left_child=2 8 5 7 -3 -1 9 -4 -2 10 11 -5 13 -11
right_child=1 4 3 6 -6 -7 -8 -9 -10 12 -12 -13 -14 -15
leaf_value=0.0022855123701310642 0.00074596691585168554 -0.0022424019908531792 -0.00084792241783626968 -0.0026415960823886848 0.0016082121442368782 -0.001292773290484705 1.6587373085483904e-06 0.0015360908257688029 0.010516739183537877 9.8331465005812302e-06 0.0011578822819705026 0.00074108585722443819 6.7340089352757102e-05 -0.0069396184886051544
leaf_weight=0.24779304536059532 0.1833355118287725 0.096094468142837175 0.11969930125633288 0.25997152905620247 0.084716825978830457 0.17406607545854058 0.1031466953572816 0.054364601994166151 0.90086300321854651 0.017444934812374413 0.088527502201031893 0.050226215986185707 0.012042689821100683 2.0195833282741669
leaf_count=25 35 69 137 384 14 38 162 33 81 53 37 141 44 4677
internal_value=-9.84354e-10 0.0089007 -0.00486155 -0.00577025 -0.000604186 0.00093824 -0.00624184 0.000570822 0.0100152 -0.0064291 -0.000922012 -0.00194629 -0.00684687 -0.00689646
internal_weight=4.41188 1.26501 3.14687 2.72501 0.180811 0.421859 2.55094 0.174064 1.0842 2.4478 0.398725 0.310198 2.04907 2.03703
internal_count=5930 199 5731 5668 83 63 5498 170 116 5336 562 525 4774 4730
is_linear=0
shrinkage=0.025


Tree=232
num_leaves=15
num_cat=0
split_feature=0 28 7 3 9 9 11 35 3 3 3 10 12 12
split_gain=0.407064 0.0559861 0.045406 0.0350429 0.0158498 0.0139935 0.00752042 0.00784088 0.00555212 0.00436392 0.00753502 0.00415568 0.00364526 0.00342951
threshold=5.6533000000000007 1.0000000180025095e-35 6.5000000000000009 265460.00000000006 2.7314000000000003 0.87000090909090921 12.582556829267018 1.0000000180025095e-35 153874.50000000003 213073.50000000003 185988.00000000003 1.0000000180025095e-35 22.500000000000004 9.5000000000000018
decision_type=10 2 2 8 10 8 10 2 8 10 10 10 10 8
left_child=1 6 4 5 -2 -3 7 8 -1 10 -7 12 -11 -8
right_child=2 3 -4 -5 -6 9 13 -9 -10 11 -12 -13 -14 -15
leaf_value=8.382444347228174e-05 0.0018618223618706614 -0.0013762831348575471 0.0096052413905470101 -0.0036297360981025553 -0.0024367037490616952 0.0013615274355842739 0.00095510971382005189 -8.1084256958740132e-05 -0.0079960253627088581 3.6138757251490299e-05 -0.0014906755401391334 -0.00017457536336736623 0.0036296900278844618 -0.0010555407274699554
leaf_weight=0.033394750455044808 0.075757645070552715 0.17590082492097248 1.0835738126770591 0.43891845172038313 0.11056262906640768 0.16330104635562748 0.029783615755150206 0.10663954948540766 1.1372032641957048 0.22494136227760464 0.15541072195628658 0.1564033928734716 0.40658970158256125 0.10793180076871067
leaf_count=67 2 94 122 504 75 13 41 166 4502 33 32 49 31 199
internal_value=-6.04384e-09 -0.00466829 0.008507 -0.000746609 -0.000592793 0.00139801 -0.00715465 -0.00750569 -0.0078331 0.00228296 -0.000105009 0.00276737 0.00315639 -0.000163407
internal_weight=4.40631 3.13642 1.26989 1.72147 0.18632 1.28255 1.41495 1.27724 1.1706 1.10665 0.318712 0.787934 0.631531 0.137715
internal_count=5930 5731 199 756 77 252 4975 4735 4569 158 45 113 64 240
is_linear=0
shrinkage=0.025


Tree=233
num_leaves=15
num_cat=0
split_feature=0 28 9 3 9 4 3 35 1 6 2 0 10 2
split_gain=0.440822 0.0597659 0.0505996 0.0348935 0.0139015 0.0132837 0.0071238 0.00591761 0.00556105 0.00546406 0.00609529 0.00451151 0.00401946 0.0044124
threshold=5.6533000000000007 1.0000000180025095e-35 5.623612500000001 265460.00000000006 0.87000090909090921 46.500000000000007 153874.50000000003 1.0000000180025095e-35 2.5000000000000004 71.500000000000014 2018.5000000000002 4.5139000000000005 1.0000000180025095e-35 2003.5000000000002
decision_type=10 2 10 8 8 10 8 2 10 10 10 10 10 10
left_child=1 6 8 4 -3 -4 -1 9 -2 -8 -11 -12 13 -6
right_child=2 3 5 -5 12 -7 7 -9 -10 10 11 -13 -14 -15
leaf_value=0.00015860810127308551 0.00066735341407829149 -0.0013815799877894129 0.0016195597363928478 -0.0036566277540427531 0.0032196205904004953 -0.0023432428196516054 -0.0083183251034052216 -0.00016351641589071274 0.010441456061514632 -0.0015917794177094235 -0.00072075350019065601 0.0018408510230531123 -0.00026437698970645864 7.6964056669818215e-05
leaf_weight=0.034435311681590863 0.18390847707632907 0.17595904998597656 0.082987720903474727 0.44053363852435734 0.53257799970742781 0.098230954434257001 1.102151872240938 0.10759364702971663 0.93519431829918176 0.077505987515905761 0.040374499280005693 0.058195333112962544 0.159496477295761 0.40273533933213912
leaf_count=68 35 94 14 504 49 69 4401 166 81 184 69 87 53 56
internal_value=-2.91296e-09 -0.0048836 0.00877133 -0.000795352 0.00137004 -0.00069374 -0.00744568 -0.00762191 0.00990812 -0.00790237 -0.000439619 0.00109062 0.0022607 0.00260541
internal_weight=4.43188 3.13156 1.30032 1.7113 1.27077 0.181219 1.42026 1.38582 1.1191 1.27823 0.176076 0.0985698 1.09481 0.935313
internal_count=5930 5731 199 756 252 83 4975 4907 116 4741 340 156 158 105
is_linear=0
shrinkage=0.025


Tree=234
num_leaves=15
num_cat=0
split_feature=0 28 9 3 9 4 3 1 2 35 1 3 10 2
split_gain=0.433258 0.0578974 0.0500535 0.0342706 0.0139331 0.0132593 0.00699913 0.00658366 0.00819418 0.0065329 0.00512397 0.00382948 0.00368128 0.00381512
threshold=5.6533000000000007 1.0000000180025095e-35 5.623612500000001 265460.00000000006 0.87000090909090921 46.500000000000007 153874.50000000003 3.5000000000000004 2016.5000000000002 1.0000000180025095e-35 2.5000000000000004 213073.50000000003 1.0000000180025095e-35 2004.5000000000002
decision_type=10 2 10 8 8 10 8 10 10 2 10 10 10 10
left_child=1 6 10 4 -3 -4 -1 9 -9 -8 -2 -6 13 -13
right_child=2 3 5 -5 11 -7 7 8 -10 -11 -12 12 -14 -15
leaf_value=0.00015724182838515758 0.00067285701138602516 -0.001397469529103453 0.0016174328522342192 -0.0036426145311608316 -8.1926213471770386e-05 -0.0023418289793180396 -0.0082254785597717598 -0.0016524857173665143 0.0014494584251869697 -0.00016554314260423903 0.010357135068708435 0.0035342472920642139 -0.00014591053976781778 3.5589659452969297e-06
leaf_weight=0.03446802619146172 0.18414510064758338 0.17600814395700548 0.083046903018839546 0.43960582157887995 0.30901552140130661 0.098303635604679585 1.1242595228322896 0.10035484957916208 0.045557677796750795 0.10776085648103606 0.93240662483731285 0.40492667024955153 0.15939161939604674 0.22376307571539655
leaf_count=68 35 94 14 504 45 69 4269 367 105 166 81 31 49 33
internal_value=2.20046e-09 -0.00484609 0.00869953 -0.000808808 0.00134172 -0.000694361 -0.00737713 -0.00755247 -0.000264268 -0.00791052 0.00983248 0.002238 0.00268475 0.00305136
internal_weight=4.42301 3.12511 1.2979 1.71271 1.27311 0.181351 1.4124 1.37793 0.145913 1.23202 1.11655 1.0971 0.788081 0.62869
internal_count=5930 5731 199 756 252 83 4975 4907 472 4435 116 158 113 64
is_linear=0
shrinkage=0.025


Tree=235
num_leaves=15
num_cat=0
split_feature=0 28 9 3 9 2 4 2 3 1 2 35 3 10
split_gain=0.394233 0.0574033 0.0460253 0.0372138 0.0151124 0.0133841 0.013133 0.00736542 0.00688268 0.00663516 0.0081548 0.00667518 0.00446582 0.00433106
threshold=5.6533000000000007 1.0000000180025095e-35 5.623612500000001 265460.00000000006 0.87000090909090921 2002.5000000000002 46.500000000000007 1998.5000000000002 153874.50000000003 3.5000000000000004 2016.5000000000002 1.0000000180025095e-35 213073.50000000003 1.0000000180025095e-35
decision_type=10 2 10 8 8 10 10 10 8 10 10 2 10 10
left_child=1 8 5 4 -3 7 -4 -2 -1 11 -11 -10 -6 -14
right_child=2 3 6 -5 12 -7 -8 -9 9 10 -12 -13 13 -15
leaf_value=0.00016439099867228621 -0.001199280865207609 -0.0014033502012373706 0.00161558215922511 -0.00367390636079294 -8.7677167383567762e-05 0.010088911626277494 -0.002322961229127203 0.0017300862059811102 -0.0080093463473498508 -0.0016352799813977911 0.0014575508759700282 -0.00014278415346151324 0.0033063567231513048 -0.00015906721004933336
leaf_weight=0.034444920864188933 0.1005495080607941 0.17580956046003815 0.082942159089725354 0.43694737646728765 0.30790385830914602 0.90841101785190403 0.097951480187475681 0.10734874330228195 1.112798681737331 0.099947273876750953 0.045558246238215361 0.1076564824907108 0.62248869484756142 0.15935198967054021
leaf_count=68 31 94 14 504 45 65 69 20 4269 367 105 166 64 49
internal_value=-6.74501e-09 -0.00464277 0.00829218 -0.000689674 0.00150752 0.00937941 -0.000678229 0.00049337 -0.00715921 -0.00733531 -0.000239866 -0.00769225 0.00242395 0.00290717
internal_weight=4.40011 3.10291 1.2972 1.7025 1.26555 1.11631 0.180894 0.207898 1.40041 1.36596 0.145506 1.22046 1.08974 0.781841
internal_count=5930 5731 199 756 252 116 83 51 4975 4907 472 4435 158 113
is_linear=0
shrinkage=0.025


Tree=236
num_leaves=15
num_cat=0
split_feature=0 28 9 3 9 4 6 2 3 3 10 0 3 2
split_gain=0.38901 0.0535235 0.0454273 0.0362372 0.0140054 0.0130935 0.00688357 0.00655188 0.00533528 0.00432461 0.00422028 0.00400493 0.00322759 0.00227677
threshold=5.6533000000000007 1.0000000180025095e-35 5.623612500000001 265460.00000000006 0.87000090909090921 46.500000000000007 71.500000000000014 2018.5000000000002 153874.50000000003 213073.50000000003 1.0000000180025095e-35 4.5139000000000005 245183.50000000003 2013.5000000000002
decision_type=10 2 10 8 8 10 10 10 8 10 10 10 10 10
left_child=1 6 -2 4 12 -4 8 -8 -1 13 -11 -9 -3 -6
right_child=2 3 5 -5 9 -7 7 11 -10 10 -12 -13 -14 -15
leaf_value=9.6695962450223978e-05 0.0093202235245502234 -0.001885684856446972 0.0016147581761057673 -0.0036774763355434761 -0.00084594025021483908 -0.002317255965574964 -0.0015562751640045851 -0.00062519762001790678 -0.0076216540752492359 0.0032042727762325893 -0.00016730783382213973 0.001867349783888113 0.00046272520932836122 0.00072825863129485501
leaf_weight=0.031968869006959388 1.1139495554380117 0.10669083724496853 0.082975278259254881 0.43688609694072522 0.15165664104279131 0.097908087365794927 0.076294106285786367 0.042213456996250898 1.1832869504141854 0.61877000961976591 0.15994272626994643 0.057851260673487559 0.071880341653013602 0.15474794778856449
leaf_count=65 116 38 14 504 29 69 184 72 4567 64 49 87 56 16
internal_value=6.85071e-09 -0.00462028 0.00823898 -0.000746272 0.00144399 -0.000673556 -0.00706288 -0.000298566 -0.00746662 0.00233063 0.00280704 0.00120337 -0.00134984 -0.000102019
internal_weight=4.38702 3.09219 1.29483 1.70057 1.26369 0.180883 1.39161 0.176359 1.21526 1.08512 0.778713 0.100065 0.178571 0.306405
internal_count=5930 5731 199 756 252 83 4975 343 4632 158 113 159 94 45
is_linear=0
shrinkage=0.025


Tree=237
num_leaves=15
num_cat=0
split_feature=0 28 9 4 4 2 12 11 35 1 8 2 6 7
split_gain=0.379358 0.0513659 0.0443776 0.0278322 0.0130672 0.0125601 0.00817949 0.00721172 0.00657067 0.00494533 0.00491166 0.00331901 0.00142014 0.000845127
threshold=5.6533000000000007 1.0000000180025095e-35 5.623612500000001 40.500000000000007 46.500000000000007 2018.5000000000002 39.500000000000007 12.582556829267018 1.0000000180025095e-35 2.5000000000000004 6.315100000000001 2016.5000000000002 78.500000000000014 3.5000000000000004
decision_type=10 2 10 10 10 8 10 10 2 10 10 10 10 2
left_child=1 7 9 5 -4 6 13 8 10 -2 12 -9 -1 -3
right_child=2 3 4 -5 -6 -7 -8 11 -10 -11 -12 -13 -14 -15
leaf_value=-0.0078179334562881175 0.0006177168047928279 0.00033701437597016284 0.0016161393500323249 -0.0037676122980692516 -0.0023107387697977161 -0.0015454750400738697 -0.00041531976299004759 -0.0010331254558631645 -0.00011306261643194513 0.0097119272193699323 8.9180868395535666e-05 0.0009449665442526514 6.0646769526539331e-06 0.002910145666232389
leaf_weight=1.0993031589605378 0.18424391036387511 0.3963293648557733 0.083036189316771813 0.1759664007840912 0.097870660480111837 0.1556277201161721 0.4888389112893492 0.10624438583909079 0.10691208040225308 0.9265742392744869 0.027884868904948124 0.029322212503757328 0.013040250109042861 0.48390776965243276
leaf_count=4511 35 63 14 472 69 114 39 199 166 81 38 41 20 68
internal_value=5.7134e-10 -0.0045687 0.00814047 -0.000757572 -0.00066606 0.00094452 0.00176044 -0.00697096 -0.00731577 0.00921078 -0.00762274 -0.000149894 -0.00776676 0.002547
internal_weight=4.3751 3.08338 1.29172 1.70067 0.180907 1.5247 1.36908 1.38271 1.24714 1.11082 1.14023 0.135567 1.11234 0.880237
internal_count=5930 5731 199 756 83 284 170 4975 4735 116 4569 240 4531 131
is_linear=0
shrinkage=0.025


Tree=238
num_leaves=15
num_cat=0
split_feature=0 28 7 3 9 9 11 35 3 10 2 3 3 2
split_gain=0.348363 0.0468597 0.0432202 0.0360079 0.015832 0.0143852 0.00727667 0.00699257 0.00492632 0.00376306 0.00326766 0.00318048 0.00306155 0.00260612
threshold=5.6533000000000007 1.0000000180025095e-35 6.5000000000000009 265460.00000000006 2.7314000000000003 0.87000090909090921 12.582556829267018 1.0000000180025095e-35 153874.50000000003 1.0000000180025095e-35 2016.5000000000002 245183.50000000003 213073.50000000003 2013.5000000000002
decision_type=10 2 2 8 10 8 10 2 8 10 10 10 10 10
left_child=1 6 4 5 -2 11 7 8 -1 12 -8 -3 13 -7
right_child=2 3 -4 -5 -6 9 10 -9 -10 -11 -12 -13 -14 -15
leaf_value=7.9732214892637486e-05 0.0018186917055412876 -0.001897444616857175 0.0088597165739531282 -0.0036577293792078311 -0.0024924037504215073 -0.00079865394588768488 -0.0010084900697454322 -7.4371437593585442e-05 -0.0075214796111266651 -0.00021552612519024056 0.0009523892221739369 0.00045209565719613151 0.003122100648845202 0.00088812150152466291
leaf_weight=0.033322223476715984 0.073879458010196575 0.1067388164810833 1.1083225756883619 0.43432978956843737 0.11203044123249128 0.15009539018501528 0.10581801291846216 0.10691415827022854 1.0944608766731108 0.16248885041568428 0.029324700881261379 0.071318414673442021 0.61509199027204886 0.14436052151722834
leaf_count=67 2 38 122 504 75 28 199 166 4502 53 41 56 64 13
internal_value=1.6126e-09 -0.00440538 0.00778499 -0.000734717 -0.000690249 0.00145509 -0.00670436 -0.00704945 -0.00736497 0.00235987 -0.00011883 -0.00137144 0.00269188 7.55553e-05
internal_weight=4.3485 3.05426 1.29423 1.68442 0.18591 1.25009 1.36984 1.2347 1.12778 1.07204 0.135143 0.178057 0.909548 0.294456
internal_count=5930 5731 199 756 77 252 4975 4735 4569 158 240 94 105 41
is_linear=0
shrinkage=0.025


Tree=239
num_leaves=15
num_cat=0
split_feature=0 28 9 3 9 4 3 1 2 35 5 10 3 3
split_gain=0.396196 0.050248 0.047656 0.0350468 0.0140811 0.0130013 0.00639934 0.00571006 0.00797019 0.00539223 0.00394485 0.00380508 0.00346209 0.00310352
threshold=5.6533000000000007 1.0000000180025095e-35 5.623612500000001 265460.00000000006 0.87000090909090921 46.500000000000007 153874.50000000003 3.5000000000000004 2016.5000000000002 1.0000000180025095e-35 77.500000000000014 1.0000000180025095e-35 213073.50000000003 245183.50000000003
decision_type=10 2 10 8 8 10 8 10 10 2 10 10 10 10
left_child=1 6 -2 4 13 -4 -1 9 -9 10 -8 12 -6 -3
right_child=2 3 5 -5 11 -7 7 8 -10 -11 -12 -13 -14 -15
leaf_value=0.0001486486455989164 0.0093398139502109904 -0.0019080509961714198 0.0015825547203821731 -0.0037017923403083104 2.3659207691217904e-05 -0.0023463813963120698 -0.007988851925712288 -0.0016321972148984369 0.0014282974743558044 -0.00018262466464503014 0.00011089237560925534 -0.00023814036695065963 0.0030610198928704428 0.00043677888425576185
leaf_weight=0.034392238536383846 1.1403815840021705 0.10661227573291365 0.082249586936086305 0.43538571854878694 0.29277264443226159 0.098852820985484868 1.0809947655652647 0.099369729730824585 0.045118486348656006 0.10780686224461522 0.010670433257473522 0.16271416454401333 0.61420841536892112 0.071235584240639582
leaf_count=68 116 38 14 504 41 69 4235 367 105 166 34 53 64 56
internal_value=2.82927e-09 -0.00470914 0.00823833 -0.000843205 0.00135759 -0.000732882 -0.00709015 -0.00725978 -0.000263566 -0.00759955 -0.00789452 0.00226836 0.00260711 -0.00139541
internal_weight=4.38277 3.06128 1.32148 1.68293 1.24754 0.181102 1.37835 1.34396 0.144488 1.19947 1.09167 1.0697 0.906981 0.177848
internal_count=5930 5731 199 756 252 83 4975 4907 472 4435 4269 158 105 94
is_linear=0
shrinkage=0.025


Tree=240
num_leaves=15
num_cat=0
split_feature=0 7 3 2 1 9 2 2 0 35 2 0 3 0
split_gain=0.362371 0.0454669 0.0441217 0.0228725 0.018679 0.0157816 0.0124891 0.0147798 0.0138344 0.00542858 0.00416304 0.00284747 0.00215518 0.00199968
threshold=5.6533000000000007 6.5000000000000009 226587.00000000003 1988.5000000000002 2.5000000000000004 2.7314000000000003 2017.5000000000002 2021.5000000000002 3.5614000000000003 1.0000000180025095e-35 1963.5000000000002 5.3362500000000006 168980.00000000003 5.6023000000000005
decision_type=10 2 8 10 10 10 10 10 10 2 8 8 10 10
left_child=2 5 3 -1 -3 -2 12 11 -9 10 -4 -8 -5 -12
right_child=1 4 9 6 -6 -7 7 8 -10 -11 13 -13 -14 -15
leaf_value=0.0025176813031769583 0.0017958217404502456 0.00016864566561283995 0.00014264983059539453 0.00015289245314596998 0.0096653424719806823 -0.0025165296219979601 -0.00029066310777769625 -0.0028598724212138419 0.0013925138577408768 -2.8284828640650463e-05 -0.006407181458036643 0.0026972107891309327 -0.0033919209799539714 -4.0349120498988723e-06
leaf_weight=0.28753543537459358 0.072897559031844028 0.1771737723611293 0.018993131816387288 0.026521298757870682 0.95917478890623897 0.11277471971698105 0.027237369227805175 0.18172297271667048 0.042024010792374611 0.099873831466538721 1.866399181573797 0.16669992067909334 0.27474140981939854 0.0320847160764971
leaf_count=31 2 36 1 26 86 75 84 437 77 157 4520 64 292 42
internal_value=1.65152e-09 0.00786428 -0.00453821 -2.77069e-06 0.00895669 -0.000736795 -0.00188904 0.000648742 -0.00157593 -0.00605016 -0.00624661 0.0023856 -0.00320218 -0.00633769
internal_weight=4.34585 1.32202 3.02383 1.00648 1.13635 0.185672 0.718947 0.417684 0.223747 2.01735 1.91748 0.193937 0.301263 1.89848
internal_count=5930 199 5731 1011 122 77 980 662 514 4720 4563 148 318 4562
is_linear=0
shrinkage=0.025


Tree=241
num_leaves=15
num_cat=0
split_feature=0 7 3 2 1 2 2 0 2 35 2 3 3 0
split_gain=0.357054 0.045231 0.042105 0.022173 0.0194971 0.0123297 0.0146847 0.0137517 0.0105637 0.00524099 0.00413981 0.00342362 0.00214574 0.00192007
threshold=5.6533000000000007 6.5000000000000009 226587.00000000003 1988.5000000000002 2.5000000000000004 2017.5000000000002 2021.5000000000002 3.5614000000000003 2007.5000000000002 1.0000000180025095e-35 1963.5000000000002 171593.50000000003 168980.00000000003 5.6023000000000005
decision_type=10 2 8 10 10 10 10 10 10 2 8 10 10 10
left_child=2 8 3 -1 -3 12 11 -8 -2 10 -4 -7 -5 -12
right_child=1 4 9 5 -6 6 7 -9 -10 -11 13 -13 -14 -15
leaf_value=0.0024588670900531173 -0.0022100365284313454 0.00013517714146503258 0.00014328540025610226 0.00015317553764458643 0.0096138041508406318 -0.00035405233600548851 -0.0028529221429688303 0.0013873754669537471 0.001344824490805296 -3.2173316226982051e-05 -0.0063400255652912617 0.0027343723331985244 -0.003376029404691284 -6.0700808813026035e-06
leaf_weight=0.28509294032119237 0.075079981295857467 0.17670327611267544 0.019294481724500767 0.026507117538130842 0.96051218744833022 0.024383454292546958 0.1816133320244262 0.042172665700491052 0.11047905671875924 0.10014446315472003 1.8631863545197118 0.16968250631180126 0.27480461247614585 0.03216606000205513
leaf_count=31 49 36 1 26 86 19 437 77 28 157 4520 129 292 42
internal_value=3.45151e-09 0.00780294 -0.00450964 -3.80057e-05 0.00889337 -0.00188234 0.000642166 -0.00157312 -0.000744431 -0.00598658 -0.00618013 0.0023748 -0.00318643 -0.00627175
internal_weight=4.34182 1.32277 3.01905 1.00426 1.13722 0.719164 0.417852 0.223786 0.185559 2.01479 1.91465 0.194066 0.301312 1.89535
internal_count=5930 199 5731 1011 122 980 662 514 77 4720 4563 148 318 4562
is_linear=0
shrinkage=0.025


Tree=242
num_leaves=15
num_cat=0
split_feature=0 7 28 3 1 9 9 6 2 35 3 0 10 2
split_gain=0.348095 0.0445992 0.0405044 0.031245 0.0211346 0.0157401 0.0130062 0.00738231 0.00647278 0.00586028 0.00523366 0.00382113 0.00356138 0.00362858
threshold=5.6533000000000007 6.5000000000000009 1.0000000180025095e-35 265460.00000000006 2.5000000000000004 2.7314000000000003 0.87000090909090921 71.500000000000014 2018.5000000000002 1.0000000180025095e-35 153874.50000000003 4.5139000000000005 1.0000000180025095e-35 1989.5000000000002
decision_type=10 2 2 8 10 10 8 10 10 2 8 10 10 10
left_child=2 5 7 6 -3 -2 -4 9 -9 10 -1 -10 13 -8
right_child=1 4 3 -5 -6 -7 12 8 11 -11 -12 -13 -14 -15
leaf_value=9.8806651160713744e-05 0.0017877524088830477 7.5701892522014167e-05 -0.0013669616819144039 -0.0035556860167528445 0.0095327640691528093 -0.0025213903460001635 0.0030930778316529016 -0.0015008932605058444 -0.00059463991623301513 -0.00012048776134352139 -0.0074921972870600198 0.0018710961900403672 -0.00024072566689641495 0.00014589533481944552
leaf_weight=0.031875098036834637 0.072571884840726741 0.17714909894857533 0.17858488005003859 0.43150236070505354 0.96079375798581168 0.11303025187226012 0.43950920237693936 0.074268394804676174 0.041277385171269998 0.10805069518391963 1.0406380500899104 0.056975542975123972 0.16372404666617513 0.44589222432114184
leaf_count=65 2 36 94 504 86 75 35 184 72 166 4401 87 53 70
internal_value=3.68416e-09 0.00770031 -0.00445929 -0.000871585 0.00878456 -0.000749738 0.00124444 -0.00661865 -0.000216494 -0.0070259 -0.00732777 0.00123698 0.00213912 0.00247346
internal_weight=4.33584 1.32354 3.0123 1.65921 1.13794 0.185602 1.22771 1.35309 0.172521 1.18056 1.07251 0.0982529 1.04913 0.885401
internal_count=5930 199 5731 756 122 77 252 4975 343 4632 4466 159 158 105
is_linear=0
shrinkage=0.025


Tree=243
num_leaves=15
num_cat=0
split_feature=0 7 28 4 1 9 12 2 31 2 8 7 2 35
split_gain=0.339841 0.0433875 0.0385792 0.0247262 0.02079 0.0156455 0.010921 0.0132516 0.00754466 0.00718453 0.00708188 0.00706029 0.00673769 0.00657684
threshold=5.6533000000000007 6.5000000000000009 1.0000000180025095e-35 40.500000000000007 2.5000000000000004 2.7314000000000003 39.500000000000007 1982.5000000000002 1.0000000180025095e-35 2008.5000000000002 6.315100000000001 3.5000000000000004 2010.5000000000002 1.0000000180025095e-35
decision_type=10 2 2 10 10 10 8 8 2 10 10 2 10 2
left_child=2 5 8 6 -3 -2 9 -8 10 11 13 -4 -11 -1
right_child=1 4 3 -5 -6 -7 7 -9 -10 12 -12 -13 -14 -15
leaf_value=-0.0076017330663331805 0.0017879634670844341 7.3062007080902867e-05 -0.00038443563017027726 -0.0036890991173853527 0.0094307455333177831 -0.0025061982720449021 0.0010513783609164323 -0.0027423140696752205 -0.00042418560395021383 -0.0016333880181732059 0.00019438427090593882 0.0034756048089323748 0.00097652767557031251 -0.00011381140669246204
leaf_weight=0.95371891299510003 0.072576094418764003 0.17757151077967115 0.15129533558501829 0.1730744508386125 0.95606804336421192 0.11291173938661814 0.39251356525346648 0.13012094573059585 0.25415356860321492 0.085695819812826812 0.0296001806273124 0.26610158938274253 0.46026809464092366 0.10813015134772286
leaf_count=4309 2 36 35 472 86 75 30 68 459 14 41 26 111 166
internal_value=-6.49906e-09 0.00761569 -0.0044103 -0.000884586 0.0086862 -0.000735099 0.000794616 -0.00107385 -0.00652695 0.00183894 -0.00706574 0.00279235 -0.000224695 -0.00726424
internal_weight=4.3238 1.31913 3.00467 1.65907 1.13364 0.185488 1.486 0.522635 1.3456 0.963361 1.09145 0.417397 0.545964 1.06185
internal_count=5930 199 5731 756 122 77 284 98 4975 186 4516 61 125 4475
is_linear=0
shrinkage=0.025


Tree=244
num_leaves=15
num_cat=0
split_feature=0 7 3 2 9 2 2 0 1 35 2 0 3 0
split_gain=0.334951 0.0426737 0.0389461 0.020637 0.0156095 0.0129063 0.0141635 0.0136535 0.00532794 0.00515963 0.00378451 0.00278962 0.00213562 0.00207892
threshold=5.6533000000000007 6.5000000000000009 226587.00000000003 1988.5000000000002 2.7314000000000003 2017.5000000000002 2021.5000000000002 3.5614000000000003 3.5000000000000004 1.0000000180025095e-35 1963.5000000000002 5.3362500000000006 168980.00000000003 5.6023000000000005
decision_type=10 2 8 10 10 10 10 10 10 2 8 8 10 10
left_child=2 4 3 -1 -2 12 11 -8 -3 10 -4 -7 -5 -12
right_child=1 8 9 5 -6 6 7 -9 -10 -11 13 -13 -14 -15
leaf_value=0.0023655044287500455 0.0017884859271347147 0.00069877583786152105 0.00013406046525460706 0.00015334299074573461 -0.0024998615351185471 -0.00028563121043188004 -0.0028043045490835096 0.0014019991505637849 0.0091964624486381256 -2.1659616065557513e-05 -0.0061629398637329871 0.0026861283193047752 -0.0033641532592098497 8.1628646926010119e-06
leaf_weight=0.28123041951039374 0.072587601840495952 0.22718824143521466 0.01898752152919736 0.026353808731073514 0.11276662012096494 0.02716712645633379 0.17976928720599972 0.042152823654760141 0.90626185724977404 0.10046771829365742 1.8461350905708966 0.16611883134464733 0.27383604769420344 0.031857527501415572
leaf_count=31 2 46 1 26 75 84 437 77 76 157 4520 64 292 42
internal_value=-8.71419e-09 0.00755775 -0.00438774 -5.28994e-05 -0.000728436 -0.00182837 0.000700688 -0.00151183 0.00861909 -0.0058114 -0.00600471 0.00237911 -0.00317492 -0.00609179
internal_weight=4.31288 1.3188 2.99408 0.996628 0.185354 0.715398 0.415208 0.221922 1.13345 1.99745 1.89698 0.193286 0.30019 1.87799
internal_count=5930 199 5731 1011 77 980 662 514 122 4720 4563 148 318 4562
is_linear=0
shrinkage=0.025


Tree=245
num_leaves=15
num_cat=0
split_feature=0 9 3 12 8 7 0 1 35 12 12 12 12 12
split_gain=0.356132 0.0458172 0.0357273 0.0214286 0.0145914 0.0119572 0.0108522 0.00436397 0.00434203 0.00410703 0.00467908 0.0038379 0.00226773 0.00193724
threshold=5.6533000000000007 5.623612500000001 226587.00000000003 38.500000000000007 6.1058500000000011 1.5000000000000002 5.0631000000000013 3.5000000000000004 1.0000000180025095e-35 8.5000000000000018 7.5000000000000009 63.500000000000007 22.500000000000004 13.500000000000002
decision_type=10 10 8 10 10 2 10 10 2 10 10 10 10 10
left_child=2 7 3 5 -3 9 -7 13 11 10 -1 -4 -11 -2
right_child=1 4 8 -5 -6 6 -8 -9 -10 12 -12 -13 -14 -15
leaf_value=-0.00056481332659262529 0.0012907282325099532 -0.0024587934543792741 -0.0061451291416246894 0.0023103540952270564 0.0016997756286060645 -0.0037703936060638869 0.0007864951527389941 0.0095061099212382094 -6.725824200962901e-05 -0.00124828580675255 0.0022164058384194205 0.00013451893801318102 0.00052314113110080108 -0.00038689928398992713
leaf_weight=0.084047361204284465 0.12005111947655656 0.11110039288178075 1.8826176219226911 0.28064334308146499 0.072763820644468069 0.37427360576111823 0.044433750452299137 0.89115774759557098 0.10088361668749701 0.088892417355964426 0.07876724805100821 0.019007228314876445 0.056108414886693936 0.12249668274307624
leaf_count=131 10 76 4562 31 7 651 116 68 157 49 7 1 26 38
internal_value=-3.05955e-09 0.00780146 -0.00450921 -0.000213946 -0.000767409 -0.00196242 -0.0030733 0.00889951 -0.00587876 0.000743183 0.00152965 -0.00605763 -0.000704589 0.000813963
internal_weight=4.32724 1.31757 3.00967 1.00717 0.183864 0.726523 0.418707 1.13371 2.00251 0.307815 0.162815 1.90162 0.145001 0.242548
internal_count=5930 199 5731 1011 83 980 767 116 4720 213 138 4563 75 48
is_linear=0
shrinkage=0.025


Tree=246
num_leaves=15
num_cat=0
split_feature=0 13 28 3 9 0 3 3 6 2 2 35 3 0
split_gain=0.325211 0.0428674 0.0358014 0.030003 0.0221476 0.0141436 0.0140553 0.0163183 0.00800197 0.00747955 0.00647279 0.00545133 0.005132 0.00376438
threshold=5.6533000000000007 17.500000000000004 1.0000000180025095e-35 277577.00000000006 4.3160000000000007 5.5582500000000001 245183.50000000003 226587.00000000003 71.500000000000014 2003.5000000000002 2018.5000000000002 1.0000000180025095e-35 153874.50000000003 4.5139000000000005
decision_type=10 8 2 8 10 8 10 10 10 10 10 2 8 10
left_child=2 4 8 5 -2 -4 7 9 11 -7 -10 12 -1 -12
right_child=1 -3 3 -5 -6 6 -8 -9 10 -11 13 -13 -14 -15
leaf_value=0.0001050119862525824 0.0022300364520893776 0.0085738262260323921 -0.0017405723828870835 -0.0038374301470959099 -0.0028152885463520881 0.0023589850473623121 0.0033905347238769438 -0.0023836330121968052 -0.0014682138145542002 -0.00064380977514721157 -0.00058017930578300808 -0.00012069887419557176 -0.0072626717453068762 0.0018872561272700876
leaf_weight=0.031820370713830592 0.07821270858403262 1.1056004717247561 0.082927883748197595 0.25222439032222621 0.1349903320078738 0.34994779282715172 0.44450273923575878 0.23388063884340227 0.073101282061543427 0.29156392929144204 0.040854702470824122 0.10877416635048565 1.0200419170905661 0.056756579986540601
leaf_count=65 6 108 242 395 85 31 33 23 184 32 72 166 4401 87
internal_value=3.08448e-09 0.00744443 -0.00433027 -0.000896683 -0.000651887 0.00100906 0.00185763 -0.000313606 -0.00638318 0.00143343 -0.00015807 -0.00680187 -0.00709723 0.00126683
internal_weight=4.3052 1.3188 2.9864 1.65505 0.213203 1.40282 1.3199 0.875392 1.33135 0.641512 0.170713 1.16064 1.05186 0.0976113
internal_count=5930 199 5731 756 91 361 119 86 4975 63 343 4632 4466 159
is_linear=0
shrinkage=0.025


Tree=247
num_leaves=15
num_cat=0
split_feature=0 7 3 2 9 2 2 0 35 2 0 0 3 6
split_gain=0.320885 0.043073 0.0350014 0.0191379 0.015605 0.0128756 0.0138133 0.0134995 0.00475243 0.00366284 0.00275611 0.0022033 0.00215275 0.0018078
threshold=5.6533000000000007 6.5000000000000009 226587.00000000003 1988.5000000000002 2.7314000000000003 2017.5000000000002 2021.5000000000002 3.5614000000000003 1.0000000180025095e-35 1963.5000000000002 5.3362500000000006 5.552150000000001 168980.00000000003 69.500000000000014
decision_type=10 2 8 10 10 10 10 10 2 8 8 10 10 8
left_child=2 4 3 -1 -2 12 10 -8 9 -4 -7 13 -5 -11
right_child=1 -3 8 5 -6 6 7 -9 -10 11 -12 -13 -14 -15
leaf_value=0.0022357676451738081 0.0017680876119343795 0.0084652941153026753 0.0001338574976601105 0.00015600238658473398 -0.0025279620591847672 -0.00028436206635821653 -0.0027767202571195942 0.0014001809664196054 -2.9953560707708792e-05 4.7555846504026707e-05 0.0026670247713855575 -6.0252088036843696e-05 -0.0033455356775909171 -0.0060903642598472071
leaf_weight=0.27865959414339192 0.071741802617907413 1.1333894658600909 0.019080216065048838 0.026501080777961761 0.11377790122060105 0.027120412763906643 0.17865042087214533 0.042230537554132752 0.10105615397333156 0.014735257835127413 0.16561485803686082 0.059602775494568161 0.27352063805301441 1.7894001327076692
leaf_count=31 2 122 1 26 75 84 437 77 157 50 64 100 292 4412
internal_value=-2.27566e-09 0.00739102 -0.00431046 -0.000119715 -0.000776583 -0.00180744 0.000709654 -0.00148538 -0.00566398 -0.00585109 0.0023615 -0.00593771 -0.00315416 -0.00604115
internal_weight=4.29508 1.31891 2.97617 0.992298 0.18552 0.713638 0.413616 0.220881 1.98387 1.88282 0.192735 1.86374 0.300022 1.80414
internal_count=5930 199 5731 1011 77 980 662 514 4720 4563 148 4562 318 4462
is_linear=0
shrinkage=0.025


Tree=248
num_leaves=15
num_cat=0
split_feature=11 9 12 3 12 4 12 12 11 3 35 2 11 11
split_gain=0.288741 0.0402301 0.0397509 0.0351884 0.0172144 0.0129664 0.012664 0.0132644 0.0133003 0.0102607 0.00506245 0.00348586 0.00270172 0.00251107
threshold=13.014177272923774 5.623612500000001 23.500000000000004 226587.00000000003 38.500000000000007 46.500000000000007 8.5000000000000018 4.5000000000000009 8.2006885022175187 264522.50000000006 1.0000000180025095e-35 1963.5000000000002 12.288380463662593 12.784339132765984
decision_type=10 10 8 8 10 10 10 10 10 8 2 8 8 10
left_child=3 2 -2 4 6 -3 7 8 -1 -4 11 -5 -9 -13
right_child=1 5 9 10 -6 -7 -8 12 -10 -11 -12 13 -14 -15
leaf_value=-0.0027196790645800627 0.0091965445078354708 0.001554854326221696 0.0014841217704162561 0.00013270831261771339 0.0021934623065822645 -0.0023795823478063027 -0.0030116026363414335 -0.00027887220809395249 0.0014086363460916397 -0.0019430538584499155 3.240384656906419e-06 -0.0058521112122746233 0.0026618852013987429 -3.343651030689003e-05
leaf_weight=0.17775629420066286 0.92375784175237607 0.081204745394643285 0.10942648648051556 0.019036769866943026 0.27697964257095009 0.10152526025194675 0.29017698887037113 0.027038048909162171 0.042303668582462706 0.1065945012960583 0.10103112398064684 1.7937053457098953 0.16580892843194306 0.05886953603476297
leaf_count=437 66 14 19 1 31 69 318 84 77 32 157 4462 64 99
internal_value=-7.58755e-10 0.00699598 0.00803273 -0.00411066 -1.28726e-06 -0.000794817 -0.00164616 0.000765758 -0.00142197 -0.000414178 -0.00546506 -0.00565858 0.00236144 -0.00574375
internal_weight=4.27522 1.32251 1.13978 2.95271 0.980064 0.18273 0.703084 0.412907 0.22006 0.216021 1.97264 1.87161 0.192847 1.85257
internal_count=5930 200 117 5730 1011 83 980 662 514 51 4719 4562 148 4561
is_linear=0
shrinkage=0.025


Tree=249
num_leaves=15
num_cat=0
split_feature=0 13 28 3 8 3 0 3 3 9 6 2 2 3
split_gain=0.25616 0.0573703 0.0351289 0.0321547 0.0231314 0.0588564 0.0151188 0.0159173 0.0168937 0.00854399 0.00849297 0.00655262 0.00570159 0.00469089
threshold=5.6533000000000007 16.500000000000004 1.0000000180025095e-35 277577.00000000006 5.9006000000000007 288563.50000000006 5.5582500000000001 245183.50000000003 226587.00000000003 4.7840250000000006 71.500000000000014 2018.5000000000002 2003.5000000000002 153874.50000000003
decision_type=10 8 2 8 10 8 8 10 10 10 10 10 10 8
left_child=2 9 10 6 5 -3 -4 8 12 -2 13 -12 -8 -1
right_child=1 4 3 -5 -6 -7 7 -9 -10 -11 11 -13 -14 -15
leaf_value=0.00012243558087309073 0.00096009187310946368 0.004170302683954851 -0.0016942381328533555 -0.0037375178780724508 0.00917120103668209 -0.0036465064811150106 0.0022604518609308272 0.0037171115674310418 -0.0024000360607292046 -0.0025790460876246833 -0.0014280507022796885 0.0013213109197249997 -0.00048107353947354016 -0.0064779016585481651
leaf_weight=0.031723756954306404 0.046084916684776212 0.2635697892983444 0.08135501301148873 0.24759298346180014 0.753377775545232 0.16758418269455433 0.34618118940852582 0.43893965834286064 0.23236798238940537 0.089167878322768956 0.071806729130912683 0.0970203505421523 0.28296979039441794 1.1079003250888491
leaf_count=65 7 35 242 395 67 35 31 33 23 55 184 159 32 4567
internal_value=1.2736e-10 0.00659017 -0.00388226 -0.000638253 0.00782431 0.000707027 0.00125311 0.00209382 -0.000285763 -0.00158967 -0.00589553 -6.93767e-05 0.00148898 -0.00632282
internal_weight=4.25764 1.31978 2.93786 1.62941 1.18453 0.431154 1.38181 1.30046 0.861519 0.135253 1.30845 0.168827 0.629151 1.13962
internal_count=5930 199 5731 756 137 70 361 119 86 62 4975 343 63 4632
is_linear=0
shrinkage=0.025


Tree=250
num_leaves=15
num_cat=0
split_feature=0 13 28 3 8 3 0 3 3 31 9 8 35 2
split_gain=0.257046 0.0575466 0.0346832 0.0309459 0.0220904 0.058205 0.0148672 0.0162581 0.0160576 0.01043 0.00864671 0.00671221 0.00654276 0.00587369
threshold=5.6533000000000007 16.500000000000004 1.0000000180025095e-35 277577.00000000006 5.9006000000000007 288563.50000000006 5.5582500000000001 245183.50000000003 226587.00000000003 1.0000000180025095e-35 4.7840250000000006 6.315100000000001 1.0000000180025095e-35 2003.5000000000002
decision_type=10 8 2 8 10 8 8 10 10 2 10 10 2 10
left_child=2 10 9 6 5 -3 -4 8 13 11 -2 12 -1 -8
right_child=1 4 3 -5 -6 -7 7 -9 -10 -11 -12 -13 -14 -15
leaf_value=-0.0070356258432158385 0.00096732259316459281 0.0041647328986163341 -0.001697266461638261 -0.0036930902621997684 0.0091506473463370801 -0.0036113168714515492 0.0022182998723787846 0.0036901367042910271 -0.0023720555069555852 -0.00019868736737791915 -0.0025896644628156159 0.0002113713011379833 -6.7153793502561265e-05 -0.00052015552820292531
leaf_weight=0.91743893234888652 0.046455256117041821 0.26458029460627586 0.081458175802253785 0.24624434592260525 0.75683898443821818 0.16688621533103287 0.34620049071963876 0.44066334853414446 0.23178375838324428 0.24913235369604092 0.089320232742466033 0.029415029101073631 0.10839096311246976 0.28302413446363062
leaf_count=4309 7 35 242 395 67 35 31 33 23 459 55 41 166 32
internal_value=6.81513e-10 0.00659191 -0.00389454 -0.000655945 0.00782745 0.00073536 0.00120756 0.00204777 -0.000323994 -0.00589982 -0.00159249 -0.00649423 -0.00669593 0.00142332
internal_weight=4.25783 1.32408 2.93375 1.62937 1.18831 0.431467 1.38313 1.30167 0.861008 1.30438 0.135775 1.05524 1.02583 0.629225
internal_count=5930 199 5731 756 137 70 361 119 86 4975 62 4516 4475 63
is_linear=0
shrinkage=0.025


Tree=251
num_leaves=15
num_cat=0
split_feature=1 30 28 7 0 13 12 3 3 7 7 31 35 12
split_gain=0.279231 0.101855 0.0911817 0.0630184 0.0353442 0.034044 0.0258879 0.0294209 0.0278876 0.0188196 0.0115821 0.0108532 0.00825342 0.00609378
threshold=3.5000000000000004 1.0000000180025095e-35 1.0000000180025095e-35 5.5000000000000009 5.5582500000000001 15.500000000000002 41.500000000000007 225259.00000000003 224407.50000000003 2.5000000000000004 4.5000000000000009 1.0000000180025095e-35 1.0000000180025095e-35 13.500000000000002
decision_type=10 2 2 2 8 10 8 8 10 2 2 2 2 10
left_child=2 3 11 -2 -4 -5 8 -8 13 -10 -9 12 -1 -6
right_child=1 -3 4 5 6 -7 7 10 9 -11 -12 -13 -14 -15
leaf_value=-0.007882992046338029 -0.0014632322810348168 -0.0028545364848402721 -0.0033610025953456184 -0.00066371937417288398 0.00077272717934216044 0.010969906413324064 0.0020051075030266988 0.00054516940378076801 -0.00044853883057983354 0.005625634693393838 -0.0045263647186690346 -0.000350565582740733 -7.5688886054139183e-05 -0.0020045891472720129
leaf_weight=1.0389342935523016 0.069254990950866846 0.06424377917574009 0.16448338398186013 0.052499515419185627 0.16215724014909916 0.90393697532635997 0.23224037373438489 0.1192106103990227 0.22633048717398196 0.58423709543421865 0.12807847402291372 0.2486448014387862 0.10867244450491842 0.15320304653141648
leaf_count=3968 131 82 542 101 16 271 18 24 25 41 48 456 166 41
internal_value=5.35087e-09 0.00745715 -0.00374081 0.00919334 0.000364492 0.0103185 0.00188967 -0.00136879 0.00326851 0.0046186 -0.00360457 -0.00692521 -0.00752317 -0.00107474
internal_weight=4.25613 1.08994 3.16619 1.02569 1.76994 0.956436 1.60546 0.479529 1.12593 0.810568 0.247289 1.39625 1.14761 0.31536
internal_count=5930 585 5345 503 755 372 213 90 123 66 72 4590 4134 57
is_linear=0
shrinkage=0.025


Tree=252
num_leaves=15
num_cat=0
split_feature=0 9 3 2 2 8 2 2 0 2 35 2 0 3
split_gain=0.299999 0.0440724 0.0306293 0.0226988 0.0175403 0.0141104 0.0112505 0.0127015 0.014808 0.00773633 0.00464796 0.00324255 0.00234752 0.00210262
threshold=5.6533000000000007 5.623612500000001 226587.00000000003 2002.5000000000002 1988.5000000000002 6.1058500000000011 2017.5000000000002 2018.5000000000002 4.2657000000000007 1998.5000000000002 1.0000000180025095e-35 1963.5000000000002 5.552150000000001 168980.00000000003
decision_type=10 10 8 10 10 10 10 10 10 10 2 8 10 10
left_child=2 3 4 9 -1 -3 13 -8 -9 -2 11 -4 -13 -6
right_child=1 5 10 -5 6 -7 7 8 -10 -11 -12 12 -14 -15
leaf_value=0.0020973466787794662 -0.001439536844422508 -0.0024879482857954409 0.0001216071575275776 0.0090955037973640823 0.00015976959755285131 0.0016251350122754998 0.0023724272999761636 -0.0026671107414366494 0.0015537556757650988 0.0015194373421391759 -1.813800941467023e-05 -0.0058403116967227688 -4.2296244124246422e-05 -0.0032305390588168916
leaf_weight=0.27645256817049846 0.10400561202550285 0.11325448256684456 0.018538691103458071 0.9216766394674778 0.026500569671043195 0.07002758898306638 0.10096567037544446 0.2644344705840922 0.053805976196599659 0.1064218349638395 0.10115849037538271 1.7795132414576071 0.059238241097773536 0.26410627924633445
leaf_count=31 31 76 1 65 26 7 29 529 104 20 157 4462 100 292
internal_value=-1.22122e-08 0.0071434 -0.0041929 0.00824092 -0.000184087 -0.00087112 -0.00177962 0.000617903 -0.00131617 7.59086e-05 -0.0054671 -0.00565367 -0.00573422 -0.00303713
internal_weight=4.2601 1.31539 2.94471 1.1321 0.986266 0.183282 0.709813 0.419206 0.31824 0.210427 1.95845 1.85729 1.83875 0.290607
internal_count=5930 199 5731 116 1011 83 980 662 633 51 4720 4563 4562 318
is_linear=0
shrinkage=0.025


Tree=253
num_leaves=15
num_cat=0
split_feature=1 30 28 2 13 0 2 7 7 7 11 35 0 8
split_gain=0.267056 0.100212 0.0927474 0.0624365 0.0391872 0.0360076 0.0266812 0.0144057 0.0112958 0.0124043 0.0109853 0.00626911 0.00365885 0.00329997
threshold=3.5000000000000004 1.0000000180025095e-35 1.0000000180025095e-35 1996.5000000000002 14.500000000000002 5.5582500000000001 1984.5000000000002 4.5000000000000009 10.500000000000002 3.5000000000000004 12.464258932240627 1.0000000180025095e-35 6.0443500000000006 6.4345500000000007
decision_type=10 2 2 10 10 8 10 2 2 2 10 2 10 10
left_child=2 3 11 -2 -5 -4 7 -7 9 -8 -6 12 13 -1
right_child=1 -3 5 4 10 6 8 -9 -10 -11 -12 -13 -14 -15
leaf_value=-0.0074021567006480899 -0.001593135467775008 -0.0028590660053517949 -0.0033459230315802321 -0.00080423182134489355 -4.9102820233206881e-05 0.0011546741793411403 0.00015275670492839296 -0.0028871747998476071 -0.0004428427400085129 0.0051657506453963269 0.011136128021396597 -9.4243187898737787e-05 -1.8340256146806677e-05 8.7893961317927029e-05
leaf_weight=1.2167296995394279 0.048288894511642644 0.064290889269614016 0.16370102968357958 0.055230031488463283 0.047522092623694334 0.27034378721145924 0.47246965684462316 0.20919561054324731 0.21331547806039453 0.44107782142236829 0.87159918064571684 0.10895384784089412 0.04890826781047497 0.013722549512749427
leaf_count=4398 78 82 542 95 205 38 58 52 44 21 125 166 7 19
internal_value=-1.24446e-10 0.00729748 -0.00366229 0.00903384 0.0101007 0.000438211 0.00195961 -0.00136821 0.00335323 0.00400783 0.0108336 -0.00688487 -0.00716811 -0.00731667
internal_weight=4.24535 1.08693 3.15842 1.02264 0.974351 1.7701 1.6064 0.479539 1.12686 0.913547 0.919121 1.38831 1.27936 1.23045
internal_count=5930 585 5345 503 425 755 213 90 123 79 330 4590 4424 4417
is_linear=0
shrinkage=0.025


Tree=254
num_leaves=15
num_cat=0
split_feature=0 13 3 28 9 3 3 0 2 2 35 7 3 6
split_gain=0.263792 0.0600697 0.0305625 0.0286987 0.0274629 0.0171736 0.0138704 0.0128339 0.00828529 0.0142052 0.00619154 0.00591876 0.00375161 0.00353806
threshold=5.6533000000000007 17.500000000000004 265460.00000000006 1.0000000180025095e-35 4.3160000000000007 245183.50000000003 226587.00000000003 5.0631000000000013 2003.5000000000002 2017.5000000000002 1.0000000180025095e-35 3.5000000000000004 241880.00000000003 76.500000000000014
decision_type=10 8 8 2 10 10 10 10 10 10 2 2 10 10
left_child=2 4 3 7 -2 6 8 -1 -5 -10 13 -7 -9 -4
right_child=1 -3 10 5 -6 11 -8 12 9 -11 -12 -13 -14 -15
leaf_value=-0.0041027497811964289 0.0022252782347420572 0.0081545700803102705 -0.0064799593035817053 0.0020980509930248435 -0.0034844316120734849 -0.00039870662637962219 -0.0025475149374285474 0.0014715535046556649 -0.0025296604515573791 0.0014971321232339456 -2.3418260585899123e-06 0.0035894232496173194 -0.0007505847098012848 9.4448161309123286e-05
leaf_weight=0.47307664832624152 0.078609992051496769 1.0930298968451098 0.99749837612762327 0.34773299885273445 0.14210744580486789 0.062675267661688849 0.24486231681657955 0.072204509095172398 0.13545096918824129 0.1613813181174919 0.10136291425442312 0.25692208220425528 0.043927889797487296 0.023337913298746571
leaf_count=1557 6 108 3311 36 85 26 62 219 26 22 157 80 193 42
internal_value=-1.17171e-09 0.00669406 -0.00395068 -0.000943003 -0.00129382 0.00118182 -0.000781854 -0.00330316 0.00103009 -0.000874102 -0.00605487 0.00309786 0.000711609 -0.0063573
internal_weight=4.23418 1.31375 2.92043 1.79823 0.220717 1.20902 0.889428 0.589209 0.644565 0.296832 1.1222 0.319597 0.116132 1.02084
internal_count=5930 199 5731 2221 91 252 146 1969 84 48 3510 106 412 3353
is_linear=0
shrinkage=0.025


Tree=255
num_leaves=15
num_cat=0
split_feature=1 30 28 2 13 0 2 7 0 31 7 7 0 0
split_gain=0.238402 0.123856 0.0864781 0.062089 0.0384438 0.0355094 0.0265724 0.0139225 0.013218 0.012946 0.0113944 0.0104106 0.00394647 0.003404
threshold=3.5000000000000004 1.0000000180025095e-35 1.0000000180025095e-35 1996.5000000000002 14.500000000000002 5.5582500000000001 1984.5000000000002 4.5000000000000009 5.3970000000000011 1.0000000180025095e-35 10.500000000000002 3.5000000000000004 3.5614000000000003 6.0443500000000006
decision_type=10 2 2 10 10 8 10 2 10 2 2 2 10 10
left_child=2 3 9 -2 -5 -4 7 -7 -6 13 11 -8 -11 -1
right_child=1 -3 5 4 8 6 10 -9 -10 12 -12 -13 -14 -15
leaf_value=-0.0073972276007595499 -0.0015937507664930174 -0.0035289472124457864 -0.0032979283265078597 -0.00079229516950352216 -0.00011910902179526905 0.0011336732253466842 0.00023079586418694163 -0.0028426435321781407 0.011106327811197983 -0.0010891689064406762 -0.00044502726378957869 0.0051005163609266655 0.0010251123834226702 -3.1360398661407805e-05
leaf_weight=1.077903179117129 0.04818053593044147 0.068915122290491015 0.16189654626941763 0.055035411583958194 0.046131080704071792 0.26940588530851539 0.46187183423899092 0.20895882602781057 0.87067242882039864 0.21597996087803051 0.21144679200369865 0.43719056132249534 0.029700437560677528 0.048673073120880761
leaf_count=4127 78 82 542 95 201 38 58 52 129 421 44 21 35 7
internal_value=-1.18711e-08 0.0068806 -0.00348607 0.00898272 0.0100494 0.000472334 0.00198199 -0.00135119 0.010774 -0.00660656 0.00337771 0.00403768 -0.000215825 -0.00724338
internal_weight=4.21196 1.08893 3.12303 1.02002 0.971839 1.75077 1.58887 0.478365 0.916804 1.37226 1.11051 0.899062 0.24568 1.12658
internal_count=5930 585 5345 503 425 755 213 90 330 4590 123 79 456 4134
is_linear=0
shrinkage=0.025


Tree=256
num_leaves=15
num_cat=0
split_feature=1 30 28 7 0 2 11 7 31 7 7 35 0 0
split_gain=0.234182 0.122951 0.0826189 0.0619344 0.0347005 0.0263788 0.0171493 0.0137714 0.012923 0.0111755 0.0105887 0.00857766 0.00393149 0.0036865
threshold=3.5000000000000004 1.0000000180025095e-35 1.0000000180025095e-35 5.5000000000000009 5.5582500000000001 1984.5000000000002 12.411517176516593 4.5000000000000009 1.0000000180025095e-35 10.500000000000002 3.5000000000000004 1.0000000180025095e-35 3.5614000000000003 6.0443500000000006
decision_type=10 2 2 2 8 10 10 2 2 2 2 2 10 10
left_child=2 3 8 -2 -4 7 -5 -6 11 10 -7 13 -10 -1
right_child=1 -3 4 6 5 9 -8 -9 12 -11 -12 -13 -14 -15
leaf_value=-0.007693598753614108 -0.0014833149895142463 -0.0035291355751865283 -0.0032874301409582529 -0.00025498167918100049 0.0011162814396852938 0.00020583433287325558 0.010450729756821465 -0.0028469872930181124 -0.0010788563337830398 -0.00044723039460941238 0.005051127409853147 -2.9458554129940682e-05 0.0010299840718874928 -3.2623945401974292e-05
leaf_weight=0.961856302066735 0.069822296274651086 0.06882286811742222 0.16147586356964883 0.04918362817261368 0.26948848756728705 0.4609466557158155 0.90079724327370059 0.20860793988686055 0.216002128305263 0.21013879997190088 0.43652573088183999 0.10848210938274849 0.029810260428348556 0.048778612166643143
leaf_count=3961 131 82 542 222 38 58 150 52 421 44 21 166 35 7
internal_value=7.86923e-10 0.00681706 -0.00346252 0.00891687 0.000427172 0.00193053 0.0100499 -0.00136918 -0.00651682 0.00332869 0.00398255 -0.00715421 -0.000201638 -0.00752397
internal_weight=4.20074 1.08863 3.11211 1.0198 1.74718 1.58571 0.949981 0.478096 1.36493 1.10761 0.897472 1.11912 0.245812 1.01063
internal_count=5930 585 5345 503 755 213 372 90 4590 123 79 4134 456 3968
is_linear=0
shrinkage=0.025


Tree=257
num_leaves=15
num_cat=0
split_feature=1 30 28 7 11 13 3 3 31 3 3 3 11 11
split_gain=0.251443 0.0981061 0.08149 0.0618051 0.0335848 0.033501 0.027382 0.0246885 0.0114492 0.00654439 0.00588415 0.00446691 0.00413806 0.00330591
threshold=3.5000000000000004 1.0000000180025095e-35 1.0000000180025095e-35 5.5000000000000009 12.798312548796973 15.500000000000002 245183.50000000003 226587.00000000003 1.0000000180025095e-35 308633.50000000006 323180.00000000006 213073.50000000003 8.2006885022175187 13.8902911991607
decision_type=10 2 2 2 8 10 10 8 2 10 10 10 10 10
left_child=2 3 8 -2 -4 -5 7 11 13 -7 -11 -6 -10 -1
right_child=1 -3 4 5 6 9 -8 -9 12 10 -12 -13 -14 -15
leaf_value=-0.007377413880919447 -0.001497988156109599 -0.0028704632525038717 -0.0033031296480498895 -0.0006841673959260405 -0.00036302493851012084 0.011180202283304696 0.0038403429123288787 -0.0031887837650730003 -0.001146655050695943 -0.0010372975331541235 0.0016412215066443137 0.0021481336510081462 0.001023950148624736 -3.5568493136133439e-05
leaf_weight=1.0681413464553768 0.070085954226669633 0.064262208819854894 0.16197272196586698 0.053282303691958077 0.28659493650775403 0.73809857949163415 0.65182797389570624 0.28554422018351033 0.21649629302555706 0.063022535308846273 0.095709776229341514 0.37179412308614701 0.029853263724362478 0.048964058398269006
leaf_count=4127 131 82 542 101 39 196 61 88 421 25 50 25 35 7
internal_value=4.28706e-09 0.00707588 -0.00357891 0.00881315 0.000321223 0.00995189 0.00181989 -0.000833152 -0.00661541 0.0106113 0.000600339 0.00149526 -0.000273104 -0.00722441
internal_weight=4.20565 1.08446 3.12119 1.0202 1.75773 0.950113 1.59576 0.943933 1.36345 0.896831 0.158732 0.658389 0.24635 1.11711
internal_count=5930 585 5345 503 755 372 213 152 4590 271 75 64 456 4134
is_linear=0
shrinkage=0.025


Tree=258
num_leaves=15
num_cat=0
split_feature=0 13 3 9 2 35 2 0 9 3 0 1 0 5
split_gain=0.251608 0.0589891 0.0301493 0.0265527 0.0156025 0.00615644 0.00436813 0.00954705 0.00849207 0.00438935 0.00127699 0.00084744 0.000509602 0.000330308
threshold=5.6533000000000007 17.500000000000004 219141.50000000003 4.3160000000000007 1974.5000000000002 1.0000000180025095e-35 2022.5000000000002 3.5614000000000003 4.0122333333333344 175011.00000000003 5.552150000000001 4.5000000000000009 1.0000000180025095e-35 69.500000000000014
decision_type=10 8 8 10 8 2 10 10 10 10 10 10 8 8
left_child=2 3 6 -2 -4 10 8 -8 9 -1 -6 -10 -7 -12
right_child=1 -3 4 -5 5 12 7 -9 11 -11 13 -13 -14 -15
leaf_value=-0.00047324615346540074 0.0021728208167227556 0.0079989493482208827 0.00056196216765149094 -0.0034537909510969434 -0.0056277256171176591 -0.00035558238713190153 -0.0021982620156279181 0.0012837346301545125 -0.0013510757812025458 0.0023751438774279447 0.00027477542005020642 0.00019018862459603786 0.00042684847522570977 -0.00036548829565436668
leaf_weight=0.070499794062925836 0.077046476188115443 1.0858260301174596 0.11260021834459655 0.14167098863981664 1.881681548584311 0.041514169715810456 0.11807079613208771 0.02802317745226901 0.063221780721505638 0.44069321953429608 0.016114170721266308 0.0073674786690389729 0.058419561421032995 0.046071816526819021
leaf_count=50 6 108 8 85 4636 68 339 47 175 193 31 23 88 73
internal_value=6.29625e-09 0.00654427 -0.00388271 -0.00131521 -0.0049467 -0.0053351 0.000308029 -0.000993028 0.00105599 0.0019291 -0.00554388 -0.00116282 7.40414e-05 -9.70864e-05
internal_weight=4.18882 1.30454 2.88428 0.218717 2.1564 2.0438 0.727876 0.146094 0.581782 0.511193 1.94387 0.0705893 0.0999337 0.062186
internal_count=5930 199 5731 91 4904 4896 827 386 441 243 4740 198 156 104
is_linear=0
shrinkage=0.025


Tree=259
num_leaves=15
num_cat=0
split_feature=1 30 28 12 13 7 8 31 0 35 12 7 0 12
split_gain=0.223321 0.121648 0.0754914 0.0615722 0.0378607 0.0329851 0.0265155 0.0130524 0.0126917 0.00878909 0.00604014 0.0105501 0.00380504 0.00351221
threshold=3.5000000000000004 1.0000000180025095e-35 1.0000000180025095e-35 29.500000000000004 14.500000000000002 10.500000000000002 3.9887000000000001 1.0000000180025095e-35 5.3970000000000011 1.0000000180025095e-35 59.500000000000007 3.5000000000000004 3.5614000000000003 17.500000000000004
decision_type=10 2 2 8 10 2 8 2 10 2 8 2 10 10
left_child=2 3 7 4 -2 6 13 9 -6 -1 11 -8 -9 -4
right_child=1 -3 5 -5 8 -7 10 12 -10 -11 -12 -13 -14 -15
leaf_value=-0.0073449671199746908 -0.00080018410031291618 -0.003550518409985548 -0.0022597921623104412 -0.0016159627087457907 -0.00011453507659498067 -0.0029188227876263671 0.00024618841858097516 -0.0010405583098310979 0.010896633694841378 -2.68360095174544e-06 -0.00030185016534534006 0.0047127029343838464 0.0010311338891457783 0.00035763230551742471
leaf_weight=0.99468022779910803 0.055265462135139054 0.068950942695664597 0.13002671046706349 0.048744582360086608 0.046415919263381511 0.32390994954039354 0.57642308686627053 0.2155430791899563 0.86652858616434969 0.10815322064445354 0.11931031552376237 0.47263668962114025 0.029917703854152933 0.11763180888374336
leaf_count=3968 95 82 201 78 201 328 96 421 129 166 27 69 35 34
internal_value=2.47391e-09 0.00665637 -0.00339622 0.00876564 0.00984378 0.000354807 0.0020018 -0.00632659 0.0105696 -0.00696861 0.00322377 0.00357637 -0.00016288 -0.00172637
internal_weight=4.17414 1.08591 3.08823 1.01695 0.96821 1.73994 1.41603 1.34829 0.912945 1.10283 1.16837 1.04906 0.245461 0.247659
internal_count=5930 585 5345 503 425 755 427 4590 330 4134 192 165 456 235
is_linear=0
shrinkage=0.025


Tree=260
num_leaves=15
num_cat=0
split_feature=11 7 3 9 2 1 3 3 35 3 3 11 5 6
split_gain=0.267154 0.0416789 0.0261313 0.0145711 0.00868921 0.00809985 0.0071912 0.00656288 0.00540643 0.00498477 0.00486689 0.00503462 0.00216892 0.00204048
threshold=13.014177272923774 6.5000000000000009 185988.00000000003 2.7314000000000003 1982.5000000000002 3.5000000000000004 225259.00000000003 175011.00000000003 1.0000000180025095e-35 215386.50000000003 214022.50000000003 11.34924692052431 77.500000000000014 69.500000000000014
decision_type=10 2 8 10 8 10 8 10 2 8 10 10 10 8
left_child=2 3 7 -2 6 -3 -4 -1 9 10 11 -6 13 -11
right_child=1 5 4 -5 8 -7 -8 -9 -10 12 -12 -13 -14 -15
leaf_value=-0.0009010698566515392 0.001651477733983178 0.00049005658965155024 0.0012793224390732839 -0.0025326403857299012 -0.0020021106366133706 0.0084257338732078475 -0.0014982500575399038 0.0019559040969873882 5.7356675610208631e-05 6.8875954057423633e-05 0.0009860190276050969 0.00072923700238763792 8.8581934587665556e-05 -0.005692113046932977
leaf_weight=0.12550610472681034 0.066894244402646907 0.21945331449387573 0.16817832764354568 0.11476093990495428 0.21778914573224106 0.89797292917501181 0.17361971829086542 0.13440893693041289 0.10444887707126316 0.014911521808244288 0.080612700417987071 0.029621348207001574 0.010886215764912666 1.823164699184417
leaf_count=159 2 46 17 75 355 77 38 106 161 53 37 84 44 4676
internal_value=6.5737e-09 0.00675404 -0.00399883 -0.000898178 -0.00461816 0.00783471 -0.000196676 0.000956124 -0.00501878 -0.00520372 -0.000468219 -0.00135265 -0.0055846 -0.00563758
internal_weight=4.18223 1.29908 2.88315 0.181655 2.62323 1.11743 0.341798 0.259915 2.28143 2.17699 0.328023 0.24741 1.84896 1.83808
internal_count=5930 200 5730 77 5465 123 55 265 5410 5249 476 439 4773 4729
is_linear=0
shrinkage=0.025


Tree=261
num_leaves=15
num_cat=0
split_feature=0 7 3 28 3 3 0 3 2 2 35 7 3 6
split_gain=0.235357 0.0481926 0.0270602 0.0238395 0.0194121 0.0185503 0.0126893 0.011884 0.00875583 0.0133962 0.00643671 0.00614591 0.00372555 0.00362396
threshold=5.6533000000000007 4.5000000000000009 265460.00000000006 1.0000000180025095e-35 245183.50000000003 295900.00000000006 5.0631000000000013 226587.00000000003 2003.5000000000002 2017.5000000000002 1.0000000180025095e-35 3.5000000000000004 241880.00000000003 76.500000000000014
decision_type=10 2 8 2 10 10 10 10 10 10 2 2 10 10
left_child=2 -2 3 6 7 -3 -1 8 -5 -10 13 -6 -8 -4
right_child=1 5 10 4 11 -7 12 -9 9 -11 -12 -13 -14 -15
leaf_value=-0.0038797490229742905 -0.0015279930893633529 0.0082000659573500771 -0.0061968758447612628 0.0019790579850217801 -0.00041267142685835203 0.00018718843299023424 0.0015043348144111511 -0.0025449341313078001 -0.0025644674688819011 0.0013856901586543889 3.7659198072970318e-05 0.0036205603334156693 -0.00072874813002302878 0.00011079142253543064
leaf_weight=0.46239438011252798 0.09797514195088286 0.95379206916550152 0.97265894111478679 0.34544688882306218 0.062548096582759172 0.25142758619040251 0.072053671829053201 0.24111400119727477 0.13593634171411395 0.15830228035338223 0.10107210621936247 0.2581759018212324 0.043208732015045825 0.022929127357201651
leaf_count=1557 69 101 3311 36 26 29 219 62 26 22 157 80 193 42
internal_value=-3.89957e-09 0.00632937 -0.0037612 -0.000902523 0.00105062 0.00737136 -0.00305594 -0.000959092 0.000826191 -0.00101065 -0.00575655 0.00311709 0.000764386 -0.00606888
internal_weight=4.17904 1.30319 2.87584 1.77918 1.20152 1.20522 0.577657 0.8808 0.639686 0.294239 1.09666 0.320724 0.115262 0.995588
internal_count=5930 199 5731 2221 252 130 1969 146 84 48 3510 106 412 3353
is_linear=0
shrinkage=0.025


Tree=262
num_leaves=15
num_cat=0
split_feature=1 30 28 2 13 0 3 3 31 11 35 3 0 0
split_gain=0.208879 0.12068 0.0728196 0.0610516 0.0376666 0.0326953 0.0270739 0.0234359 0.0136125 0.0105696 0.00863096 0.00499173 0.00364441 0.0031884
threshold=3.5000000000000004 1.0000000180025095e-35 1.0000000180025095e-35 1996.5000000000002 14.500000000000002 5.5582500000000001 245183.50000000003 226587.00000000003 1.0000000180025095e-35 12.411517176516593 1.0000000180025095e-35 213073.50000000003 3.5614000000000003 6.0443500000000006
decision_type=10 2 2 10 10 8 10 8 2 10 2 10 10 10
left_child=2 3 8 -2 -5 -4 7 11 10 -6 13 -7 -10 -1
right_child=1 -3 5 4 9 6 -8 -9 12 -11 -12 -13 -14 -15
leaf_value=-0.0073721000699826945 -0.0016355839612553298 -0.0035960869107120493 -0.0032186120281710758 -0.0008152777854109419 -7.2736006716821587e-05 -0.00042340160230471723 0.0038516653397393553 -0.0031126109251574884 -0.00099202735800179567 0.010685701234028518 2.574352471595157e-06 0.0021733286238362834 0.0010327809608758028 -3.9330626928061356e-05
leaf_weight=0.93540703505277611 0.049050469999201374 0.069624252428184152 0.15859928968711745 0.055573331723280717 0.045002214785199612 0.28557005454786122 0.64799579710233957 0.28176740248454735 0.21442790247965615 0.86316170421923744 0.10860604612389579 0.35857264220248908 0.029965560010168701 0.048766517371404916
leaf_count=3961 78 82 542 95 198 39 61 88 421 132 166 25 35 7
internal_value=2.44115e-09 0.0064398 -0.00329518 0.00857357 0.00966147 0.000379548 0.00185174 -0.000821082 -0.00618158 0.0103939 -0.00683608 0.00146478 -0.000113322 -0.0072117
internal_weight=4.15209 1.08241 3.06968 1.01279 0.963737 1.73251 1.57391 0.92591 1.33717 0.908164 1.09278 0.644143 0.244393 0.984174
internal_count=5930 585 5345 503 425 755 213 152 4590 330 4134 64 456 3968
is_linear=0
shrinkage=0.025


Tree=263
num_leaves=15
num_cat=0
split_feature=6 9 2 2 0 0 0 7 3 0 3 3 0 13
split_gain=0.208169 0.0654727 0.0730612 0.0638893 0.0479893 0.0415771 0.0333055 0.0150728 0.0245637 0.0126767 0.0104138 0.00898157 0.0061432 0.00256694
threshold=80.500000000000014 4.26853888888889 2020.5000000000002 2016.5000000000002 5.0585500000000012 5.0760000000000014 5.9814500000000006 3.5000000000000004 244713.00000000003 5.3970000000000011 226587.00000000003 225259.00000000003 3.5614000000000003 16.500000000000004
decision_type=8 10 8 8 8 10 10 2 8 10 8 10 10 8
left_child=5 2 4 6 -2 -1 -3 10 11 -5 -6 -9 -4 -7
right_child=1 3 12 9 7 13 -8 8 -10 -11 -12 -13 -14 -15
leaf_value=-0.00089722842429891211 -0.0026766314233914634 -0.0090028267140385056 -0.0044903135926892251 -0.0012878590141131466 0.0016021662179729976 0.00020110754969043738 0.00069988930996902103 0.001289720388039169 0.0063336878262514676 0.0026709996962638724 -0.0015400527359140529 -0.0018830297503067484 0.00035586891450922314 0.0087914241956040962
leaf_weight=0.14277417726407293 0.16534059375408161 0.68006700816840715 0.60875283264613234 0.10825261154241173 0.46348267544817645 0.07048196968389675 0.098399051872547716 0.17730724855937297 0.57016694627964171 0.16600947781989817 0.21616530328174122 0.097225366094789933 0.028337337942502927 0.54553783280425705
leaf_count=358 721 1784 1832 535 87 43 14 44 110 65 103 24 79 131
internal_value=-8.51577e-09 -0.00291756 -3.24694e-05 -0.00617201 0.00250952 0.00726488 -0.00807246 0.00390953 0.00509418 0.00132401 0.000280883 -0.000429735 -0.00418905 0.00854121
internal_weight=4.1383 3.37951 2.32678 1.05273 1.68969 0.758794 0.778466 1.52435 0.8447 0.274262 0.679648 0.274533 0.63709 0.61602
internal_count=5930 5398 3000 2398 1089 532 1798 368 178 600 190 68 1911 174
is_linear=0
shrinkage=0.025


Tree=264
num_leaves=15
num_cat=0
split_feature=1 30 32 28 9 13 7 8 31 3 35 3 2 0
split_gain=0.227386 0.0945574 0.105668 0.0593195 0.0536187 0.0289153 0.0280108 0.0240086 0.014064 0.00969876 0.00888865 0.00657599 0.00428662 0.00354519
threshold=3.5000000000000004 1.0000000180025095e-35 1.0000000180025095e-35 1.0000000180025095e-35 5.4337500000000007 15.500000000000002 10.500000000000002 3.9887000000000001 1.0000000180025095e-35 213073.50000000003 1.0000000180025095e-35 185988.00000000003 1978.5000000000002 3.5614000000000003
decision_type=10 2 2 2 10 10 2 8 2 10 2 10 10 10
left_child=3 2 4 8 5 -2 7 -5 10 11 -1 -9 -11 -10
right_child=1 -3 -4 6 -6 -7 -8 9 13 12 -12 -13 -14 -15
leaf_value=-0.007098421651422604 -0.00045956031567818728 -0.002877865184377478 -0.0028144963445434134 -0.0017836687959598948 -0.0011761623107282904 0.011629956371650272 -0.0028961608730280987 0.0011383461320275609 -0.0009553895286338928 -8.1163888899791131e-05 2.5092473959847656e-05 -0.0015583868407757983 0.0038877515352952969 0.0010399090133766549
leaf_weight=0.97390763957082505 0.053429142586537415 0.064416139823151641 0.039291883957048412 0.24335970055835754 0.052140820836939383 0.86360078238794813 0.32137726063956518 0.15990183482063003 0.21403091603133373 0.14409406809136271 0.10846850805683061 0.13895947506534867 0.72360476582252886 0.030078857293119654
leaf_count=3968 116 82 36 235 47 304 328 35 421 9 166 28 120 35
internal_value=3.97986e-09 0.00673636 0.00847758 -0.0034412 0.0101322 0.0110533 3.98548e-05 0.00163316 -0.00604882 0.00284022 -0.00671532 -0.000349976 0.00353809 -7.12832e-05
internal_weight=4.13066 1.07288 1.00846 3.05778 0.969171 0.91703 1.7313 1.40992 1.32649 1.16656 1.08238 0.298861 0.867699 0.24411
internal_count=5930 585 503 5345 467 420 755 427 4590 192 4134 63 129 456
is_linear=0
shrinkage=0.025


Tree=265
num_leaves=15
num_cat=0
split_feature=11 32 9 12 7 13 8 8 28 3 7 7 8 8
split_gain=0.221555 0.0961617 0.0703807 0.0531148 0.0231714 0.0210299 0.017027 0.0121599 0.0113258 0.0118883 0.0186436 0.0154181 0.00699432 0.00561854
threshold=12.582556829267018 1.0000000180025095e-35 5.7064833333333338 29.500000000000004 6.5000000000000009 16.500000000000004 4.304050000000001 6.1307000000000009 1.0000000180025095e-35 245183.50000000003 3.5000000000000004 2.5000000000000004 4.0059000000000013 6.315100000000001
decision_type=10 2 10 8 2 10 8 10 2 10 2 2 10 10
left_child=4 2 3 5 8 -2 12 -5 -1 11 -11 -10 -6 -8
right_child=1 -3 -4 7 6 -7 13 -9 9 10 -12 -13 -14 -15
leaf_value=-0.0024477200260303055 -3.4516246839691841e-05 -0.003237738142420875 -0.0018798590834588182 -0.0024041533929633364 -0.0013059769927992123 0.010482659160552471 -0.0067691995600327503 0.0014709319093268362 0.0010379607483073944 -0.0013601759942830341 0.0035565485488808662 -0.0028277003834627822 0.0015309273466494074 0.0001675263712573463
leaf_weight=0.58272134049548197 0.11942344316048503 0.062940044561400899 0.098402510076993965 0.08649424757459212 0.082909865472174604 0.98679634336440358 0.75054451703908853 0.058869870379567146 0.57575830542191397 0.12224223827070091 0.23784771526698023 0.22502540741697885 0.10465775182819925 0.026716268359450623
leaf_count=2310 93 42 68 73 216 162 2526 2 92 108 100 49 51 38
internal_value=-4.62265e-09 0.0058963 0.00751871 0.00876436 -0.0038365 0.00986994 -0.00580249 -0.000920732 -0.00103021 0.000484799 0.00211458 -0.00101535 0.000233162 -0.00657066
internal_weight=4.12135 1.41293 1.34999 1.25158 2.70842 1.10622 0.964828 0.145364 1.7436 1.16087 0.36009 0.800784 0.187568 0.777261
internal_count=5930 440 398 330 5490 255 2831 75 2659 349 208 141 267 2564
is_linear=0
shrinkage=0.025


Tree=266
num_leaves=15
num_cat=0
split_feature=0 9 3 2 4 2 3 2 3 35 3 3 0 5
split_gain=0.216257 0.0551631 0.0244744 0.0240972 0.0171931 0.00816138 0.00682366 0.00666695 0.00628206 0.00608112 0.00580679 0.00424672 0.00477164 0.0021387
threshold=5.6533000000000007 5.5102750000000009 185988.00000000003 2002.5000000000002 46.500000000000007 1982.5000000000002 225259.00000000003 1998.5000000000002 175011.00000000003 1.0000000180025095e-35 215386.50000000003 214661.00000000003 4.9302500000000009 77.500000000000014
decision_type=10 10 8 10 10 8 8 10 10 2 8 10 10 10
left_child=2 3 8 7 -3 6 -4 -2 -1 10 11 12 -7 -12
right_child=1 4 5 -5 -6 9 -8 -9 -10 -11 13 -13 -14 -15
leaf_value=-0.00085249435692256916 -0.0014515932961334994 0.0015864405991074936 0.0012745513421923765 0.0083602847686540405 -0.0030600802241248087 -0.0018437672062868093 -0.0014283325632589786 0.0013048150062924346 0.0019699040373518124 0.0001374404576628499 -0.0052856903196785397 0.00098373188900323675 0.00074816187278230195 9.6857682736747235e-05
leaf_weight=0.12486401331261765 0.10016641230322398 0.079788987990468629 0.16889150862698477 0.88605773355811834 0.11612934892764315 0.23656902721268203 0.17212573305005208 0.098865364969242364 0.13343923408683622 0.10434877136140119 1.794709855734254 0.056833242284483276 0.030183292226865888 0.010766635306936112
leaf_count=159 30 15 17 63 73 371 38 18 106 161 4730 19 86 44
internal_value=-3.63977e-09 0.00609484 -0.00362728 0.007484 -0.00142353 -0.00424578 -0.000137488 -0.000136092 0.00101234 -0.00463654 -0.00483967 -0.000354764 -0.00119139 -0.00523051
internal_weight=4.11374 1.28101 2.83273 1.08509 0.195918 2.57443 0.341017 0.199032 0.258303 2.23341 2.12906 0.323586 0.266752 1.80548
internal_count=5930 199 5731 111 88 5466 55 48 265 5411 5250 476 457 4774
is_linear=0
shrinkage=0.025


Tree=267
num_leaves=15
num_cat=0
split_feature=6 9 2 2 11 11 11 7 3 11 3 3 8 35
split_gain=0.200869 0.0651602 0.0690136 0.0626809 0.0464222 0.0387955 0.0307261 0.0161855 0.0225336 0.0116469 0.0100424 0.00909446 0.00868716 0.00694237
threshold=80.500000000000014 4.26853888888889 2020.5000000000002 2016.5000000000002 11.656522509223722 11.687454184458785 13.743981246374828 3.5000000000000004 244713.00000000003 12.411517176516593 226587.00000000003 225259.00000000003 6.1307000000000009 1.0000000180025095e-35
decision_type=8 10 8 8 8 10 10 2 8 10 8 10 10 2
left_child=5 2 4 6 -2 -1 12 10 11 -5 -6 -9 -3 -4
right_child=1 3 13 9 7 -7 -8 8 -10 -11 -12 -13 -14 -15
leaf_value=-0.0008453679808228372 -0.0026374988362707595 -0.0093593224769745412 -0.0044604291539900457 -0.0012201182666941952 0.0015318025299921919 0.0083763859325983597 0.00063003917966289588 0.0013308867467506306 0.0062470583742496736 0.0025922123404921223 -0.0015495095714786857 -0.0018547097622432463 -0.00014085173315275308 0.00032577121269564824
leaf_weight=0.14113085079588927 0.1639555498186388 0.57390126898826532 0.56131693923816772 0.10581929391628375 0.46326999650045764 0.61026084958575666 0.09902810858329758 0.17704768034309382 0.56731059064622968 0.16572610835282831 0.21582570703321835 0.095888520569133107 0.098859158133564051 0.06952238068333827
leaf_count=358 721 1756 1807 533 87 174 15 44 110 67 103 24 27 104
internal_value=-5.94259e-09 -0.00287403 -9.37051e-07 -0.00612744 0.00246436 0.00715059 -0.00801055 0.00384328 0.00506728 0.00131539 0.000212916 -0.000366113 -0.00889872 -0.00405664
internal_weight=4.10886 3.35747 2.31414 1.04333 1.6833 0.751392 0.771789 1.51934 0.840247 0.271545 0.679096 0.272936 0.67276 0.630839
internal_count=5930 5398 3000 2398 1089 532 1798 368 178 600 190 68 1783 1911
is_linear=0
shrinkage=0.025


Tree=268
num_leaves=15
num_cat=0
split_feature=1 30 32 28 2 0 3 10 3 0 31 3 0 5
split_gain=0.213065 0.0927793 0.10397 0.063427 0.0385113 0.0295703 0.0281383 0.0258589 0.0207687 0.0160321 0.0138057 0.00606443 0.00362496 0.00297805
threshold=3.5000000000000004 1.0000000180025095e-35 1.0000000180025095e-35 1.0000000180025095e-35 1996.5000000000002 5.5582500000000001 245183.50000000003 4.5000000000000009 226587.00000000003 5.3970000000000011 1.0000000180025095e-35 213073.50000000003 3.5614000000000003 77.500000000000014
decision_type=10 2 2 2 10 8 10 10 8 10 2 10 10 10
left_child=3 2 4 10 -2 -5 8 -6 11 -9 13 -7 -12 -1
right_child=1 -3 -4 5 7 6 -8 9 -10 -11 12 -13 -14 -15
leaf_value=-0.0067865722840485037 -0.00087063057414704453 -0.0028922077717484234 -0.0028240778928543646 -0.0031882648174502305 -0.00046169937358208496 -0.0005927019829588589 0.0037032914274379952 -0.00015193136282040936 -0.0030930343534755944 0.011544178883513091 -0.00097001703554509431 0.0020902095217899658 0.0010481186511912518 0.00010410577443346788
leaf_weight=1.0633912191769921 0.043384829899878019 0.064490109478356206 0.039203326072311029 0.157190195925068 0.045668347469472792 0.29461467463988811 0.64290156750939786 0.049520620752446121 0.2813346310867928 0.82446281958982581 0.212979693314992 0.35540049441624433 0.030266425746958703 0.0095043100445763029
leaf_count=4102 76 82 36 542 41 39 61 216 88 134 421 25 35 32
internal_value=-1.94366e-09 0.00653098 0.00827897 -0.00333477 0.00993934 0.000182048 0.00162637 0.0106372 -0.000982454 0.011154 -0.00604239 0.00125196 -7.78362e-05 -0.00670476
internal_weight=4.11431 1.06673 1.00224 3.04758 0.963037 1.73144 1.57425 0.919652 0.93135 0.873983 1.31614 0.650015 0.243246 1.0729
internal_count=5930 585 503 5345 467 755 213 391 152 350 4590 64 456 4134
is_linear=0
shrinkage=0.025


Tree=269
num_leaves=15
num_cat=0
split_feature=1 30 7 13 0 2 7 3 7 3 2 8 6 3
split_gain=0.231132 0.095822 0.0527893 0.0387336 0.0269453 0.0347833 0.0240007 0.0180893 0.0234397 0.0205156 0.0117495 0.00969068 0.00795889 0.00660824
threshold=3.5000000000000004 1.0000000180025095e-35 9.5000000000000018 15.500000000000002 5.8037500000000009 2019.5000000000002 7.5000000000000009 245183.50000000003 3.5000000000000004 226587.00000000003 1986.5000000000002 4.2085500000000016 80.500000000000014 180732.00000000003
decision_type=10 2 2 10 8 8 2 8 2 10 8 8 8 8
left_child=2 3 4 -2 10 7 -5 9 -9 -6 -1 -4 -12 -14
right_child=1 -3 11 6 5 -7 -8 8 -10 -11 12 -13 13 -15
leaf_value=0.00081373726224975352 -0.00089879715573502102 -0.0029107989026626768 1.0553683305476773e-05 -0.00044535744015293196 0.0017237611562772254 -0.0023549100833728472 0.0098644394690806953 -0.00098159145933463215 0.0053643349929755066 -0.0025941677363737472 0.00046379153402265982 -0.0072113792785016631 0.0003700917632178134 -0.0048788948151773509
leaf_weight=0.032091927278089183 0.077508869086159171 0.065017237859137711 0.12163812964718079 0.062290862777445 0.60985968589375206 0.48689571222348615 0.89177402375571546 0.13120514624461077 0.41504888364579529 0.20454363139288034 0.034769119476550259 0.67524860643607099 0.02003928720660042 0.3070620376674924
leaf_count=23 146 82 165 94 112 1279 263 71 73 47 77 2027 50 1421
internal_value=1.09e-08 0.00673459 -0.00349634 0.00847605 -0.000632607 0.000923296 0.00930787 0.00259701 0.00419104 -0.000192777 -0.00335715 -0.00671663 -0.00405295 -0.00452076
internal_weight=4.13499 1.09659 3.0384 1.03157 2.24152 1.84755 0.954065 1.36066 0.546254 0.814403 0.393962 0.796887 0.36187 0.327101
internal_count=5930 585 5345 503 3153 1582 357 303 144 159 1571 2192 1548 1471
is_linear=0
shrinkage=0.025


Tree=270
num_leaves=15
num_cat=0
split_feature=0 9 3 13 2 4 2 3 3 35 3 3 11 5
split_gain=0.255375 0.0395365 0.0250505 0.0156641 0.0282197 0.0118675 0.0075649 0.00649971 0.00638529 0.00519302 0.00402486 0.00465607 0.00482117 0.00209162
threshold=5.6533000000000007 5.623612500000001 185988.00000000003 17.500000000000004 2018.5000000000002 46.500000000000007 1982.5000000000002 175011.00000000003 225259.00000000003 1.0000000180025095e-35 215386.50000000003 214661.00000000003 11.34924692052431 77.500000000000014
decision_type=10 10 8 10 10 10 8 10 8 2 8 10 10 10
left_child=2 3 7 4 -2 -3 8 -1 -4 10 11 12 -8 -12
right_child=1 5 6 -5 -6 -7 9 -9 -10 -11 13 -13 -14 -15
leaf_value=-0.00090876002383284867 -0.0027455536915834949 0.0014412703906139428 0.0011794615793412979 0.0083507840224889603 0.0029030783717344916 -0.0023510360907724507 -0.0019538383599452228 0.0019253013804517369 -0.0014436642104701813 5.1611899153208863e-05 -0.0055521258555912782 0.00097293938967701714 0.00071309561593542047 8.6712415379499588e-05
leaf_weight=0.12515915426774915 0.094820975326001422 0.077395987696945556 0.16633833758533034 0.90945267409551889 0.11930430878419429 0.10273617337225005 0.23717063944059269 0.13372615989646874 0.1722749225446023 0.10477778568747442 1.7886298534831437 0.056533976283390075 0.030286310488008894 0.010839983515324891
leaf_count=159 45 14 17 62 9 69 371 106 38 161 4730 19 86 44
internal_value=1.81097e-09 0.00657601 -0.00395981 0.00762344 0.000200588 -0.000881048 -0.00457251 0.000921661 -0.000236603 -0.00495402 -0.00513846 -0.000494411 -0.00132749 -0.00549932
internal_weight=4.12945 1.30371 2.82574 1.12358 0.214125 0.180132 2.56685 0.258885 0.338613 2.22824 2.12346 0.323991 0.267457 1.79947
internal_count=5930 199 5731 116 54 83 5466 265 55 5411 5250 476 457 4774
is_linear=0
shrinkage=0.025


Tree=271
num_leaves=15
num_cat=0
split_feature=0 9 4 7 8 8 28 8 1 0 8 6 8 35
split_gain=0.209878 0.0383854 0.0299928 0.021749 0.0211135 0.0152927 0.0120134 0.0127471 0.0117062 0.00743584 0.00708125 0.00491571 0.00489842 0.00287991
threshold=5.6533000000000007 5.1166625000000012 50.500000000000007 6.5000000000000009 5.7324000000000011 4.304050000000001 1.0000000180025095e-35 3.8906500000000004 4.5000000000000009 5.5964000000000009 4.0059000000000013 79.500000000000014 6.4345500000000007 1.0000000180025095e-35
decision_type=10 8 10 2 10 8 2 8 10 10 10 8 10 2
left_child=3 -2 -3 6 -4 10 11 -8 9 12 -5 -1 -7 -13
right_child=1 2 4 5 -6 8 7 -9 -10 -11 -12 13 -14 -15
leaf_value=0.00050408490003658467 0.0077610261799745551 0.0027429779739896868 0.0013848541039926656 -0.001314207587427409 -0.0041246160122222868 -0.0069782879490098357 -0.0016102830122522067 0.0017073651763255503 0.00029452052578771517 0.00027994760298738567 0.0015405744153704742 -0.0030308188448414943 0.00016653571300817471 0.00015118037148915121
leaf_weight=0.02558631454303395 0.75237079779617455 0.28334333695238467 0.083233954501338303 0.082996111275860707 0.18837956624338403 0.74776659077178931 0.22639192144561082 0.90465005305304669 0.078155121947929729 0.016588260274147615 0.10398337083461229 0.49506529303835134 0.014719242200953886 0.098358579794876277
leaf_count=58 64 42 15 216 78 2432 197 153 249 22 51 2182 21 150
internal_value=-1.34951e-08 0.00594579 7.63327e-05 -0.00361571 -0.00267494 -0.00545336 -0.000934944 0.000599282 -0.0061518 -0.00660053 0.000233776 -0.00237691 -0.00682413 -0.00273952
internal_weight=4.10159 1.30733 0.554957 2.79426 0.271614 1.04421 1.75005 1.13104 0.857229 0.779074 0.186979 0.61901 0.762486 0.593424
internal_count=5930 199 135 5731 93 2991 2740 350 2724 2475 267 2390 2453 2332
is_linear=0
shrinkage=0.025


Tree=272
num_leaves=15
num_cat=0
split_feature=0 13 3 9 2 9 9 35 0 2 2 3 3 6
split_gain=0.205797 0.0539762 0.0234362 0.0146688 0.0122773 0.00807053 0.00681491 0.00598261 0.00400371 0.0109115 0.0039674 0.00242515 0.0088283 0.00208036
threshold=5.6533000000000007 16.500000000000004 219141.50000000003 5.5102750000000009 1974.5000000000002 4.7840250000000006 5.7064833333333338 1.0000000180025095e-35 4.2657000000000007 2018.5000000000002 2017.5000000000002 185988.00000000003 213073.50000000003 69.500000000000014
decision_type=10 8 8 10 8 10 10 2 10 10 10 10 10 8
left_child=2 5 8 -3 -4 -2 -5 13 9 11 -10 -1 -13 -6
right_child=1 3 4 6 7 -7 -8 -9 10 -11 -12 12 -14 -15
leaf_value=0.0016827003874819065 0.00089439798640091766 0.0077813828105029363 0.00047466601535969604 0.0014117149601445844 8.7530640991150061e-05 -0.0026102755870262388 -0.0013766666880124963 0.00011007149777509788 -0.00060649047351634235 -0.002159866783253295 0.0019407313093976249 -0.0017256458843383339 0.0013948246522015812 -0.0051672123417322163
leaf_weight=0.13277185573679195 0.044655609992332423 0.97583841357845813 0.1100299912359336 0.12374157179147005 0.014389549716725014 0.089671475579962134 0.071230150177143514 0.10050704891909834 0.028497690000222065 0.23398044650093652 0.051025235239649191 0.12328634521691129 0.15847666221816326 1.8347219577553913
leaf_count=35 7 80 8 15 53 55 42 156 132 454 101 78 27 4687
internal_value=-4.51371e-09 0.00588964 -0.00358436 0.00713394 -0.00454653 -0.00168382 9.34549e-05 -0.00489476 0.000193481 -0.00065613 0.00131168 0.00111951 -0.000251624 -0.00510995
internal_weight=4.09282 1.30514 2.78769 1.17081 2.05965 0.134327 0.194972 1.94962 0.728038 0.648515 0.0795229 0.414535 0.281763 1.84911
internal_count=5930 199 5731 137 4904 62 57 4896 827 594 233 140 105 4740
is_linear=0
shrinkage=0.025


Tree=273
num_leaves=15
num_cat=0
split_feature=1 32 28 2 4 9 0 5 2 3 3 31 7 7
split_gain=0.184613 0.096055 0.0576252 0.056804 0.0416875 0.0340622 0.0288339 0.0246767 0.0242413 0.0279911 0.0252297 0.0157717 0.0157012 0.010801
threshold=3.5000000000000004 1.0000000180025095e-35 1.0000000180025095e-35 1996.5000000000002 57.500000000000007 5.4337500000000007 5.5582500000000001 76.500000000000014 1984.5000000000002 224407.50000000003 225259.00000000003 1.0000000180025095e-35 2.5000000000000004 4.5000000000000009
decision_type=10 2 2 10 8 10 8 10 10 10 8 2 2 2
left_child=2 3 11 -2 5 7 -4 -5 10 -10 -8 -1 -11 -12
right_child=1 -3 6 4 -6 -7 8 -9 9 12 13 -13 -14 -15
leaf_value=-0.0064510467267774657 -0.0016644190583208519 -0.0032561743152172196 -0.0031126576030069812 0.011036896494676282 -0.0010390779284891057 -0.00055034525754417429 0.0017926894645138745 -0.00033267798007541777 -0.0011917301318612311 -0.00041650751497619449 0.00053663809043540166 5.9050188298407837e-05 0.005344089613475083 -0.0043359838190045671
leaf_weight=1.0556027203965639 0.050370403201668412 0.044026319330441654 0.15419636217120558 0.79215781370294247 0.053943030579830631 0.08816851976007456 0.23007525771390658 0.06658862476615468 0.29638996749417834 0.19797274400480092 0.11803259857697412 0.24195311502262495 0.55660870729479939 0.12616875866660848
leaf_count=4134 80 36 542 296 117 37 18 19 57 25 24 456 41 48
internal_value=-1.65546e-09 0.00600559 -0.00316401 0.00779181 0.00886171 0.00966974 0.000225494 0.0104506 0.00166194 0.0030594 -0.00140946 -0.00573977 0.00445673 -0.00344243
internal_weight=4.07225 1.09525 2.977 1.05123 1.00086 0.946915 1.67944 0.858746 1.52525 1.05097 0.474277 1.29756 0.754581 0.244201
internal_count=5930 585 5345 549 469 352 755 315 213 123 90 4590 66 72
is_linear=0
shrinkage=0.025


Tree=274
num_leaves=15
num_cat=0
split_feature=6 0 9 2 0 0 2 34 8 0 35 2 8 2
split_gain=0.191932 0.0815612 0.0713231 0.0456475 0.0364702 0.0275603 0.0270334 0.0209652 0.0102331 0.00897594 0.00771122 0.0075984 0.00711332 0.00692573
threshold=79.500000000000014 5.9030500000000012 4.1342500000000006 2019.5000000000002 5.0760000000000014 5.0585500000000012 2016.5000000000002 1.0000000180025095e-35 6.1307000000000009 3.5614000000000003 1.0000000180025095e-35 1985.5000000000002 4.0059000000000013 1959.5000000000002
decision_type=8 10 10 8 10 8 10 2 10 10 2 10 8 10
left_child=4 2 3 5 -1 -2 -3 8 13 10 -5 -10 -7 -4
right_child=1 6 7 9 -6 12 -8 -9 11 -11 -12 -13 -14 -15
leaf_value=-0.00080990920997888241 -0.0021864513666548721 -0.001314448150879329 0.00012050592433289215 -0.0046214223360350392 0.0082599753912399061 -0.00036658032063460749 0.0049604400216418437 0.00054587575990536511 -0.0016203675492374862 0.00057642936907162162 0.00035396548136436225 0.001373278835898497 0.003244956172370252 -0.0091559113006139982
leaf_weight=0.13599561195587739 0.14582428303401784 0.14735154638765369 0.025381253923114744 0.57717959029832844 0.58288164080295246 0.18300448585068796 0.21713408583309501 0.052327426143165212 0.037381328591436613 0.033457184472354129 0.069475818978389725 0.089868914321414195 1.139454028721957 0.62589907842266257
leaf_count=354 644 37 149 1785 172 20 15 79 18 94 104 44 304 2111
internal_value=1.42466e-09 -0.00279817 -0.00419272 -0.000734044 0.00707119 0.00162197 0.00331948 -0.00785032 -0.00840428 -0.0037584 -0.00419654 -0.000163447 0.00280253 -0.00894035
internal_weight=4.06262 3.34374 2.97925 2.1484 0.718877 1.46828 0.364486 0.830858 0.778531 0.680113 0.646655 0.12725 1.32246 0.65128
internal_count=5930 5404 5352 2951 526 968 52 2401 2322 1983 1889 62 324 2260
is_linear=0
shrinkage=0.025


Tree=275
num_leaves=15
num_cat=0
split_feature=1 30 7 13 7 8 3 2 8 3 4 6 0 8
split_gain=0.22165 0.0914852 0.0423159 0.0366066 0.0235124 0.0223101 0.0222026 0.0175305 0.00991261 0.0074716 0.00657679 0.0039672 0.00597626 0.00313153
threshold=3.5000000000000004 1.0000000180025095e-35 9.5000000000000018 15.500000000000002 7.5000000000000009 5.824650000000001 251333.00000000003 1982.5000000000002 4.2085500000000016 177420.50000000003 44.500000000000007 80.500000000000014 5.8201000000000009 4.0059000000000013
decision_type=10 2 2 10 2 10 8 8 8 8 8 8 8 10
left_child=2 3 5 -2 -5 7 -7 -1 13 -9 -10 -11 -13 -4
right_child=1 -3 8 4 -6 6 -8 9 10 11 -12 12 -14 -15
leaf_value=0.001170014682703862 -0.00086418351386970734 -0.0028413323026437597 -0.00093249448597246493 -0.00045327552667948816 0.0096726020994846312 -0.0016476706993138039 0.0037142497748144411 0.00049669866572084971 0.00023067050730389885 0.00030266834237013753 -0.007088781215767068 -0.0046228972110820797 -0.00084845451327890571 0.00098986131801919396
leaf_weight=0.36502600948733799 0.077230397306266019 0.063929547512088791 0.056546999825513811 0.061621735418157186 0.88161947145999875 0.07215767115849292 0.24093403630831745 0.1312619274976895 0.016054127787356265 0.036735090354341082 0.64125413938745623 0.29888585952357938 1.0552505451851175 0.064090553059941158
leaf_count=42 146 82 138 94 263 27 72 125 53 89 1974 1399 1399 27
internal_value=-6.99002e-09 0.00660384 -0.00346013 0.00830896 0.00911824 -0.000760266 0.0021648 -0.00182727 -0.00637367 -0.00272496 -0.00687869 -0.00310958 -0.0032914 6.07492e-05
internal_weight=4.0626 1.0844 2.9782 1.02047 0.943241 2.20025 0.313092 1.88716 0.777946 1.52213 0.657308 1.39087 1.35414 0.120638
internal_count=5930 585 5345 503 357 3153 99 3054 2192 3012 2027 2887 2798 165
is_linear=0
shrinkage=0.025


Tree=276
num_leaves=15
num_cat=0
split_feature=11 32 30 7 2 3 3 13 35 2 12 4 2 10
split_gain=0.222911 0.113952 0.117598 0.0631627 0.0196963 0.0189046 0.00708933 0.00662715 0.00565963 0.00534435 0.00379691 0.00174392 0.00132294 0.000866254
threshold=12.582556829267018 1.0000000180025095e-35 1.0000000180025095e-35 4.5000000000000009 1996.5000000000002 185988.00000000003 175011.00000000003 10.500000000000002 1.0000000180025095e-35 1982.5000000000002 47.500000000000007 49.500000000000007 2011.5000000000002 1.0000000180025095e-35
decision_type=10 2 2 2 10 8 10 10 2 8 10 8 8 8
left_child=5 2 3 11 7 6 13 -5 9 10 -7 -2 -10 -1
right_child=1 -3 -4 4 -6 8 -8 -9 12 -11 -12 -13 -14 -15
leaf_value=0.00019097233488281199 0.00034272766396795931 -0.0036875052982508817 -0.0031214035353822646 0.0014404346796819166 0.011166828776978733 0.0008407604967883486 0.0018063711929706778 -0.0013562848563918953 -0.00057668837601122813 -0.0049850620931325036 -0.0012060851865460908 -0.0014988958119041083 0.0006848084667286198 -0.0012856760563296618
leaf_weight=0.028636582952458745 0.022732879369868786 0.067626525851664954 0.073944336967542657 0.058496737095992901 1.0353998402861178 0.14437640213873315 0.12924095918424428 0.061282554612262174 0.022606579936109372 1.9568432193627812 0.19116790284169838 0.09747666800103616 0.082134891126770526 0.091802879411261529
leaf_count=58 24 42 52 3 169 28 104 47 36 5017 25 103 126 96
internal_value=4.52761e-09 0.00588784 0.00773307 0.00945762 0.0105858 -0.00390222 0.000666222 7.61703e-05 -0.0044341 -0.00462113 -0.000355288 -0.00115557 0.000136982 -0.00107749
internal_weight=4.06377 1.41696 1.34933 1.27539 1.15518 2.64681 0.24968 0.119779 2.39713 2.29239 0.335544 0.12021 0.104741 0.120439
internal_count=5930 440 398 346 219 5490 258 50 5232 5070 53 127 162 154
is_linear=0
shrinkage=0.025


Tree=277
num_leaves=15
num_cat=0
split_feature=1 32 30 28 12 0 3 13 3 31 3 10 0 6
split_gain=0.194363 0.099159 0.108024 0.0524828 0.0384405 0.0264824 0.0274334 0.0248529 0.019714 0.0150554 0.00540749 0.00396743 0.00332211 0.00287959
threshold=3.5000000000000004 1.0000000180025095e-35 1.0000000180025095e-35 1.0000000180025095e-35 29.500000000000004 5.5582500000000001 245183.50000000003 15.500000000000002 226587.00000000003 1.0000000180025095e-35 213073.50000000003 1.0000000180025095e-35 3.5614000000000003 69.500000000000014
decision_type=10 2 2 2 8 8 10 10 8 2 10 8 10 8
left_child=3 2 4 9 7 -5 8 -2 10 13 -7 -8 -11 -1
right_child=1 -3 -4 5 -6 6 11 -9 -10 12 -12 -13 -14 -15
leaf_value=8.7969851391884779e-05 -0.0003739737469449281 -0.0032799375317114272 -0.0028480964079856032 -0.0030927121157077273 -0.00088333020266795456 -0.00056922150126918107 0.0040386214366834056 0.011030918158381552 -0.0030885173119997774 -0.00086678092500763445 0.0019699025280370797 5.852161827576843e-05 0.0010647782886847742 -0.0064987977080023579
leaf_weight=0.015352651127614081 0.059302733039657829 0.044164769446069729 0.063909988959494513 0.15311854668107105 0.043976938075502403 0.28470179485157132 0.41074619884602726 0.8729325438507658 0.27878575009526685 0.2110747102124152 0.34817156125791371 0.20959616999607533 0.030416768306167796 1.0312375180001252
leaf_count=54 111 36 82 542 76 39 21 280 88 421 25 40 35 4080
internal_value=9.13088e-11 0.00618289 0.00799546 -0.00324346 0.00978733 6.58922e-05 0.00147835 0.0104873 -0.00105932 -0.00570952 0.00117859 0.0035599 3.82032e-05 -0.0064064
internal_weight=4.05749 1.08429 1.04012 2.9732 0.976212 1.68512 1.532 0.932235 0.911659 1.28808 0.632873 0.620342 0.241491 1.04659
internal_count=5930 585 549 5345 467 755 213 391 152 4590 64 61 456 4134
is_linear=0
shrinkage=0.025


Tree=278
num_leaves=15
num_cat=0
split_feature=1 32 30 28 2 0 3 13 3 31 35 3 6 0
split_gain=0.189538 0.0985468 0.106124 0.0497995 0.0378476 0.0259321 0.0273144 0.0245753 0.0191719 0.0151842 0.00899544 0.00534499 0.00347831 0.00332781
threshold=3.5000000000000004 1.0000000180025095e-35 1.0000000180025095e-35 1.0000000180025095e-35 1996.5000000000002 5.5582500000000001 245183.50000000003 15.500000000000002 226587.00000000003 1.0000000180025095e-35 1.0000000180025095e-35 213073.50000000003 70.500000000000014 3.5614000000000003
decision_type=10 2 2 2 10 8 10 10 8 2 2 10 8 10
left_child=3 2 4 9 -2 -5 8 -6 11 10 12 -7 -1 -11
right_child=1 -3 -4 5 7 6 -8 -9 -10 13 -12 -13 -14 -15
leaf_value=7.5481972020161969e-05 -0.00087725629304888266 -0.0032858174529865215 -0.0028216781347534144 -0.0030823516662964222 -0.00037388780700211785 -0.00057658623704299051 0.0035237026689165238 0.010946235964499854 -0.0030706049451753158 -0.00085455246976782584 7.2674108452540936e-05 0.0019365151188588032 -0.0068331551955131868 0.0010791504099472331
leaf_weight=0.024463019683025777 0.043890546126931218 0.044179556782182661 0.063814762623223942 0.15268854505848128 0.059316376144124661 0.28462180809583515 0.61982333974447101 0.86904816193782608 0.27920365246245638 0.21104116771311976 0.10789366724202409 0.34750431124120951 0.90912993923484442 0.030713054555235431
leaf_count=86 76 36 82 542 111 39 61 280 88 421 166 25 3882 35
internal_value=-5.51901e-09 0.006112 0.00792973 -0.003205 0.00970829 3.5629e-05 0.00144148 0.0104041 -0.00107735 -0.00561051 -0.00631282 0.00114499 -0.00670671 6.23281e-05
internal_weight=4.04733 1.08025 1.03607 2.96708 0.972255 1.68384 1.53115 0.928365 0.91133 1.28324 1.04149 0.632126 0.933593 0.241754
internal_count=5930 585 549 5345 467 755 213 391 152 4590 4134 64 3968 456
is_linear=0
shrinkage=0.025


Tree=279
num_leaves=15
num_cat=0
split_feature=0 13 8 2 9 31 8 6 9 35 0 6 7 5
split_gain=0.22981 0.0356278 0.0182317 0.0133511 0.0121257 0.00912084 0.00738846 0.00615447 0.00572484 0.00545519 0.00407376 0.00318364 0.00286388 0.00274793
threshold=5.6533000000000007 16.500000000000004 5.824650000000001 1982.5000000000002 5.1166625000000012 1.0000000180025095e-35 6.1307000000000009 74.500000000000014 4.7840250000000006 1.0000000180025095e-35 3.5614000000000003 73.500000000000014 4.5000000000000009 77.500000000000014
decision_type=10 8 10 8 10 2 10 10 10 2 10 8 2 10
left_child=3 8 4 12 -3 6 7 9 -2 11 -7 -5 -1 -13
right_child=1 2 -4 5 -6 10 -8 -9 -10 -11 -12 13 -14 -15
leaf_value=0.00091298565256377011 0.00088056625885379056 0.0019527048738577032 0.0080279088292129451 -1.6621483386621379e-05 -0.0017090544288291113 -0.00094427745564812219 0.00025192668236687907 0.00018191392288727262 -0.0019028336743596237 4.614928084770516e-05 0.0011943953662597417 -0.0054954788161261361 -0.00082099349288302639 0.00012848554156915504
leaf_weight=0.25970119447447393 0.044582031958270485 0.13189866300672293 0.89054304943419993 0.07590523999533616 0.13638328126398847 0.2119905204308451 0.084551336556614731 0.07475369339226734 0.084543764707632363 0.10693866791552853 0.031553573469864205 1.7715609260958456 0.14452530995185953 0.0095063115950323462
leaf_count=33 7 19 83 252 35 421 89 142 55 164 38 4517 30 45
internal_value=2.06162e-09 0.00625072 0.00715446 -0.00379247 0.000211407 -0.00431031 -0.00467448 -0.00489446 -0.00101307 -0.00508387 7.04659e-05 -0.00529205 0.000149863 -0.00543005
internal_weight=4.05894 1.28795 1.15882 2.77099 0.268282 2.36676 2.12322 2.03866 0.129126 1.96391 0.243544 1.85697 0.404227 1.78107
internal_count=5930 199 137 5731 54 5668 5209 5120 62 4978 459 4814 63 4562
is_linear=0
shrinkage=0.025


Tree=280
num_leaves=15
num_cat=0
split_feature=11 32 30 7 7 8 1 28 8 2 8 8 6 35
split_gain=0.184874 0.107003 0.11002 0.0592617 0.0219993 0.0172699 0.0170709 0.0105053 0.0123247 0.0100573 0.00701358 0.00543991 0.003847 0.0029563
threshold=12.582556829267018 1.0000000180025095e-35 1.0000000180025095e-35 6.5000000000000009 6.5000000000000009 4.304050000000001 2.5000000000000004 1.0000000180025095e-35 3.8906500000000004 2007.5000000000002 4.0059000000000013 6.315100000000001 79.500000000000014 1.0000000180025095e-35
decision_type=10 2 2 2 2 8 10 2 8 10 10 10 8 2
left_child=4 2 3 9 7 10 -5 12 -9 -2 -6 -7 -1 -14
right_child=1 -3 -4 6 5 11 -8 8 -10 -11 -12 -13 13 -15
leaf_value=0.00042201457079900834 -0.0021610079934323467 -0.003710806168028451 -0.0031118214069086789 0.00031312729336790035 -0.0012725594263626879 -0.006464302865492242 0.010888336277103448 -0.0016010917258775202 0.0016638065454736173 0.0012978953429280391 0.001576195143386245 0.00017529550207960937 -0.0028791409784640455 0.00018164956451765458
leaf_weight=0.024093714484479278 0.094212781434180104 0.067609162477310636 0.074186766461934783 0.16422861025785074 0.081187455354665761 0.7254513517000305 0.91150808220845647 0.22344838630669972 0.88990667964390024 0.11351528404338751 0.10510574739600997 0.026622397010214627 0.44601301132570381 0.098108388658147305
leaf_count=55 98 42 52 64 216 2526 130 197 152 54 51 38 2105 150
internal_value=4.66146e-09 0.00534126 0.00717478 0.00887175 -0.00357849 -0.00547259 0.0102025 -0.000874874 0.000560997 -0.000761244 0.000308513 -0.00626337 -0.002252 -0.00256703
internal_weight=4.0452 1.42526 1.35765 1.28346 2.61994 0.938367 1.07574 1.68157 1.11336 0.207728 0.186293 0.752074 0.568215 0.544121
internal_count=5930 440 398 346 5490 2831 194 2659 349 152 267 2564 2310 2255
is_linear=0
shrinkage=0.025


Tree=281
num_leaves=15
num_cat=0
split_feature=1 32 30 28 2 0 3 13 3 31 9 35 3 10
split_gain=0.181933 0.0977231 0.105008 0.051417 0.0376181 0.0265019 0.0257023 0.0248455 0.0199508 0.014158 0.00927865 0.00853861 0.00417956 0.00411312
threshold=3.5000000000000004 1.0000000180025095e-35 1.0000000180025095e-35 1.0000000180025095e-35 1996.5000000000002 5.5582500000000001 245183.50000000003 15.500000000000002 226587.00000000003 1.0000000180025095e-35 5.4337500000000007 1.0000000180025095e-35 213073.50000000003 1.0000000180025095e-35
decision_type=10 2 2 2 10 8 10 10 8 2 10 2 10 8
left_child=3 2 4 9 -2 -5 8 -6 12 11 -9 -1 -7 -8
right_child=1 -3 -4 5 7 6 13 10 -10 -11 -12 -13 -14 -15
leaf_value=-0.0066737644637719674 -0.00088754830116180095 -0.003313315783642105 -0.0028364639396503515 -0.0030647148224452908 -0.00039288154270545998 -0.00042870625262512828 0.0040036354871203581 0.011183154788269112 -0.0030393645483878014 2.2706802014627151e-05 0.00017398730428743849 5.4139818313677627e-05 0.0019031585495429923 4.021842831145366e-05
leaf_weight=0.92401538091144153 0.044299008426605502 0.044512507243780308 0.064063083293149248 0.15177359982044425 0.059691879054298624 0.27765017922502011 0.4079518357757479 0.79749702072876971 0.27851196745177731 0.24142219474015303 0.082038701249985024 0.10855840850854293 0.34637398505583405 0.20835149812046438
leaf_count=3968 76 36 82 542 111 39 21 256 88 456 24 166 25 40
internal_value=-3.538e-09 0.00595945 0.00777918 -0.00316072 0.00955205 0.000106503 0.0015143 0.0102482 -0.000983549 -0.00560785 0.0107952 -0.0062878 0.00124052 0.00351761
internal_weight=4.03671 1.0921 1.04759 2.94461 0.983527 1.67061 1.51884 0.939228 0.902536 1.274 0.879536 1.03257 0.624024 0.616303
internal_count=5930 585 549 5345 467 755 213 391 152 4590 280 4134 64 61
is_linear=0
shrinkage=0.025


Tree=282
num_leaves=15
num_cat=0
split_feature=1 32 30 28 2 10 0 3 3 0 31 35 3 10
split_gain=0.175381 0.0970669 0.103961 0.0491647 0.0372464 0.0281761 0.0260954 0.0257106 0.0200155 0.016544 0.0143788 0.00864315 0.00404694 0.00391534
threshold=3.5000000000000004 1.0000000180025095e-35 1.0000000180025095e-35 1.0000000180025095e-35 1996.5000000000002 4.5000000000000009 5.5582500000000001 245183.50000000003 226587.00000000003 5.3970000000000011 1.0000000180025095e-35 1.0000000180025095e-35 213073.50000000003 1.0000000180025095e-35
decision_type=10 2 2 2 10 10 8 10 8 10 2 2 10 8
left_child=3 2 4 10 -2 -6 -5 8 12 -7 11 -1 -8 -9
right_child=1 -3 -4 6 5 9 7 13 -10 -11 -12 -13 -14 -15
leaf_value=-0.0065815266587284128 -0.0008877819252769766 -0.0033269899696502202 -0.0028364245684851437 -0.0030501646418447798 -0.00056311055681725053 -0.00017991764929231623 -0.00041559468591969689 0.0039770637421016443 -0.003050639271995175 0.011123390664095657 5.1972076069607525e-05 6.8707661648170705e-05 0.0018877165907826938 5.0905130706343116e-05
leaf_weight=0.91742736454034435 0.04432878240913829 0.044674076569208299 0.063929961819667369 0.15116808343009314 0.045766205337713473 0.051775795880530495 0.27775762067176402 0.40687251929193735 0.27939934900496155 0.8362689315181342 0.24150655046105396 0.10856691110529937 0.34581990935839713 0.20852335134986788
leaf_count=3968 76 36 82 542 41 216 39 21 88 134 456 166 25 40
internal_value=1.05413e-10 0.00585932 0.00768952 -0.00310561 0.00946358 0.0101599 9.43986e-05 0.00149432 -0.000995014 0.0107181 -0.00550338 -0.00619125 0.0012377 0.00350177
internal_weight=4.02379 1.08674 1.04207 2.93704 0.97814 0.933811 1.66954 1.51837 0.902977 0.888045 1.2675 1.02599 0.623578 0.615396
internal_count=5930 585 549 5345 467 391 755 213 152 350 4590 4134 64 61
is_linear=0
shrinkage=0.025


Tree=283
num_leaves=15
num_cat=0
split_feature=0 13 3 9 3 9 3 2 35 8 6 8 6 3
split_gain=0.235089 0.038329 0.0257155 0.015702 0.0144431 0.00551197 0.00536647 0.00501684 0.00486133 0.00402763 0.00305684 0.0028527 0.00507111 0.00285186
threshold=5.6533000000000007 16.500000000000004 185988.00000000003 5.5102750000000009 285540.00000000006 4.7840250000000006 175011.00000000003 1982.5000000000002 1.0000000180025095e-35 4.8874000000000004 74.500000000000014 6.1307000000000009 73.500000000000014 288563.50000000006
decision_type=10 8 8 10 10 10 10 8 2 8 10 10 8 10
left_child=2 5 6 13 -5 -2 -1 9 10 -4 11 12 -9 -3
right_child=1 3 7 4 -6 -7 -8 8 -10 -11 -12 -13 -14 -15
leaf_value=-0.00076959801629752076 0.00083010980419240634 0.008550131063481705 0.00088054387976185377 -0.0020180486699838355 0.0020289427290107061 -0.0019419079259038532 0.0018697954062244435 8.7636470613235921e-05 4.5381390182749234e-05 -0.001224366732244515 -3.0094218963664651e-05 -3.0944203665059603e-05 -0.0054372366477478534 0.00082193194925069793
leaf_weight=0.1169050896278353 0.043104672862682158 0.70130153244826943 0.14081643558165557 0.072517781285569072 0.13571521401172504 0.085030068003106862 0.13216915729572065 0.075220573897240683 0.10556665033800516 0.19340568034385797 0.087269172101514303 0.078754335481789783 1.8259802050160949 0.2669716568198055
leaf_count=159 7 50 14 38 19 55 106 249 161 41 156 86 4759 30
internal_value=-1.61222e-09 0.00628579 -0.0038568 0.00722609 0.000115796 -0.00110017 0.00100663 -0.00448925 -0.00481823 -0.000342242 -0.00500042 -0.00513587 -0.00526378 0.00791949
internal_weight=4.06073 1.30464 2.75609 1.17651 0.208233 0.128135 0.249074 2.50701 2.17279 0.334222 2.06722 1.97996 1.9012 0.968273
internal_count=5930 199 5731 137 57 62 265 5466 5411 55 5250 5094 5008 80
is_linear=0
shrinkage=0.025


Tree=284
num_leaves=15
num_cat=0
split_feature=0 13 3 9 3 2 12 3 3 3 9 35 0 7
split_gain=0.237402 0.0396846 0.0239244 0.0172195 0.0145284 0.00726451 0.01227 0.0161243 0.00588601 0.00569935 0.00555063 0.00356824 0.00197622 0.00187078
threshold=5.6533000000000007 16.500000000000004 185988.00000000003 5.5102750000000009 285540.00000000006 1989.5000000000002 39.500000000000007 226020.00000000003 277577.00000000006 175011.00000000003 4.7840250000000006 1.0000000180025095e-35 3.5614000000000003 4.5000000000000009
decision_type=10 8 8 10 10 8 10 8 10 10 10 2 10 2
left_child=2 10 9 8 -5 6 -4 -8 -3 12 -2 -7 -1 -9
right_child=1 3 5 4 -6 11 7 13 -10 -11 -12 -13 -14 -15
leaf_value=-0.0012841667669841771 0.00081717469224658963 0.0087144715166537889 0.0016208175283263433 -0.0020523208562931855 0.0020050453907396082 -0.0052091083362585545 0.0011789776436794343 -3.9310638801719727e-05 0.0008721241017431476 0.0018335899015074421 -0.0019842302270119995 -5.0795575739002653e-05 0.00045963574921651989 -0.003634726793021736
leaf_weight=0.096828856985667122 0.042989044857676739 0.68743934901431181 0.1292391575771038 0.072946827101986966 0.13566361367702484 1.8425902992967165 0.18190381434396841 0.12242381621763343 0.31541695690248162 0.13225095408415655 0.085617093543987721 0.10679267687373784 0.020898623028188013 0.12206119300390128
leaf_count=119 7 45 37 38 19 5181 20 24 35 106 55 161 40 43
internal_value=3.51108e-09 0.00625005 -0.00389496 0.00720218 6.20762e-05 -0.00449709 -0.00057776 -0.00191327 0.00791487 0.000909467 -0.00115347 -0.00503956 -0.000840339 -0.00331262
internal_weight=4.09506 1.34007 2.75499 1.21147 0.20861 2.50501 0.555628 0.426389 1.00286 0.249978 0.128606 1.94938 0.117727 0.244485
internal_count=5930 199 5731 137 57 5466 124 87 80 265 62 5342 159 67
is_linear=0
shrinkage=0.025


Tree=285
num_leaves=15
num_cat=0
split_feature=0 13 3 9 3 2 2 3 3 3 9 6 0 5
split_gain=0.228906 0.0392335 0.0235959 0.016796 0.0144773 0.00724071 0.012367 0.0163021 0.00575492 0.00567404 0.00544561 0.0020439 0.00198075 0.0018602
threshold=5.6533000000000007 16.500000000000004 185988.00000000003 5.5102750000000009 285540.00000000006 1989.5000000000002 1986.5000000000002 226020.00000000003 277577.00000000006 175011.00000000003 4.7840250000000006 74.500000000000014 3.5614000000000003 77.500000000000014
decision_type=10 8 8 10 10 8 10 8 10 10 10 10 10 10
left_child=2 10 9 8 -5 6 7 -4 -3 12 -2 13 -1 -7
right_child=1 3 5 4 -6 11 -8 -9 -10 -11 -12 -13 -14 -15
leaf_value=-0.0012805074517042161 0.00080316707499049041 0.0085993849515989384 0.0011906481660466284 -0.0020497176511392137 0.0020003735457768445 -0.0051320441605992159 0.001636988265437691 -0.0033180935907779238 0.00085741959516699891 0.0018366553315486594 -0.0019807037220399477 -8.6655355334127088e-05 0.00046201139594068298 8.5185568263867933e-05
leaf_weight=0.096856112621026447 0.042530137347057129 0.68146912136580795 0.18255483583197962 0.072970613313373178 0.13576265226583928 1.8474229878156618 0.12971125786862103 0.24467164681846043 0.31459027656819671 0.1325945823409711 0.085564355249516666 0.087849917152197921 0.020957389366230927 0.01057727194711322
leaf_count=119 7 45 20 38 19 5143 37 67 35 106 55 156 40 43
internal_value=4.37845e-09 0.0061497 -0.00382249 0.00710244 6.01148e-05 -0.0044233 -0.000560463 -0.00190715 0.00780876 0.000917578 -0.00116378 -0.00496335 -0.000834521 -0.00508293
internal_weight=4.08608 1.33289 2.7532 1.20479 0.208733 2.50279 0.556938 0.427226 0.996059 0.250408 0.128094 1.94585 0.117814 1.858
internal_count=5930 199 5731 137 57 5466 124 87 80 265 62 5342 159 5186
is_linear=0
shrinkage=0.025


Tree=286
num_leaves=15
num_cat=0
split_feature=0 9 3 7 7 2 2 3 3 35 2 2 12 6
split_gain=0.227125 0.0399758 0.0233416 0.0213918 0.0223225 0.00619378 0.0125116 0.0156102 0.00582679 0.00363248 0.00311196 0.00299242 0.00354001 0.00215599
threshold=5.6533000000000007 5.1166625000000012 185988.00000000003 11.500000000000002 6.5000000000000009 1989.5000000000002 1986.5000000000002 226020.00000000003 175011.00000000003 1.0000000180025095e-35 2000.5000000000002 2016.5000000000002 18.500000000000004 74.500000000000014
decision_type=10 10 8 2 2 8 10 8 10 2 10 10 10 10
left_child=2 11 8 4 -3 6 7 -4 -1 13 -5 12 -2 -7
right_child=1 3 5 10 -6 9 -8 -9 -10 -11 -12 -13 -14 -15
leaf_value=-0.00085423750063617345 -0.00061219340499675025 -0.0016184442902782302 0.0011385137326737614 0.00022680359393507932 0.0036782056337404281 -0.0052223385593766023 0.0016269320256254841 -0.0033086324807220465 0.0018451434146772409 -3.6460296445157789e-05 -0.0028699855656571845 0.0086540510121710136 0.0015291166089878279 -8.9331661703790505e-05
leaf_weight=0.1177482968050757 0.12601078522857256 0.095750546315684915 0.180693919071928 0.082587361335754395 0.29021647293120623 1.7481040335733267 0.12930105852865381 0.24402919611748075 0.13301810954726534 0.10656128282425914 0.079798326594755054 0.51468514464795589 0.14457211917033419 0.088010149134788551
leaf_count=159 12 68 20 16 15 5025 37 67 106 161 36 22 30 156
internal_value=-7.73983e-10 0.00612259 -0.00381266 7.67263e-05 0.00214455 -0.00441089 -0.000601344 -0.0019455 0.00090805 -0.00492377 -0.00245484 0.00793663 0.00083493 -0.00509455
internal_weight=4.08109 1.33362 2.74747 0.548353 0.385967 2.4967 0.554024 0.424723 0.250766 1.94268 0.162386 0.785268 0.270583 1.83611
internal_count=5930 199 5731 135 83 5466 124 87 265 5342 52 64 42 5181
is_linear=0
shrinkage=0.025


Tree=287
num_leaves=15
num_cat=0
split_feature=0 9 3 7 8 2 2 3 3 35 2 12 12 3
split_gain=0.222271 0.0400469 0.0228988 0.020942 0.0256905 0.00579287 0.0124253 0.0157337 0.00575353 0.00351941 0.00321583 0.00243907 0.0035699 0.00213835
threshold=5.6533000000000007 5.1166625000000012 185988.00000000003 11.500000000000002 5.824650000000001 1989.5000000000002 1986.5000000000002 226020.00000000003 175011.00000000003 1.0000000180025095e-35 2000.5000000000002 9.5000000000000018 18.500000000000004 266690.00000000006
decision_type=10 8 8 2 10 8 10 8 10 2 10 10 10 8
left_child=2 11 8 4 13 6 7 -4 -1 -7 -5 -2 -13 -3
right_child=1 3 5 10 -6 9 -8 -9 -10 -11 -12 12 -14 -15
leaf_value=-0.00084942504842568849 0.0085797266213841813 0.00025592180104300248 0.001143994084210896 0.00023758155493268032 0.0037988532116049502 -0.0050368440554571896 0.001616224873252506 -0.0033157746995379715 0.001832091618180181 -3.8500574341413459e-05 -0.0028674310004271064 -0.00061146405249610982 0.0015421232038609588 -0.0021577434381064415
leaf_weight=0.11800149257760528 0.51136424078140374 0.051167026977054886 0.1819597294670533 0.083238165942020714 0.29096418985864148 1.8316136673893195 0.12911652159527875 0.24450113603234058 0.13298042519454611 0.10685379122151051 0.079833065799903125 0.12596174783539027 0.14559392852243036 0.043262810329906642
leaf_count=159 22 17 20 16 39 5181 37 67 106 161 36 12 30 27
internal_value=2.46256e-10 0.00606008 -0.00377257 5.36771e-05 0.00210922 -0.00436584 -0.000610336 -0.0019449 0.000900145 -0.00486819 -0.00244094 0.00787767 0.000847908 -0.00181106
internal_weight=4.07641 1.33139 2.74503 0.548465 0.385394 2.49404 0.555577 0.426461 0.250982 1.93847 0.163071 0.78292 0.271556 0.0944298
internal_count=5930 199 5731 135 83 5466 124 87 265 5342 52 64 42 44
is_linear=0
shrinkage=0.025


Tree=288
num_leaves=15
num_cat=0
split_feature=0 13 3 9 3 1 3 3 6 5 3 35 6 0
split_gain=0.205769 0.0600197 0.0221413 0.0181133 0.0142405 0.00638629 0.0059052 0.020755 0.00796138 0.00767195 0.00568468 0.00451155 0.00330222 0.0019921
threshold=5.6533000000000007 16.500000000000004 185988.00000000003 5.5102750000000009 285540.00000000006 4.5000000000000009 265460.00000000006 258620.00000000003 77.500000000000014 79.500000000000014 175011.00000000003 1.0000000180025095e-35 76.500000000000014 3.5614000000000003
decision_type=10 8 8 10 10 10 8 8 8 8 10 2 10 10
left_child=2 5 10 -3 -5 -2 7 8 -4 -9 13 12 -8 -1
right_child=1 3 6 4 -6 -7 11 9 -10 -11 -12 -13 -14 -15
leaf_value=-0.0012851276890950276 -0.0026770038207452451 0.007910285193627695 0.0006711057697262134 -0.002050826561588069 0.0019665657372059625 0.00064756275050102804 -0.0058317162869775596 -0.0008673261708685054 -0.002985739460999017 0.0025354796430861986 0.0018322327982558733 -3.0896206887686084e-05 0.00010967394393120943 0.00046293305741014967
leaf_weight=0.097068799121189264 0.060032514738849962 0.98286423448007554 0.067213408095994964 0.073004178644623607 0.13465330848703161 0.072641055914573371 0.92428581257263409 0.040336837508221035 1.1403501654494901 0.18660643693146994 0.1332027947428287 0.1031246715283487 0.022761771222576499 0.021006764291087165
leaf_count=119 35 80 154 38 19 27 3311 173 1567 62 106 157 42 40
internal_value=5.191e-10 0.00584227 -0.003633 0.00717448 2.55245e-05 -0.00189208 -0.00422186 -0.0014656 -0.0025704 0.00171671 0.00091033 -0.00543554 -0.00570593 -0.00083824
internal_weight=4.05915 1.3232 2.73596 1.19052 0.207657 0.132674 2.48468 1.43451 1.20756 0.226943 0.251278 1.05017 0.947048 0.118076
internal_count=5930 199 5731 137 57 62 5466 1956 1721 235 265 3510 3353 159
is_linear=0
shrinkage=0.025


Tree=289
num_leaves=15
num_cat=0
split_feature=0 9 3 7 7 3 3 3 0 6 35 12 12 6
split_gain=0.209519 0.0404595 0.0222119 0.0207438 0.0219717 0.00567534 0.00496582 0.0209341 0.00884235 0.00806329 0.00439335 0.00351433 0.00372785 0.00328825
threshold=5.6533000000000007 5.1166625000000012 185988.00000000003 11.500000000000002 6.5000000000000009 175011.00000000003 265460.00000000006 258620.00000000003 5.5964000000000009 77.500000000000014 1.0000000180025095e-35 9.5000000000000018 18.500000000000004 76.500000000000014
decision_type=10 8 8 2 2 10 8 10 8 8 2 10 10 10
left_child=2 11 5 4 -3 -1 7 9 -9 -4 13 -2 -13 -8
right_child=1 3 6 -5 -6 -7 10 8 -10 -11 -12 12 -14 -15
leaf_value=-0.00084041616004051304 0.0084462693856020218 -0.0016304824202568555 0.00066860070284068549 -0.0024728575814447606 0.0035980466888725416 0.0018249703327923217 -0.0058331630124647321 -0.00097291214284012074 0.0026118874785452727 -0.0030297684897735103 -3.7590398784301978e-05 -0.00065294392649105359 0.0015203772744632081 0.00010866363931845961
leaf_weight=0.11831416364293579 0.50571664865128663 0.096153767546638957 0.067469093410181813 0.16276450036093593 0.28791741421446204 0.13335030342568643 0.9222708607521779 0.03980748548201507 0.18769984379468951 1.1408525887454746 0.10327540888101794 0.12514459143858403 0.1460650727385655 0.022839238838059828
leaf_count=159 22 68 154 52 15 106 3311 182 53 1567 157 12 30 42
internal_value=2.92347e-09 0.00589426 -0.0036663 -1.85045e-05 0.00205678 0.000901585 -0.004255 -0.00151163 0.00170304 -0.00261401 -0.00544001 0.00772428 0.000792784 -0.00570753
internal_weight=4.05964 1.32376 2.73588 0.546836 0.384071 0.251664 2.48421 1.43583 0.227507 1.20832 1.04839 0.776926 0.27121 0.94511
internal_count=5930 199 5731 135 83 265 5466 1956 235 1721 3510 64 42 3353
is_linear=0
shrinkage=0.025


Tree=290
num_leaves=15
num_cat=0
split_feature=0 13 3 2 2 1 5 3 2 3 7 6 3 2
split_gain=0.197587 0.0592942 0.0217486 0.0177836 0.0423797 0.00645691 0.00595638 0.0206425 0.0183358 0.0168504 0.0140415 0.00691174 0.00562391 0.00477162
threshold=5.6533000000000007 16.500000000000004 185988.00000000003 2016.5000000000002 2008.5000000000002 4.5000000000000009 77.500000000000014 245183.50000000003 2016.5000000000002 287820.00000000006 3.5000000000000004 71.500000000000014 175011.00000000003 2018.5000000000002
decision_type=10 8 8 10 10 10 8 10 10 10 2 10 10 10
left_child=2 5 12 4 -3 -2 11 -8 9 10 -9 -4 -1 -13
right_child=1 3 6 -5 -6 -7 7 8 -10 -11 -12 13 -14 -15
leaf_value=-0.00083098180621919444 -0.0026930533815190329 0.0034966226640506118 -0.0062540362156309664 0.0085941769566057116 -0.0030412928281924843 0.00065059247050649408 -0.0029764848190430293 -0.00080462512688796335 -0.0018584047836680837 -0.0012925665739398861 0.0043760649034862188 -0.001221180870113083 0.001827391026025516 0.0011375668202009985
leaf_weight=0.11814379475254133 0.060082559532019908 0.45709313609404489 0.52860816364773233 0.60305935679934919 0.12719425186514854 0.072759858099743724 1.1805835432605816 0.078067408889182732 0.11114210368396016 0.057429199121543206 0.37081527250120416 0.068040799102163874 0.13347314488783013 0.077879683129140176
leaf_count=159 35 73 2750 35 29 27 1826 61 285 124 93 184 106 143
internal_value=-6.89103e-10 0.00572661 -0.00356772 0.0070605 0.00105207 -0.001904 -0.00415513 -0.00171223 0.00105078 0.00249918 0.00354158 -0.0057557 0.000912533 -6.81643e-05
internal_weight=4.04437 1.32019 2.72418 1.18735 0.584287 0.132842 2.47257 1.79804 0.617454 0.506312 0.448883 0.674529 0.251617 0.14592
internal_count=5930 199 5731 137 102 62 5466 2389 563 278 154 3077 265 327
is_linear=0
shrinkage=0.025


Tree=291
num_leaves=15
num_cat=0
split_feature=0 9 5 3 5 2 8 12 12 0 9 3 12 12
split_gain=0.181585 0.0559662 0.0232887 0.0230061 0.01634 0.00832945 0.00512076 0.00388786 0.00550857 0.00886363 0.00633395 0.00425991 0.0035757 0.00367772
threshold=5.6533000000000007 5.1166625000000012 68.500000000000014 219141.50000000003 74.500000000000014 1974.5000000000002 5.9814500000000006 63.500000000000007 3.5000000000000004 3.5614000000000003 4.0122333333333344 171593.50000000003 9.5000000000000018 18.500000000000004
decision_type=10 8 10 8 10 8 10 10 10 10 10 10 10 10
left_child=3 12 -3 7 6 -5 -4 8 9 -1 11 -10 -2 -14
right_child=1 2 4 5 -6 -7 -8 -9 10 -11 -12 -13 13 -15
leaf_value=-0.0020453655427682179 0.0083845770481207615 0.0022230373366617442 -0.0043297287031995894 0.00029784310694704763 0.0011613318729462167 -0.0046868763544044047 8.177615142957317e-05 -0.0010487300096997817 -0.00041153836501638032 0.0012818035800699875 -0.00076817080009104863 0.0026377786309557329 -0.00065132791930548259 0.0015051950802462237
leaf_weight=0.11320685173268463 0.50279125315137174 0.19356316857738431 0.12501980678644031 0.10241181873425342 0.081188807147555053 1.8760332194942748 0.15000004251487553 0.044828499318100512 0.060540910679264925 0.027972329524345696 0.056876516013289802 0.41446875677502248 0.12491823476739228 0.14536703436169773
leaf_count=339 22 31 54 8 15 4896 35 6 42 47 196 197 12 30
internal_value=4.1068e-09 0.00547756 -0.000560104 -0.0034422 -0.00259648 -0.00441548 -0.0037466 0.000248992 0.000910595 -0.000840583 0.00162071 0.00223361 0.00766553 0.000780384
internal_weight=4.01919 1.32285 0.549772 2.69634 0.356209 1.97845 0.27502 0.717894 0.673065 0.141179 0.531886 0.47501 0.773077 0.270285
internal_count=5930 199 135 5731 104 4904 89 827 821 386 435 239 64 42
is_linear=0
shrinkage=0.025


Tree=292
num_leaves=15
num_cat=0
split_feature=0 13 3 9 3 3 2 1 12 2 0 3 0 6
split_gain=0.177028 0.0564559 0.0221813 0.0160994 0.0141653 0.0102982 0.00805736 0.00648065 0.00384145 0.0054219 0.00655319 0.00626515 0.00442208 0.00189113
threshold=5.6533000000000007 16.500000000000004 219141.50000000003 5.5102750000000009 285540.00000000006 277577.00000000006 1974.5000000000002 4.5000000000000009 63.500000000000007 2023.5000000000002 5.0585500000000012 171593.50000000003 3.9859500000000003 69.500000000000014
decision_type=10 8 8 10 10 10 8 10 10 10 8 10 10 8
left_child=2 7 8 5 -5 -3 -4 -2 9 10 -1 -12 -11 -8
right_child=1 3 6 4 -6 -7 13 -9 -10 12 11 -13 -14 -15
leaf_value=-0.00080694277027759578 -0.0027020971969262679 0.0083018613409905073 0.00029133324748243104 -0.0020487747098708567 0.0019580378304706412 0.00064095704273872992 9.2442784766941704e-05 0.00065085792051880692 -0.0010486801610752276 -0.001640393836031167 -0.00059966915294477853 0.0027379244475704673 0.00081122197328631178 -0.0046772797257008929
leaf_weight=0.055318824386631937 0.060073755332268441 0.66950226435437799 0.10230828424391769 0.0732380251865834 0.13430950650945306 0.30984541040379554 0.013953507470432669 0.072493975225370377 0.044838979956693947 0.091841354667849373 0.063704352840431966 0.44540657760080649 0.016340350266546011 1.8597706973596357
leaf_count=203 35 45 8 38 19 35 53 27 6 303 45 240 30 4843
internal_value=-8.10536e-09 0.00541304 -0.00339934 0.00673179 1.83827e-05 0.00742645 -0.00435515 -0.0019128 0.000236215 0.000897632 0.00157755 0.00219967 -0.000872215 -0.00462195
internal_weight=4.01295 1.31946 2.69348 1.1869 0.207548 0.979348 1.97603 0.132568 0.71745 0.672611 0.56443 0.509111 0.108182 1.87372
internal_count=5930 199 5731 137 57 80 4904 62 827 821 488 285 333 4896
is_linear=0
shrinkage=0.025


Tree=293
num_leaves=15
num_cat=0
split_feature=11 32 30 13 13 2 7 8 28 8 3 2 8 8
split_gain=0.177532 0.105738 0.107906 0.063536 0.025631 0.0392907 0.0178938 0.0173793 0.00940159 0.0119415 0.00761775 0.00714887 0.0070177 0.00504806
threshold=12.582556829267018 1.0000000180025095e-35 1.0000000180025095e-35 16.500000000000004 25.500000000000004 1998.5000000000002 6.5000000000000009 4.304050000000001 1.0000000180025095e-35 3.8906500000000004 224928.00000000003 1989.5000000000002 4.0059000000000013 6.315100000000001
decision_type=10 2 2 8 8 10 2 8 2 8 8 8 10 10
left_child=6 2 3 10 5 -5 8 12 -1 -10 -2 -6 -8 -9
right_child=1 -3 -4 4 11 -7 7 13 9 -11 -12 -13 -14 -15
leaf_value=-0.002230412341872367 0.00098302930960073097 -0.0037393051100897442 -0.00311397591558361 -0.00049132167514242902 0.0013718413236832876 0.011351631161174599 -0.0012545591179625071 -0.0062999384688180882 -0.0016198376710150565 0.0015968502448511657 -0.0022678932801904346 -0.0015382874981663718 0.0016003467945595253 0.00016543116387918893
leaf_weight=0.56091216751519835 0.042314836289733315 0.068320440565002971 0.074570313532603794 0.10412621989962623 0.054867384955287091 0.95589532384474296 0.080064269597642013 0.71101062403249671 0.21990549973997975 0.85588549639214773 0.087679022792144679 0.062508682312909514 0.10518955402949359 0.026520421175519004
leaf_count=2310 17 42 52 58 2 146 216 2526 197 152 82 41 51 38
internal_value=-9.18123e-10 0.00517888 0.00700452 0.00868109 0.00986168 0.0105145 -0.00356504 -0.0053026 -0.000945861 0.000475733 -0.00127621 -0.000167655 0.000349024 -0.00610605
internal_weight=4.00977 1.45028 1.38196 1.30739 1.1774 1.06002 2.55949 0.922785 1.6367 1.07579 0.129994 0.117376 0.185254 0.737531
internal_count=5930 440 398 346 247 204 5490 2831 2659 349 99 43 267 2564
is_linear=0
shrinkage=0.025


Tree=294
num_leaves=15
num_cat=0
split_feature=11 32 30 7 2 7 8 2 7 8 13 2 6 8
split_gain=0.194429 0.108663 0.11179 0.0630117 0.0237141 0.0112196 0.0171077 0.00866439 0.0115793 0.00698148 0.00663857 0.00586423 0.00559734 0.00500489
threshold=12.582556829267018 1.0000000180025095e-35 1.0000000180025095e-35 4.5000000000000009 1996.5000000000002 6.5000000000000009 4.304050000000001 1968.5000000000002 5.5000000000000009 4.0059000000000013 10.500000000000002 1995.5000000000002 79.500000000000014 6.315100000000001
decision_type=10 2 2 2 10 2 8 8 2 10 10 10 8 10
left_child=5 2 3 -2 10 7 9 -1 12 -7 -5 -10 -9 -8
right_child=1 -3 -4 4 -6 6 13 8 11 -11 -12 -13 -14 -15
leaf_value=0.0010954814868142236 -0.0012427870743536116 -0.0037191267842271616 -0.0031263353146414215 0.0013626794149826944 0.010736530162359113 -0.0012492609954368186 -0.0062223844015473102 0.00057353931160580016 -0.00089428309766812007 0.0015987408551800645 -0.0014370404659576298 0.0019226492131583122 -0.0027113741582773226 0.00016727146477288086
leaf_weight=0.13757552049355593 0.12204059619398311 0.068038471988984273 0.074462453107116633 0.055342867330182233 1.0566655405273193 0.080051986085891147 0.70782275649253279 0.021970087487716228 0.034731897227175179 0.10529796048649587 0.063771947665372863 0.12465709346361109 1.3225201772802391 0.026547205517999828
leaf_count=12 127 42 52 3 169 216 2526 49 50 51 47 160 2388 38
internal_value=-1.10574e-09 0.0054358 0.00726611 0.00896345 0.0101071 -0.00372493 -0.00522847 -0.00122202 -0.00178687 0.000352485 -8.09473e-05 0.00106692 -0.00243596 -0.00602814
internal_weight=4.0015 1.44032 1.37228 1.29782 1.17578 2.56117 0.91972 1.64145 1.50388 0.18535 0.119115 0.159389 1.34449 0.73437
internal_count=5930 440 398 346 219 5490 2831 2659 2647 267 50 210 2437 2564
is_linear=0
shrinkage=0.025


Tree=295
num_leaves=15
num_cat=0
split_feature=11 32 30 13 13 9 7 8 28 8 1 9 8 8
split_gain=0.166973 0.102407 0.106473 0.0635143 0.0251366 0.0384649 0.0183561 0.0170055 0.00920113 0.0121372 0.00785391 0.00771433 0.00695063 0.00501388
threshold=12.582556829267018 1.0000000180025095e-35 1.0000000180025095e-35 16.500000000000004 25.500000000000004 5.5102750000000009 6.5000000000000009 4.304050000000001 1.0000000180025095e-35 3.8906500000000004 4.5000000000000009 5.6968333333333341 4.0059000000000013 6.315100000000001
decision_type=10 2 2 8 8 8 2 8 2 8 10 10 10 10
left_child=6 2 3 10 5 -5 8 12 -1 -10 -2 -6 -8 -9
right_child=1 -3 -4 4 11 -7 7 13 9 -11 -12 -13 -14 -15
leaf_value=-0.0021580522078758313 -0.0023512331288796308 -0.003708123206534969 -0.0031311970180831414 0.011246245467115836 -0.0016036413417102515 -0.00039491900459745857 -0.0012466809906746224 -0.0062067836749008561 -0.0016183190997329086 0.00162707895373728 0.00095512757249942174 0.0014193816643607408 0.0015955417761952181 0.00016840462910445737
leaf_weight=0.55852135142049575 0.063346156573970469 0.067907452903455012 0.074498546862741821 0.93256520883005545 0.058044436649652309 0.12262625733274046 0.079400797410926205 0.70233731207554229 0.22041925584926492 0.85734654619591322 0.066490595025243238 0.059222056297585368 0.10536673106253147 0.026594169321469963
leaf_count=2310 68 42 52 158 39 46 216 2526 197 152 31 4 51 38
internal_value=3.80475e-09 0.00502783 0.00683756 0.00852017 0.00971134 0.0103595 -0.00346241 -0.00521251 -0.000878641 0.000503917 -0.00131129 -0.000172997 0.000352804 -0.00601132
internal_weight=3.99469 1.4447 1.37679 1.30229 1.17246 1.05519 2.54999 0.913699 1.63629 1.07777 0.129837 0.117266 0.184768 0.728931
internal_count=5930 440 398 346 247 204 5490 2831 2659 349 99 43 267 2564
is_linear=0
shrinkage=0.025


Tree=296
num_leaves=15
num_cat=0
split_feature=11 2 6 9 2 7 8 5 0 3 7 2 2 2
split_gain=0.153803 0.0823702 0.0817663 0.0289122 0.0309416 0.0188316 0.0166536 0.0148735 0.00871928 0.0153517 0.0154589 0.00884705 0.0126521 0.00857541
threshold=12.582556829267018 2016.5000000000002 77.500000000000014 2.6326441176470592 1989.5000000000002 6.5000000000000009 4.304050000000001 68.500000000000014 5.4644500000000011 245183.50000000003 2.5000000000000004 1968.5000000000002 2017.5000000000002 2022.5000000000002
decision_type=10 10 8 10 8 2 8 8 8 10 2 8 10 10
left_child=5 2 -2 -4 -5 8 -7 -6 -1 11 -11 -10 -13 -14
right_child=1 -3 3 4 7 6 -8 -9 9 10 -12 12 13 -15
leaf_value=-0.0023478036748595318 0.0042735530855677771 0.0079615787710141592 0.0013810450754558148 0.0011573957710678553 0.00034648988745099394 0.00036513342392026853 -0.0058801902410649332 -0.0074270021848184611 0.0011344475229325072 -0.0011328640950731385 0.0035783630230171119 -0.0028256739215379036 0.0020388541186716611 -0.0011794977576747099
leaf_weight=0.23507219518069233 0.21549466779106297 0.68585390603402629 0.055751925334334151 0.068976810318417847 0.0771826560376212 0.18422048850334238 0.72326150739900186 0.3338850000873208 0.13525297283194926 0.10023248731158685 0.21831647987710312 0.6805224951094716 0.19232708550407551 0.069332407758338377
leaf_count=1260 46 90 2 13 56 267 2564 233 9 80 71 936 77 226
internal_value=1.7752e-09 0.00483282 -0.000938612 -0.00445258 -0.00560544 -0.00332857 -0.00508561 -0.00675626 -0.00078963 0.000343135 0.00236105 -0.00110281 -0.00184272 0.000927117
internal_weight=3.97568 1.43714 0.751291 0.535796 0.480044 2.53854 0.907482 0.411068 1.63106 1.39598 0.318549 1.07743 0.942182 0.261659
internal_count=5930 440 350 304 302 5490 2831 289 2659 1399 151 1248 1239 303
is_linear=0
shrinkage=0.025


Tree=297
num_leaves=15
num_cat=0
split_feature=11 32 30 13 13 12 7 8 28 8 1 12 8 8
split_gain=0.16526 0.101787 0.104762 0.0643593 0.0249609 0.0387304 0.0174369 0.0169101 0.00829966 0.0118462 0.00765122 0.00718858 0.00692676 0.00504743
threshold=12.582556829267018 1.0000000180025095e-35 1.0000000180025095e-35 16.500000000000004 25.500000000000004 27.500000000000004 6.5000000000000009 4.304050000000001 1.0000000180025095e-35 3.8906500000000004 4.5000000000000009 36.500000000000007 4.0059000000000013 6.315100000000001
decision_type=10 2 2 8 8 8 2 8 2 8 10 10 10 10
left_child=6 2 3 10 5 -5 8 12 -1 -10 -2 -6 -8 -9
right_child=1 -3 -4 4 11 -7 7 13 9 -11 -12 -13 -14 -15
leaf_value=-0.002107391561608911 -0.0023596864768143599 -0.0037028859417582247 -0.0031000767162189737 0.011156216311244882 -0.0015458791566988015 -0.00050208434006649609 -0.0012422878762788532 -0.0061740770057072741 -0.0016337801448116076 0.001565316185612498 0.00092632753846336841 0.0013728186160303362 0.0015957936062620946 0.00017215029773258523
leaf_weight=0.55675877308385735 0.063305779956862929 0.067658837797352933 0.074153206922346615 0.95147581570199657 0.062186246941564716 0.10439765756018471 0.079387940906599286 0.69243802743585547 0.21989332507655479 0.8567494511808037 0.065392677613999695 0.054918207228183746 0.10510330215038266 0.026483387075131759
leaf_count=2310 68 42 52 146 41 58 216 2526 197 152 31 2 51 38
internal_value=-4.31572e-09 0.00499992 0.00680632 0.00847236 0.00967464 0.01032 -0.00345431 -0.00517488 -0.000898966 0.000439826 -0.0013486 -0.000173484 0.000356783 -0.00597615
internal_weight=3.9803 1.44349 1.37583 1.30168 1.17298 1.05587 2.53681 0.903413 1.6334 1.07664 0.128698 0.117104 0.184491 0.718921
internal_count=5930 440 398 346 247 204 5490 2831 2659 349 99 43 267 2564
is_linear=0
shrinkage=0.025


Tree=298
num_leaves=15
num_cat=0
split_feature=0 9 3 3 8 9 10 3 35 3 3 6 5 6
split_gain=0.192051 0.0450847 0.0489506 0.0214397 0.0067258 0.0090863 0.00635395 0.00567619 0.00305357 0.00343385 0.0199687 0.00841617 0.00712508 0.00329573
threshold=5.6533000000000007 4.9581829545454559 253420.50000000003 185988.00000000003 5.824650000000001 5.1166625000000012 5.5000000000000009 175011.00000000003 1.0000000180025095e-35 265460.00000000006 258620.00000000003 77.500000000000014 62.500000000000007 76.500000000000014
decision_type=10 8 10 8 10 10 10 10 2 8 10 8 10 10
left_child=3 -2 6 7 5 -4 -3 -1 9 10 11 -5 -12 -11
right_child=1 2 4 8 -6 -7 -8 -9 -10 13 12 -13 -14 -15
leaf_value=-0.00084174801151061735 0.0079190840821107399 -0.0041827581292704103 0.0015300816883730142 0.00069445766966510873 0.0037995358335521446 -0.0016946266540847348 0.00031385885925127807 0.001822488809299179 2.415820512241446e-06 -0.0055859559673949056 0.0024260858789544636 -0.0030616455540744287 -0.00084368769770843191 0.00012053020786323226
leaf_weight=0.11839194053027347 0.62008410721318763 0.13662543846294295 0.072398303425870836 0.06620800742530264 0.29935807560104877 0.12337604264030233 0.080160184646956623 0.13371302287123399 0.10617680946597818 0.89911157934329811 0.18212361085170403 1.1106854673016648 0.039510859463916859 0.022445612587034702
leaf_count=159 42 57 9 154 47 35 9 106 162 3311 62 1562 173 42
internal_value=-2.35782e-09 0.00561255 0.000151234 -0.00355824 0.00312622 -0.000219812 -0.00362859 0.000898307 -0.00414833 -0.0042818 -0.00155546 -0.00262839 0.00162971 -0.00545657
internal_weight=4.01037 1.332 0.711918 2.67837 0.495132 0.195774 0.216786 0.252105 2.42626 2.32009 1.39853 1.17689 0.221634 0.921557
internal_count=5930 199 157 5731 91 44 66 265 5466 5304 1951 1716 235 3353
is_linear=0
shrinkage=0.025


Tree=299
num_leaves=15
num_cat=0
split_feature=0 13 3 8 3 2 3 35 0 3 2 12 3 3
split_gain=0.177455 0.0587715 0.0178012 0.0109734 0.0451121 0.00760317 0.00522321 0.00456912 0.00454717 0.00852191 0.0037372 0.00273348 0.00239011 0.00818766
threshold=5.6533000000000007 16.500000000000004 219141.50000000003 5.9006000000000007 288563.50000000006 1974.5000000000002 250687.50000000003 1.0000000180025095e-35 4.2657000000000007 214022.50000000003 2017.5000000000002 22.500000000000004 185988.00000000003 175011.00000000003
decision_type=10 8 8 10 8 8 8 2 10 10 10 10 10 10
left_child=2 6 8 4 -3 -4 -2 -7 9 12 -10 -11 13 -1
right_child=1 3 5 -5 -6 7 -8 -9 10 11 -12 -13 -14 -15
leaf_value=-0.001478204531888181 0.0005566607145801913 0.0037288805115245089 0.00027414599178537084 0.0076886494200206785 -0.0031563138952024599 -0.0047456783308990145 -0.0026244498326723591 6.4840083864733974e-05 -0.00058384269132917966 -0.00047232449767801418 0.0019004910119336399 0.0016592175133076166 -0.002227858095712278 0.0015694309461058251
leaf_weight=0.085570276962244729 0.046657277096528227 0.25871364487102255 0.10220568829390653 0.79187084129080176 0.15261461958289146 1.7481115135014986 0.084828331775497645 0.10124710062518727 0.027605582501564641 0.042299143198761158 0.050886150114820339 0.11146389253553934 0.25986589524109149 0.12287637021654518
leaf_count=125 15 35 8 67 35 4740 47 156 132 64 101 11 312 82
internal_value=-1.09053e-09 0.00538325 -0.00344133 0.00673232 0.000747933 -0.00429199 -0.0020013 -0.00455199 5.87311e-05 -0.000799817 0.00129555 0.00117169 -0.00180426 0.0001304
internal_weight=3.98682 1.33468 2.65213 1.2032 0.411328 1.95156 0.131486 1.84936 0.700567 0.622076 0.0784917 0.153763 0.468313 0.208447
internal_count=5930 199 5731 137 70 4904 62 4896 827 594 233 75 519 207
is_linear=0
shrinkage=0.025


Tree=300
num_leaves=15
num_cat=0
split_feature=11 13 9 3 3 3 2 9 11 3 35 2 12 3
split_gain=0.172653 0.0582807 0.0191819 0.0169416 0.016596 0.0142693 0.00731371 0.00559212 0.00460646 0.0084895 0.00437748 0.00373608 0.00272785 0.00227267
threshold=13.014177272923774 16.500000000000004 5.5102750000000009 219141.50000000003 277577.00000000006 285540.00000000006 1974.5000000000002 4.8560400537634409 9.8221323815693236 214022.50000000003 1.0000000180025095e-35 2017.5000000000002 22.500000000000004 185988.00000000003
decision_type=10 8 10 8 10 10 8 10 10 10 2 10 10 10
left_child=3 7 4 8 -3 -4 -5 -2 9 13 -8 -10 -11 -1
right_child=1 2 5 6 -6 -7 10 -9 11 12 -12 -13 -14 -15
leaf_value=0.00011597554361083591 0.00059388416319704109 0.0084157138536440843 -0.0021202197899822194 0.0002663999544690239 0.0004257335579818991 0.0019020125079569471 -0.0046703953140091103 -0.0026594742653820521 -0.00058453081934621044 -0.0004741762100855917 6.0416475962105773e-05 0.0018977147743528902 0.0016500898915134149 -0.0022243667048032173
leaf_weight=0.20779137096542477 0.043672661879099572 0.69139281084062532 0.074260920169763267 0.10226429555041217 0.30319606466218829 0.133700254955329 1.7460362234960483 0.087798700842540711 0.027633520221570507 0.042336743150372058 0.1014485261111987 0.051102993820677511 0.11127066173503408 0.26023696046468103
leaf_count=207 8 46 38 8 35 19 4739 54 132 64 156 101 11 312
internal_value=-4.7086e-10 0.0053104 0.00665943 -0.00339566 0.00741461 -0.000100464 -0.00422574 -0.00200902 4.13442e-05 -0.000816281 -0.00448063 0.00129226 0.00116109 -0.0018141
internal_weight=3.98414 1.33402 1.20255 2.65012 0.994589 0.207961 1.94975 0.131471 0.700372 0.621636 1.84748 0.0787365 0.153607 0.468028
internal_count=5930 200 138 5730 81 57 4903 62 827 594 4895 233 75 519
is_linear=0
shrinkage=0.025


Tree=301
num_leaves=15
num_cat=0
split_feature=0 13 9 3 3 3 2 9 0 3 35 2 12 3
split_gain=0.168937 0.0572229 0.0190019 0.0170931 0.016835 0.0142006 0.00704769 0.00571711 0.00461007 0.00852117 0.00436085 0.00374852 0.00273234 0.00222228
threshold=5.6533000000000007 16.500000000000004 5.5102750000000009 277577.00000000006 219141.50000000003 285540.00000000006 1974.5000000000002 4.8560400537634409 4.2657000000000007 214022.50000000003 1.0000000180025095e-35 2017.5000000000002 22.500000000000004 185988.00000000003
decision_type=10 8 10 10 8 10 8 10 10 10 2 10 10 10
left_child=4 7 3 -3 8 -4 -6 -2 9 13 -8 -10 -11 -1
right_child=1 2 5 -5 6 -7 10 -9 11 12 -12 -13 -14 -15
leaf_value=0.00011092134300817615 0.00060868981234301516 0.0083586969470812629 -0.0021185988476093605 0.0003965856318463158 0.00025641485619206549 0.0018942983902752943 -0.0046293863450936361 -0.0026554477173112608 -0.0005844943353376542 -0.00047362073203894098 6.3420192171129486e-05 0.0019038356471209742 0.0016543202697729702 -0.0022175640713502512
leaf_weight=0.20752347288362294 0.044181721576023514 0.68919049808755517 0.074258657696191221 0.30273066961672157 0.10183868207968738 0.13347666850313544 1.7416417139793336 0.087880639941431582 0.027642841036140453 0.042331142649345566 0.10157408646773558 0.051353828443097882 0.11177572188171325 0.26030145616823575
leaf_count=207 8 45 38 35 8 19 4740 54 132 64 156 101 11 312
internal_value=-5.63591e-10 0.00525538 0.00659526 0.00734772 -0.00336098 -0.000106629 -0.00418998 -0.00199037 5.03595e-05 -0.000810944 -0.00443943 0.00129839 0.00116589 -0.00181279
internal_weight=3.9777 1.33172 1.19966 0.991921 2.64598 0.207735 1.94505 0.132062 0.700928 0.621932 1.84322 0.0789967 0.154107 0.467825
internal_count=5930 199 137 80 5731 57 4904 62 827 594 4896 233 75 519
is_linear=0
shrinkage=0.025


Tree=302
num_leaves=15
num_cat=0
split_feature=0 13 3 8 3 2 3 0 3 35 2 12 3 3
split_gain=0.169056 0.0575285 0.0168342 0.0128714 0.0441452 0.00707439 0.00528831 0.00459923 0.00863385 0.00429525 0.00374649 0.00275682 0.00212214 0.00802317
threshold=5.6533000000000007 16.500000000000004 219141.50000000003 5.9006000000000007 288563.50000000006 1974.5000000000002 250687.50000000003 4.2657000000000007 214022.50000000003 1.0000000180025095e-35 2017.5000000000002 22.500000000000004 185988.00000000003 175011.00000000003
decision_type=10 8 8 10 8 8 8 10 10 2 10 10 10 10
left_child=2 6 7 4 -3 -4 -2 8 12 -7 -9 -10 13 -1
right_child=1 3 5 -5 -6 9 -8 10 11 -11 -12 -13 -14 -15
leaf_value=-0.0014795312745457942 0.000562248108343257 0.0036382501940410215 0.00025620422242171034 0.0075888644892342944 -0.0031660928820101582 -0.0046381763109442841 -0.0026308401992920071 -0.00058537229002999743 -0.00047486494798806595 5.7964967995649717e-05 0.0019000258182887812 0.0016642352130282314 -0.0022158598926603234 0.0015365750491096164
leaf_weight=0.085708904371131989 0.046953616081736649 0.25660854356829077 0.10210540718981032 0.79268523736391217 0.15310843382030725 1.7345547491204341 0.085096935799811035 0.027675903496856336 0.042358953862276394 0.10178513132268574 0.051549388786952477 0.11251623880525585 0.26046576703811297 0.1221001678641187
leaf_count=125 15 35 8 67 35 4740 47 132 64 156 101 11 312 82
internal_value=1.70147e-09 0.0052515 -0.0033672 0.00659528 0.000653328 -0.00419852 -0.00200174 4.56669e-05 -0.000812405 -0.00444921 0.00129389 0.00117459 -0.00182198 9.75741e-05
internal_weight=3.97527 1.33445 2.64082 1.2024 0.409717 1.93845 0.132051 0.702375 0.62315 1.83634 0.0792253 0.154875 0.468275 0.207809
internal_count=5930 199 5731 137 70 4904 62 827 594 4896 233 75 519 207
is_linear=0
shrinkage=0.025


Tree=303
num_leaves=15
num_cat=0
split_feature=11 32 13 9 2 7 8 3 4 7 2 8 2 8
split_gain=0.16526 0.102146 0.0744308 0.0253372 0.0383468 0.0143654 0.0144974 0.00871021 0.00789591 0.00751941 0.0126506 0.00644178 0.00572504 0.00479734
threshold=12.582556829267018 1.0000000180025095e-35 16.500000000000004 5.623612500000001 1998.5000000000002 6.5000000000000009 4.304050000000001 224928.00000000003 46.500000000000007 5.5000000000000009 1989.5000000000002 4.0059000000000013 1995.5000000000002 6.315100000000001
decision_type=10 2 8 10 10 2 8 8 10 2 8 10 10 10
left_child=5 2 7 4 -4 9 11 -2 -5 10 -1 -7 -11 -8
right_child=1 -3 3 8 -6 6 13 -9 -10 12 -12 -13 -14 -15
leaf_value=0.00087798487106595228 0.00087911062257517458 -0.0037268431753852251 -0.00071178525415438573 0.0014211972050593761 0.009813944526790748 -0.0012283308617145382 -0.0060148128530554713 -0.0028488774538281574 -0.0016098958429177565 -0.00088025651627565878 -0.0025102830956443851 0.0015041559975711479 0.0019078191851828186 0.00016797007847936323
leaf_weight=0.43185960926348399 0.043254394375253136 0.068173918552929424 0.098978064852417225 0.068254302255809418 0.98353638598928228 0.078419252160529029 0.68444087697207578 0.10934094396361616 0.090295169735327363 0.034455430635716655 1.0260681664658478 0.10175578012422193 0.12335708899627207 0.02652354197925888
leaf_count=74 19 42 58 12 166 216 2526 102 41 50 2375 51 160 38
internal_value=-6.24324e-09 0.00496494 0.00676946 0.00823137 0.00897188 -0.0034854 -0.00509038 -0.00194625 -0.000204619 -0.000992559 -0.00155776 0.000281786 0.00106457 -0.00582079
internal_weight=3.96871 1.46183 1.39366 1.24106 1.08251 2.50688 0.891139 0.152595 0.158549 1.61574 1.45793 0.180175 0.157813 0.710964
internal_count=5930 440 398 277 224 5490 2831 121 53 2659 2449 267 210 2564
is_linear=0
shrinkage=0.025


Tree=304
num_leaves=15
num_cat=0
split_feature=0 9 7 7 6 5 3 2 3 31 7 2 8 2
split_gain=0.186584 0.0462303 0.0188972 0.0207069 0.00890846 0.00887323 0.0201519 0.0170828 0.0143158 0.0129917 0.0126076 0.00611508 0.00546448 0.00530583
threshold=5.6533000000000007 5.1166625000000012 11.500000000000002 6.5000000000000009 71.500000000000014 77.500000000000014 245183.50000000003 2016.5000000000002 280360.00000000006 1.0000000180025095e-35 3.5000000000000004 2018.5000000000002 6.315100000000001 1968.5000000000002
decision_type=10 8 2 2 10 8 10 10 10 2 2 10 10 8
left_child=4 -2 3 -3 5 9 13 8 10 12 -8 -6 -1 -7
right_child=1 2 -4 -5 11 6 7 -9 -10 -11 -12 -13 -14 -15
leaf_value=-0.0063446063876240648 0.0074842412736137289 -0.0016547900194970313 -0.0025433898146468969 0.0033501415436811054 -0.0011561066904592781 0.00027846001312121328 -0.00072888977118911174 -0.0017362867040615693 -0.0010523635747264114 0.00058070390947543649 0.00430358805481393 0.001532632246814521 0.00023065027871538104 -0.0030955147696527588
leaf_weight=0.49783636980282731 0.78313514060573619 0.097926597693003825 0.16320658120093867 0.28070382215082645 0.065714941476471611 0.15761611584457536 0.077874906244687625 0.10680224274256034 0.09277609913260676 0.022054427448892966 0.32179584014374996 0.092642803210765123 0.011507086572237313 1.1903609050787054
leaf_count=2774 64 68 52 15 185 14 51 285 153 31 74 159 20 1985
internal_value=-1.13174e-08 0.00553152 -0.000314421 0.00179432 -0.00353609 -0.00382428 -0.0015699 0.00114497 0.00251454 -0.00566565 0.00350283 0.00038204 -0.00614166 -0.00275043
internal_weight=3.96195 1.32497 0.541837 0.37863 2.63698 2.47862 1.94723 0.599249 0.492447 0.531398 0.399671 0.158358 0.509343 1.34798
internal_count=5930 199 135 83 5731 5387 2562 563 278 2825 125 344 2794 1999
is_linear=0
shrinkage=0.025


Tree=305
num_leaves=15
num_cat=0
split_feature=11 32 30 13 12 9 7 8 3 7 12 9 8 12
split_gain=0.161357 0.101434 0.104197 0.0656108 0.0283018 0.0307735 0.0143468 0.0143827 0.00746586 0.00736184 0.012232 0.00692445 0.00640215 0.00571255
threshold=12.582556829267018 1.0000000180025095e-35 1.0000000180025095e-35 16.500000000000004 30.500000000000004 5.5102750000000009 6.5000000000000009 4.304050000000001 224928.00000000003 5.5000000000000009 36.500000000000007 5.6968333333333341 4.0059000000000013 30.500000000000004
decision_type=10 2 2 8 8 8 2 8 8 2 10 10 10 8
left_child=6 2 3 8 5 -5 9 12 -2 10 -1 -6 -8 -11
right_child=1 -3 -4 4 11 -7 7 -9 -10 13 -12 -13 -14 -15
leaf_value=-0.0024730615392624289 0.00093100731652974781 -0.0037311056001034393 -0.0031150544940274473 0.011070531729877328 -0.0015641459215461999 -0.00020487218888781754 -0.0012237513428457116 -0.0057857703743153426 -0.0023445924267298155 0.0019017997409388138 0.00086091928523512472 0.0013035054968066552 0.001500762107513047 -0.00088118735827914362
leaf_weight=1.0221162215639203 0.040759811818133707 0.0681258734257425 0.074826503347139695 0.94194402378343478 0.063130186172202341 0.12522060470655572 0.0778856198194261 0.70409538225067081 0.088362830705591477 0.12296783554484125 0.43227448393736256 0.058384292060509324 0.10207143708248623 0.03449233860737877
leaf_count=2375 17 42 52 146 43 52 216 2564 82 160 74 6 51 50
internal_value=2.31031e-09 0.00490431 0.0067096 0.00837075 0.00958777 0.0102884 -0.00345212 -0.00505539 -0.00140181 -0.000973894 -0.0015351 -0.000252588 0.00028381 0.00105756
internal_weight=3.95666 1.46075 1.39263 1.3178 1.18868 1.06716 2.4959 0.884052 0.129123 1.61185 1.45439 0.121514 0.179957 0.15746
internal_count=5930 440 398 346 247 198 5490 2831 99 2659 2449 49 267 210
is_linear=0
shrinkage=0.025


Tree=306
num_leaves=15
num_cat=0
split_feature=11 32 30 13 13 12 7 8 7 3 12 1 9 3
split_gain=0.163648 0.101194 0.103529 0.0637425 0.0276707 0.0410424 0.00912723 0.01254 0.00930155 0.0214395 0.0103514 0.0102944 0.00767111 0.0072042
threshold=12.582556829267018 1.0000000180025095e-35 1.0000000180025095e-35 16.500000000000004 25.500000000000004 27.500000000000004 6.5000000000000009 4.304050000000001 3.5000000000000004 245183.50000000003 8.5000000000000018 2.5000000000000004 5.6968333333333341 224928.00000000003
decision_type=10 2 2 8 8 8 2 8 2 10 8 8 10 8
left_child=6 2 3 13 5 -5 8 -8 10 -10 -1 -11 -6 -2
right_child=1 -3 -4 4 12 -7 7 -9 9 11 -12 -13 -14 -15
leaf_value=0.00066858813964031799 0.00092203747009209796 -0.0037129322767686366 -0.0030927742592081341 0.011121538344023225 -0.001651354538026622 -0.00056383686091519857 0.00024459764413720624 -0.0055627025656316996 -0.0018508783127464384 -0.00079569134216294886 -0.0028399740391688443 0.003597623151112945 0.001371390874050661 -0.0022871565872018547
leaf_weight=0.2954625777128973 0.040207967540481726 0.067651405552169197 0.074077654775464796 0.96534655278082904 0.057899798353901244 0.10503084733500156 0.17515896968689038 0.69627483057774953 0.27614412466937199 0.044381445310136769 0.76377460069852543 0.21238134196755709 0.057373640243895352 0.087877499870955944
leaf_count=516 17 42 52 146 39 58 267 2564 421 275 1358 89 4 82
internal_value=3.31821e-09 0.00493702 0.00673704 0.00838846 0.00957963 0.0102564 -0.00350004 -0.00488846 -0.00114741 0.000762407 -0.00201188 0.00280935 -0.000266208 -0.00135543
internal_weight=3.91904 1.45547 1.38781 1.31374 1.18565 1.07038 2.46358 0.871434 1.59214 0.532907 1.05924 0.256763 0.115273 0.128085
internal_count=5930 440 398 346 247 204 5490 2831 2659 785 1874 364 43 99
is_linear=0
shrinkage=0.025


Tree=307
num_leaves=15
num_cat=0
split_feature=0 9 3 20 5 3 2 31 7 2 7 35 2 3
split_gain=0.153548 0.0477669 0.0430532 0.0214083 0.0302281 0.0198114 0.0181972 0.0158577 0.0151805 0.0116602 0.00837236 0.00917496 0.00696469 0.00690955
threshold=5.7040500000000014 4.9581829545454559 253420.50000000003 1.0000000180025095e-35 77.500000000000014 245183.50000000003 2016.5000000000002 1.0000000180025095e-35 3.5000000000000004 2018.5000000000002 2.5000000000000004 1.0000000180025095e-35 1985.5000000000002 175011.00000000003
decision_type=10 10 10 2 8 10 10 2 2 10 2 2 10 10
left_child=3 -2 -3 9 7 10 8 -5 -7 -1 13 -12 -10 -6
right_child=1 2 -4 4 5 6 -8 -9 12 -11 11 -13 -14 -15
leaf_value=-0.0013356069720844392 0.0075493409225816308 -0.0036647104188268437 0.0027577124920293837 -0.0069942680863992641 -0.0014527291762044265 -0.0010286422114551218 -0.0016870033037046741 0.00061717157461011862 -0.00040264878293928504 0.0024151396978276452 -0.0038633343004991997 0.0006503427927337693 0.0042008280153704213 0.0010661112827100934
leaf_weight=0.095928754402849203 0.57660623395349808 0.18988576490664855 0.44781940092798322 0.49502466675039647 0.21560809828952165 0.095891438977559917 0.10598108666454209 0.022558808384928852 0.051867055197362788 0.15538695543364156 0.52532047991553554 0.034505810268456116 0.36059653534175595 0.54890388336934848
leaf_count=300 35 58 76 2654 674 111 285 31 4 211 1011 54 165 261
internal_value=-1.16383e-08 0.00520903 -0.000224654 -0.00311106 -0.00372113 -0.001033 0.00142413 -0.00647444 0.00276117 0.00106024 -0.00229514 -0.00334655 0.00374672 -6.49729e-05
internal_weight=3.92188 1.21431 0.637705 2.70757 2.45626 1.93867 0.614336 0.517583 0.508355 0.251316 1.32434 0.559826 0.412464 0.764512
internal_count=5930 169 134 5761 5250 2565 565 2685 280 511 2000 1065 169 935
is_linear=0
shrinkage=0.025


Tree=308
num_leaves=15
num_cat=0
split_feature=6 9 8 2 13 5 2 1 3 3 7 9 13 9
split_gain=0.142433 0.0505195 0.0514866 0.0471114 0.0314778 0.0264019 0.0204979 0.0131062 0.00939112 0.0179897 0.0152875 0.008476 0.00735457 0.00699499
threshold=79.500000000000014 4.26853888888889 5.7625500000000009 2016.5000000000002 16.500000000000004 68.500000000000014 2018.5000000000002 3.5000000000000004 245183.50000000003 226587.00000000003 3.5000000000000004 4.3026277777777784 18.500000000000004 4.9968687500000017
decision_type=8 10 10 8 10 10 8 8 10 8 2 8 10 10
left_child=4 2 6 5 11 12 7 -2 9 -9 -10 -1 -3 -5
right_child=1 3 -4 13 -6 -7 -8 8 10 -11 -12 -13 -14 -15
leaf_value=0.001176679933827863 -0.0019032924785574367 -0.0013949949868700164 0.0044203459846227887 -0.00097221547740095862 0.0071885815735938177 -0.0084036816810457975 -0.0035497855977474793 0.001517968566092517 -0.0010710929753239696 -0.0026322243581007876 0.0036803747853715965 -0.0021252026977422061 0.0014222172223284273 0.0019934872191633207
leaf_weight=0.045141734619392082 0.13604968367508341 0.24611008067949991 0.22461322107119475 0.072094221912266332 0.58912937604327453 0.43740351829910651 0.64780768104901665 0.53212005735986168 0.093599328407435678 0.15772849842323922 0.35175240578973899 0.066822435124777257 0.087302895197353791 0.22600146746844985
leaf_count=39 651 476 64 290 367 1214 2005 106 55 63 60 120 109 311
internal_value=-7.40628e-10 -0.00246551 0.000153812 -0.00525383 0.00610558 -0.00692981 -0.00168879 0.000404924 0.00144339 -0.000427074 0.00263161 -0.000932959 -0.000143944 0.00107982
internal_weight=3.91368 3.21258 2.14367 1.06891 0.701094 0.770816 1.91906 1.27125 1.1352 0.689849 0.445352 0.111964 0.333413 0.298096
internal_count=5930 5404 3004 2400 526 1799 2940 935 284 169 115 159 585 601
is_linear=0
shrinkage=0.025


Tree=309
num_leaves=15
num_cat=0
split_feature=11 32 30 13 13 9 7 7 3 12 1 31 9 3
split_gain=0.154451 0.0997621 0.101073 0.0632378 0.0275871 0.0396454 0.00985082 0.00888792 0.0208212 0.0101968 0.0100523 0.00813692 0.00774688 0.00708716
threshold=12.582556829267018 1.0000000180025095e-35 1.0000000180025095e-35 16.500000000000004 25.500000000000004 5.5102750000000009 6.5000000000000009 3.5000000000000004 245183.50000000003 8.5000000000000018 2.5000000000000004 1.0000000180025095e-35 5.6968333333333341 224928.00000000003
decision_type=10 2 2 8 8 8 2 2 10 8 8 2 10 8
left_child=6 2 3 13 5 -5 7 9 -9 -1 -10 -8 -6 -2
right_child=1 -3 -4 4 12 -7 11 8 10 -11 -12 -13 -14 -15
leaf_value=0.0006911103110449038 0.00090538219306089641 -0.0037228157279075706 -0.003069644719256566 0.011044980112434495 -0.001667061264747402 -0.00044821553051519299 -0.0051819791274137807 -0.0018124634211777735 -0.00078499006777875695 -0.0027558348356659362 0.0035628367355973189 0.00030088744397794242 0.0013718617751468578 -0.002292234147560886
leaf_weight=0.2948153687320888 0.039457758713978941 0.067344288458116242 0.07350784889422346 0.93654176361451358 0.057674188195960707 0.12399998618639085 0.79328159145734378 0.27640682592027577 0.044054020290786866 0.76283773175964609 0.21087362698017387 0.070914901778451167 0.057410487323068082 0.087310544317006133
leaf_count=516 17 42 52 158 39 46 2694 421 275 1358 89 137 4 82
internal_value=-2.70171e-09 0.00481024 0.00661901 0.00826158 0.00945598 0.0101358 -0.00340342 -0.00107459 0.000771309 -0.00192609 0.00278468 -0.00481201 -0.000280325 -0.00137674
internal_weight=3.89643 1.44325 1.3759 1.30239 1.17563 1.06054 2.45318 1.58899 0.531334 1.05765 0.254928 0.864196 0.115085 0.126768
internal_count=5930 440 398 346 247 204 5490 2659 785 1874 364 2831 43 99
is_linear=0
shrinkage=0.025


Tree=310
num_leaves=15
num_cat=0
split_feature=0 13 6 5 3 2 3 31 7 2 3 8 3 2
split_gain=0.170047 0.0272687 0.0242686 0.0212798 0.0212872 0.0174069 0.0172712 0.0148436 0.0144753 0.00808235 0.00762803 0.0063051 0.00578494 0.0051177
threshold=5.7040500000000014 16.500000000000004 71.500000000000014 77.500000000000014 245183.50000000003 2016.5000000000002 252979.00000000003 1.0000000180025095e-35 3.5000000000000004 2018.5000000000002 288105.50000000006 6.315100000000001 295900.00000000006 1968.5000000000002
decision_type=10 10 10 8 10 10 8 2 2 10 10 10 8 8
left_child=2 12 3 7 13 8 -3 11 -6 -4 -10 -1 -2 -5
right_child=1 6 9 4 5 -7 -8 -9 10 -11 -12 -13 -14 -15
leaf_value=-0.0069348007117408378 0.00090465880832441253 -0.00024926611543075138 -0.00099551799147791888 0.00030080562195334588 -0.001011280827591946 -0.0016693094587611167 0.0070433953407421966 0.00059727646294227066 0.0041495445890345024 0.002299782453386994 -0.0004453005857468392 0.00024195295107299508 -0.0017953016434152339 -0.0029129509394391559
leaf_weight=0.5403267091351166 0.10427093546604727 0.15292894194135409 0.06688490584201634 0.158576268033357 0.095709543806151376 0.10555751698848326 0.88822562014684092 0.02354479132918641 0.34758714155032067 0.12079090334009379 0.058572848909534514 0.011538924038177356 0.057413980888668448 1.1688788516476052
leaf_count=2798 34 25 186 14 111 285 84 32 93 160 76 20 26 1986
internal_value=2.63578e-09 0.0054987 -0.00327551 -0.00388236 -0.0012956 0.00134806 0.00637489 -0.00623696 0.00267162 0.001276 0.00364147 -0.00672553 -0.00077421 -0.00256475
internal_weight=3.90081 1.20284 2.69797 2.51029 1.93488 0.607427 1.04115 0.57541 0.50187 0.187676 0.40616 0.551866 0.161685 1.32746
internal_count=5930 169 5761 5415 2565 565 109 2850 280 346 169 2818 60 2000
is_linear=0
shrinkage=0.025


Tree=311
num_leaves=15
num_cat=0
split_feature=6 0 9 0 13 0 2 2 0 3 3 7 3 35
split_gain=0.162258 0.0688955 0.0800953 0.0320124 0.0294231 0.0231293 0.0221021 0.0160556 0.0114712 0.00958506 0.0176941 0.0138933 0.00672252 0.00661122
threshold=79.500000000000014 5.9030500000000012 4.1342500000000006 5.0631000000000013 14.500000000000002 4.3512000000000013 2018.5000000000002 2016.5000000000002 5.0585500000000012 245183.50000000003 226587.00000000003 3.5000000000000004 300287.00000000006 1.0000000180025095e-35
decision_type=8 10 10 10 10 10 8 10 8 10 8 2 10 2
left_child=4 2 3 6 -1 -6 8 -3 -2 10 -10 -11 -7 -8
right_child=1 7 -4 -5 5 12 13 -9 9 11 -12 -13 -14 -15
leaf_value=-0.001019862077406548 -0.0017335816926801898 -0.0008244001242178221 -0.0078145954441133179 0.0032705816844356764 -0.00064860932719261032 0.0085197774869655955 -0.0040229183962849791 0.0042480122865367863 0.0014908309966536644 -0.00099096145475853297 -0.0026283781721900901 0.0036107845991052707 0.00014895953475177061 0.00036432441005135151
leaf_weight=0.049558616949070711 0.12538320533713099 0.17448605375830073 0.79360719944088476 0.14302104763555679 0.057001354871317744 0.48489766208513174 0.57566530099938984 0.19206783664412796 0.53160548704909161 0.091010837611975148 0.15735334830242209 0.34685504787194077 0.10014757733006263 0.069657473010011017
leaf_count=92 596 37 2401 81 166 190 1919 15 102 47 63 39 78 104
internal_value=6.68595e-09 -0.00263261 -0.0039525 -0.000374345 0.00653751 0.00738669 -0.001683 0.00299708 0.000476205 0.00142158 -0.000449151 0.00263032 0.00808486 -0.00361575
internal_weight=3.89232 3.20071 2.83416 2.04055 0.691605 0.642047 1.89753 0.366554 1.25221 1.12682 0.688959 0.437866 0.585045 0.645323
internal_count=5930 5404 5352 2951 526 434 2870 52 847 251 165 86 268 2023
is_linear=0
shrinkage=0.025


Tree=312
num_leaves=15
num_cat=0
split_feature=0 32 13 13 9 7 5 31 3 7 3 12 2 12
split_gain=0.144996 0.0981965 0.0697968 0.0257484 0.0595982 0.0104694 0.00985307 0.00829094 0.00822845 0.00800328 0.0209766 0.010316 0.00989702 0.00765584
threshold=5.4644500000000011 1.0000000180025095e-35 16.500000000000004 25.500000000000004 5.5102750000000009 6.5000000000000009 70.500000000000014 1.0000000180025095e-35 224928.00000000003 3.5000000000000004 244713.00000000003 8.5000000000000018 2012.5000000000002 26.500000000000004
decision_type=10 2 8 8 8 2 10 2 8 2 8 8 8 10
left_child=5 2 8 4 13 9 -6 -7 -2 11 -11 -1 -12 -4
right_child=1 -3 3 -5 6 7 -8 -9 -10 10 12 -13 -14 -15
leaf_value=0.00074323253225995001 0.0008503373456488798 -0.0037321434819647921 0.010326533475614887 -0.00044479625959050666 0.0011867862607597211 -0.0051066349974758394 -0.0023745667808289209 0.00031950740197257151 -0.002788609631491675 -0.0019481675281920027 0.0035171715753856826 -0.0026628929233728674 -0.00069104033580472514 0.0003468618813238338
leaf_weight=0.29505722097383169 0.041550346621079037 0.067268782702740171 0.83222283046052292 0.11324976978357892 0.076294920261716581 0.78468412536676613 0.070968736748909578 0.070754422515165061 0.10742280328122433 0.21545646846061561 0.21256236762565095 0.76118964231136499 0.10159781498077791 0.1227241786691593
leaf_count=516 19 42 116 47 18 2693 40 137 103 205 203 1358 377 56
internal_value=-6.42898e-10 0.00467299 0.00649057 0.00792116 0.00858343 -0.00330204 -0.00110328 -0.00472752 -0.00191693 -0.00100226 0.000742427 -0.00181269 0.00266599 0.00987748
internal_weight=3.873 1.4317 1.36443 1.21546 1.10221 2.4413 0.147264 0.855439 0.148973 1.58586 0.529617 1.05625 0.31416 0.954947
internal_count=5930 441 399 277 230 5489 58 2830 122 2659 785 1874 580 172
is_linear=0
shrinkage=0.025


Tree=313
num_leaves=15
num_cat=0
split_feature=0 9 3 6 5 3 2 31 7 7 35 2 3 3
split_gain=0.136293 0.0496002 0.040721 0.0226759 0.0280311 0.0170403 0.0169053 0.0147686 0.014212 0.00981035 0.00928302 0.00819936 0.00738038 0.00678482
threshold=5.7040500000000014 4.9581829545454559 253420.50000000003 71.500000000000014 77.500000000000014 245183.50000000003 2016.5000000000002 1.0000000180025095e-35 3.5000000000000004 2.5000000000000004 1.0000000180025095e-35 2018.5000000000002 288105.50000000006 175011.00000000003
decision_type=10 8 10 10 8 10 8 2 2 2 2 10 10 10
left_child=3 -2 -3 4 7 9 8 -1 -7 13 -11 -5 -10 -6
right_child=1 2 -4 11 5 6 -8 -9 12 10 -12 -13 -14 -15
leaf_value=-0.006619228211238279 0.007327393249926574 -0.0036772841638200975 0.0025838226787906864 -0.00099281004644780394 -0.001346711885902505 -0.0010049504890206919 -0.0016435688390382547 0.00060561919781465219 0.004100041395346754 -0.0037974630646646322 0.00067203357741058034 0.0023368287704867816 -0.00043511767914777394 0.0011503045838644223
leaf_weight=0.54483374301344278 0.56603175285272267 0.18950013187713932 0.44158456817967817 0.066869923888589144 0.21317791545152409 0.095590693847043329 0.10515748668694869 0.023563446768093854 0.34552860869007418 0.51886950047628488 0.03427396627375856 0.12216329365037382 0.05859955980849918 0.55168312499881722
leaf_count=2818 35 58 76 186 674 111 285 32 93 1011 54 160 76 261
internal_value=3.42881e-11 0.00492719 -0.000398098 -0.00294149 -0.00354847 -0.000952138 0.00133262 -0.00612454 0.00263722 -0.00212324 -0.00326614 0.0013146 0.00360089 8.56198e-05
internal_weight=3.87743 1.19712 0.631085 2.68031 2.49128 1.92288 0.604876 0.568397 0.499719 1.318 0.553143 0.189033 0.404128 0.764861
internal_count=5930 169 134 5761 5415 2565 565 2850 280 2000 1065 346 169 935
is_linear=0
shrinkage=0.025


Tree=314
num_leaves=15
num_cat=0
split_feature=6 9 0 0 13 0 2 11 1 3 3 7 9 3
split_gain=0.135376 0.0606212 0.0569252 0.0565694 0.0304119 0.0244813 0.0193325 0.0146911 0.0123098 0.00924303 0.0170038 0.013803 0.00827027 0.00660114
threshold=79.500000000000014 4.26853888888889 5.9030500000000012 5.0631000000000013 16.500000000000004 4.3512000000000013 2018.5000000000002 13.6682613900416 3.5000000000000004 245183.50000000003 226587.00000000003 3.5000000000000004 4.3026277777777784 300287.00000000006
decision_type=8 10 10 10 10 10 8 10 8 10 8 2 8 10
left_child=4 3 -3 6 12 -6 8 -4 -2 10 -10 -11 -1 -7
right_child=1 2 7 -5 5 13 -8 -9 9 11 -12 -13 -14 -15
leaf_value=0.0011604395966839426 -0.0018447461816768823 -0.0073248286561296092 0.0028568583159886041 0.0047585495186618677 -0.00077009197657143221 0.0082095488865502088 -0.0034422919983979785 -0.0013920168291130805 0.0014646635509533619 -0.0009946254295466674 -0.0025749550463536699 0.0035796215026751865 -0.0021037844640135589 0.00010203923509206641
leaf_weight=0.044587936048628762 0.12732105853865583 0.77201753126428208 0.15319540724158287 0.23695007748028718 0.049308989429846406 0.43975339448661543 0.64353471546564844 0.11544140969635919 0.53090205184707884 0.09090771822957322 0.15560597558214795 0.34518676971492823 0.066244394663954154 0.092237085256783757
leaf_count=39 617 2353 18 91 143 163 2033 29 103 50 63 47 120 61
internal_value=3.44595e-10 -0.00241956 -0.00550702 0.000366016 0.00596416 0.00703416 -0.00163829 0.00137297 0.000407666 0.00141187 -0.000434849 0.00259747 -0.000928103 0.00778802
internal_weight=3.86319 3.17106 1.04065 2.13041 0.692132 0.581299 1.89346 0.268637 1.24992 1.1226 0.686508 0.436094 0.110832 0.53199
internal_count=5930 5404 2400 3004 526 367 2913 47 880 263 166 97 159 224
is_linear=0
shrinkage=0.025


Tree=315
num_leaves=15
num_cat=0
split_feature=6 11 2 11 5 5 3 31 2 7 34 3 3 2
split_gain=0.178045 0.0527321 0.0565812 0.0311122 0.0179641 0.0177785 0.0206414 0.01803 0.0167052 0.016584 0.0114256 0.009007 0.00805517 0.00707033
threshold=79.500000000000014 13.249341063562463 2016.5000000000002 10.019045857456293 68.500000000000014 77.500000000000014 245183.50000000003 1.0000000180025095e-35 2016.5000000000002 6.5000000000000009 1.0000000180025095e-35 287820.00000000006 300287.00000000006 1986.5000000000002
decision_type=8 10 10 10 10 8 10 2 10 2 2 10 10 10
left_child=3 5 4 -1 -3 7 -7 10 11 -6 -2 13 -5 -8
right_child=1 2 -4 12 9 6 8 -9 -10 -11 -12 -13 -14 -15
leaf_value=-0.0009603191029927317 -0.0073648631132277589 0.001185702274891994 0.0050316725962282205 0.0081352765697782475 0.00083025051214513906 -0.0027206488913024112 -0.00040395651797618985 0.00070500397352766305 -0.001687922283878788 -0.0048787847154044429 0.00029828400421401055 -0.00072067250129797351 9.0371347123277855e-05 0.0037757893959356639
leaf_weight=0.069747147295856848 0.52090324425080448 0.13115877448581148 0.2651998033397831 0.54611693530750927 0.093702522048261017 1.3287354545973356 0.094777252816129365 0.025933643832104281 0.10612552140082698 0.16595475259236991 0.050340901761956047 0.075813025432580616 0.10579393101943424 0.32617270579430624
leaf_count=205 2578 26 27 228 22 2001 10 33 285 45 107 126 93 144
internal_value=6.32056e-09 -0.00278404 0.00176743 0.00676715 -0.00247278 -0.00413103 -0.00150528 -0.00636414 0.00119955 -0.003795 -0.00692951 0.002532 0.00767476 0.00321271
internal_weight=3.90648 3.18482 0.656016 0.721658 0.390816 2.5288 1.93162 0.597178 0.602889 0.259657 0.571244 0.496763 0.651911 0.42095
internal_count=5930 5404 120 526 93 5284 2566 2718 565 67 2685 280 321 154
is_linear=0
shrinkage=0.025


Tree=316
num_leaves=15
num_cat=0
split_feature=11 9 3 8 3 5 10 7 8 7 3 12 2 8
split_gain=0.166168 0.0817895 0.0312489 0.0140122 0.0256114 0.0148819 0.00747089 0.00735845 0.0117157 0.00840593 0.0199375 0.0101179 0.00966016 0.00719964
threshold=12.582556829267018 4.9581829545454559 253420.50000000003 5.824650000000001 296426.50000000006 69.500000000000014 5.5000000000000009 6.5000000000000009 4.304050000000001 3.5000000000000004 245183.50000000003 8.5000000000000018 2011.5000000000002 4.8139500000000011
decision_type=10 8 10 10 10 10 10 2 8 2 10 8 10 10
left_child=7 -2 6 4 -4 -5 -3 9 -9 11 -11 -1 13 -12
right_child=1 2 3 5 -6 -7 -8 8 -10 10 12 -13 -14 -15
leaf_value=0.00064611218763194547 0.0081288292992970045 -0.0041047453426899779 0.0020946061078658301 0.0042038513136918509 -0.0033529863661631784 -0.00092090113682079071 0.00040601051293220913 0.00022096698798230259 -0.0055107411282808274 -0.0018232299198359106 0.0039748118036525421 -0.0028411460800901542 -0.00077862066582910588 -0.00049880460144317753
leaf_weight=0.29638987512225923 0.67475022842700094 0.16408934902574412 0.1513853395881597 0.21716113552975003 0.080306488656788133 0.078505940356990322 0.081074032641481608 0.17091432680535934 0.68454254755852162 0.27502909290342348 0.17334494273382006 0.7636689096070769 0.046263433079730021 0.031172811766737141
leaf_count=516 104 114 57 41 62 44 18 267 2564 421 31 1358 187 146
internal_value=-1.10287e-09 0.00498 -0.000804701 0.00190722 -0.000982839 0.00318258 -0.00348497 -0.00354149 -0.00486368 -0.00122321 0.000662047 -0.00202578 0.0026662 0.00344492
internal_weight=3.8886 1.44727 0.772522 0.527359 0.231692 0.295667 0.245163 2.44133 0.855457 1.58587 0.52581 1.06006 0.250781 0.204518
internal_count=5930 440 336 204 119 85 132 5490 2831 2659 785 1874 364 177
is_linear=0
shrinkage=0.025


Tree=317
num_leaves=15
num_cat=0
split_feature=11 32 30 7 2 13 7 7 3 1 12 31 12 2
split_gain=0.14926 0.0992401 0.0995431 0.0572511 0.0316137 0.0129488 0.00996297 0.00792165 0.0198115 0.00975732 0.00934528 0.00764549 0.00704841 0.00651548
threshold=12.582556829267018 1.0000000180025095e-35 1.0000000180025095e-35 4.5000000000000009 1996.5000000000002 16.500000000000004 6.5000000000000009 3.5000000000000004 245183.50000000003 2.5000000000000004 8.5000000000000018 1.0000000180025095e-35 7.5000000000000009 1971.5000000000002
decision_type=10 2 2 2 10 10 2 2 10 8 8 2 10 10
left_child=6 2 3 -2 -5 -6 7 10 13 -10 12 -8 -1 -9
right_child=1 -3 -4 4 5 -7 11 8 9 -11 -12 -13 -14 -15
leaf_value=-0.00096724791702021667 -0.0012603736951388017 -0.0037475883662782465 -0.0030600805379248849 -0.00045080625347169203 0.00019299737688510901 0.010482996031998731 -0.0051360808667246655 0.00068533939829535739 -0.00078407569869639996 0.0034706477968407066 -0.0026440994024586537 0.00027805847256571049 0.0018841134132997828 -0.0025306965899069473
leaf_weight=0.21796269508195165 0.12335243738198176 0.067349984863540047 0.073573629866586887 0.10723720869282249 0.11914776753110323 0.95821378787513822 0.78068639736738976 0.080649207200622075 0.043882231893803691 0.20710853159835096 0.75502222026625543 0.071024978446075693 0.078292323429195676 0.1935265131178312
leaf_count=477 127 42 52 50 47 122 2694 189 275 89 1358 137 39 232
internal_value=3.79974e-09 0.00471389 0.0065268 0.00815829 0.00926705 0.00998571 -0.00336733 -0.00104632 0.000715413 0.00269464 -0.00184612 -0.00477825 0.000658476 -0.00178927
internal_weight=3.87703 1.44887 1.38152 1.30795 1.1846 1.07736 2.42816 1.57644 0.525166 0.250991 1.05128 0.851711 0.296255 0.274176
internal_count=5930 440 398 346 219 169 5490 2659 785 364 1874 2831 516 421
is_linear=0
shrinkage=0.025


Tree=318
num_leaves=15
num_cat=0
split_feature=6 11 12 28 5 5 4 5 11 12 12 11 7 8
split_gain=0.159632 0.0471891 0.0718577 0.0373567 0.0321845 0.0291348 0.0291194 0.0266441 0.0233046 0.019116 0.0084342 0.0114165 0.00546115 0.00538118
threshold=80.500000000000014 13.178534762936307 9.5000000000000018 1.0000000180025095e-35 67.500000000000014 68.500000000000014 57.500000000000007 77.500000000000014 11.687454184458785 5.5000000000000009 41.500000000000007 12.896613280504036 5.5000000000000009 6.315100000000001
decision_type=8 10 10 2 10 8 8 8 10 10 10 8 2 10
left_child=4 7 -3 5 -1 -4 8 13 -6 -9 11 -11 -13 -2
right_child=1 2 3 -5 6 -7 -8 9 -10 10 -12 12 -14 -15
leaf_value=-0.0012326035355601556 -0.0068240099163968575 0.0053140345982382658 0.0011212486629713907 0.0019873826530315808 -0.00041575231647166699 -0.0063255482016152942 -0.0009653724924014274 -0.00318632743940238 0.0086560383380207325 -0.001256246286093563 -0.0011245619945617284 6.6651735104531374e-05 0.003149956725555412 0.00022759798861238917
leaf_weight=0.033055510495614726 0.51665836971005896 0.29205424012616266 0.096763742971234024 0.10816370602697134 0.099907830342999659 0.20850265532499179 0.038856839324580505 0.55926273356453737 0.60182680880825501 0.089511119858798116 0.39861205071792938 0.55477735507884063 0.3147930479462957 0.0050413507560733697
leaf_count=67 2687 29 22 8 265 76 64 1821 136 445 46 171 83 10
internal_value=8.64433e-10 -0.00268619 0.00155596 -0.00298023 0.00627631 -0.00491447 0.00712706 -0.00400901 0.00787913 -0.00125633 0.000552934 0.00146828 0.00227067 -0.00665108
internal_weight=3.91779 3.14414 0.705484 0.41343 0.773647 0.305266 0.740591 2.43866 0.701735 1.91696 1.35769 0.959082 0.86957 0.5217
internal_count=5930 5398 135 106 532 98 465 5263 401 2566 745 699 254 2697
is_linear=0
shrinkage=0.025


Tree=319
num_leaves=15
num_cat=0
split_feature=0 9 3 7 7 3 7 8 9 10 2 7 8 2
split_gain=0.156142 0.104186 0.0255982 0.0133735 0.0148848 0.0137128 0.0126358 0.0102839 0.00760948 0.00708689 0.00680187 0.00913391 0.00556548 0.0054599
threshold=5.4644500000000011 4.9581829545454559 253420.50000000003 14.500000000000002 6.5000000000000009 260472.00000000003 6.5000000000000009 4.304050000000001 5.0708615384615401 5.5000000000000009 1968.5000000000002 5.5000000000000009 4.0059000000000013 1995.5000000000002
decision_type=10 8 10 2 2 10 2 8 10 10 8 2 10 10
left_child=6 -2 9 4 -4 -5 10 12 -7 -3 -1 -12 -8 -13
right_child=1 2 3 5 -6 8 7 -9 -10 -11 11 13 -14 -15
leaf_value=0.0010047761098589019 0.0083570445839103447 -0.0041905444810065801 -0.0010682915777372277 0.0014907134518003838 0.0037746757354381565 0.00065123072097730296 -0.0012041757211063082 -0.0055857191715391521 -0.0033038289494664386 0.00036532290050598094 -0.0021243734604662603 -0.00088110819723473052 0.0013321563072470702 0.0018193448546841803
leaf_weight=0.13624703226378243 0.69951530740945567 0.16453951128642086 0.067317502180230804 0.064743044262286276 0.24447497209621361 0.037103988477610983 0.076404058952903031 0.685174773370818 0.11712432141939644 0.080096168967429549 1.2877614404169433 0.034771030594129226 0.0928412663488416 0.11952984467643546
leaf_count=12 104 114 70 11 31 14 216 2563 79 18 2437 50 51 160
internal_value=-1.38001e-09 0.00478666 -0.00132722 0.00139088 0.00271177 -0.00117162 -0.00345107 -0.00498984 -0.00261248 -0.00360384 -0.00100582 -0.00152944 0.000136546 0.000974673
internal_weight=3.90764 1.47491 0.7754 0.530764 0.311792 0.218971 2.43273 0.85442 0.154228 0.244636 1.57831 1.44206 0.169245 0.154301
internal_count=5930 441 337 205 101 104 5489 2830 93 132 2659 2647 267 210
is_linear=0
shrinkage=0.025


Tree=320
num_leaves=15
num_cat=0
split_feature=11 9 3 7 7 3 3 9 3 10 35 3 3 6
split_gain=0.153871 0.103136 0.0254054 0.0133258 0.0148405 0.0137024 0.0122465 0.00759545 0.00747486 0.00702147 0.00355452 0.00228108 0.00531708 0.00305263
threshold=12.582556829267018 4.9581829545454559 253420.50000000003 14.500000000000002 6.5000000000000009 260472.00000000003 185988.00000000003 5.0708615384615401 175011.00000000003 5.5000000000000009 1.0000000180025095e-35 226587.00000000003 213073.50000000003 71.500000000000014
decision_type=10 8 10 2 2 10 8 10 10 10 2 8 10 10
left_child=6 -2 9 4 -4 -5 8 -7 -1 -3 11 12 13 -8
right_child=1 2 3 5 -6 7 10 -9 -10 -11 -12 -13 -14 -15
leaf_value=-0.0012224137782862465 0.0083046547103752411 -0.0041789308602756328 -0.0010677880992752276 0.0014898589797312264 0.0037660745963459599 0.00065019780887816544 -0.0021133901362614029 -0.0033027645361731459 0.001713869940246943 0.00036237062619180749 6.7277300881149246e-05 -0.0045294304524186339 0.00063359235289114056 0.00042201784528473723
leaf_weight=0.097499920535484175 0.69932402824633721 0.16411396223702479 0.067308785204659216 0.064698065427364781 0.24376348135410808 0.037102337926626205 0.25012862959556592 0.11688506002246868 0.13071414209844079 0.080119137332076207 0.10529251894331526 1.4478306562596115 0.37883906943898182 0.018590182095067576
leaf_count=154 104 114 70 11 30 14 399 79 104 18 162 4350 295 26
internal_value=3.39284e-09 0.0047528 -0.00132872 0.00138336 0.00270347 -0.00117195 -0.00342826 -0.00261224 0.0004855 -0.00359527 -0.003859 -0.0040143 -0.000812429 -0.00174361
internal_weight=3.90221 1.47331 0.773991 0.529758 0.311072 0.218685 2.4289 0.153987 0.228214 0.244233 2.20068 2.09539 0.647558 0.268719
internal_count=5930 440 336 204 100 104 5490 93 258 132 5232 5070 720 425
is_linear=0
shrinkage=0.025


Tree=321
num_leaves=15
num_cat=0
split_feature=11 9 3 8 3 5 3 3 10 35 3 3 3 3
split_gain=0.150834 0.100515 0.0250972 0.0195257 0.0289213 0.0148918 0.0118629 0.00748543 0.00686038 0.00350327 0.00208415 0.00526067 0.00174459 0.0020594
threshold=12.582556829267018 4.9581829545454559 253420.50000000003 5.824650000000001 296426.50000000006 69.500000000000014 185988.00000000003 175011.00000000003 5.5000000000000009 1.0000000180025095e-35 226587.00000000003 213073.50000000003 219141.50000000003 224407.50000000003
decision_type=10 8 10 10 10 10 8 10 10 2 8 10 10 10
left_child=6 -2 8 4 -4 -5 7 -1 -3 10 11 -8 -13 -14
right_child=1 2 3 5 -6 -7 9 -9 -10 -11 -12 12 13 -15
leaf_value=-0.0012298861788757008 0.0082167528778894685 -0.0041386438853617908 0.0020210271902737606 0.0041224052655987877 -0.003864147746322052 -0.00094421524616801152 -0.00173756343143399 0.0017059132841184402 0.00035691512820474171 6.7823848455806905e-05 -0.0044783697016790944 0.0011118572640341124 -0.0010060406847684264 0.00057131912878079097
leaf_weight=0.097667375477613727 0.69720748122199405 0.16329655831214052 0.1499495429743547 0.21458300926315133 0.085919911725795828 0.079021320067113265 0.26900492761342398 0.13092069855338195 0.080145593819906935 0.10548712237505231 1.4446731034840921 0.18454968228616053 0.080622179833881091 0.11381028103642166
leaf_count=154 104 114 57 41 62 44 425 104 18 162 4350 121 112 62
internal_value=4.87932e-09 0.00470935 -0.00130455 0.00138355 -0.00151478 0.00308299 -0.00339468 0.000471473 -0.00356185 -0.00381843 -0.00397292 -0.000812346 0.000628174 -0.000377425
internal_weight=3.89686 1.47012 0.772916 0.529474 0.235869 0.293604 2.42674 0.228588 0.243442 2.19815 2.09266 0.647987 0.378982 0.194432
internal_count=5930 440 336 204 119 85 5490 258 132 5232 5070 720 295 174
is_linear=0
shrinkage=0.025


Tree=322
num_leaves=15
num_cat=0
split_feature=11 32 30 2 9 13 3 3 9 5 5 3 3 3
split_gain=0.147661 0.100113 0.100256 0.0433292 0.037698 0.0243162 0.0117778 0.00753843 0.00554972 0.00472722 0.00350003 0.016569 0.0113201 0.00462638
threshold=12.582556829267018 1.0000000180025095e-35 1.0000000180025095e-35 1996.5000000000002 5.5102750000000009 16.500000000000004 185988.00000000003 175011.00000000003 5.6968333333333341 70.500000000000014 1.0000000180025095e-35 245183.50000000003 280360.00000000006 200221.00000000003
decision_type=10 2 2 10 10 10 8 10 10 8 10 10 10 8
left_child=6 2 3 8 5 -5 7 -1 -2 -6 11 -8 -13 -12
right_child=1 -3 -4 4 9 -7 10 -9 -10 -11 13 12 -14 -15
leaf_value=-0.001233579902187342 -0.0017728980984296019 -0.0037956742781609537 -0.0030934875734845279 -5.4729920973831727e-05 0.00092993794952249062 0.010653520524994733 -0.0026911796069791199 0.0017122539394367625 0.0009146941311330098 -0.0014679009421652116 0.00018169470605405557 0.002105251597862201 -0.0013827797773811757 -0.0054501033941353957
leaf_weight=0.097826491342858257 0.083727161603746825 0.067675317040993721 0.074083171610254683 0.13142761323251739 0.081093016720842459 0.92032333456154447 1.1049353302441889 0.13164689143013675 0.049412355176173151 0.061321452143602073 0.030242989465477765 0.4567532411601859 0.10894268411357189 0.49470331021439051
leaf_count=154 69 42 52 62 26 132 1798 104 9 48 80 301 219 2834
internal_value=4.16746e-09 0.0046605 0.00647942 0.00811336 0.00904386 0.00994091 -0.00335967 0.00047452 -0.00084848 -0.000483682 -0.00378349 -0.00154696 0.000979378 -0.00521926
internal_weight=3.89411 1.46906 1.40139 1.3273 1.19417 1.05175 2.42505 0.229473 0.13314 0.142414 2.19558 1.67063 0.565696 0.524946
internal_count=5930 440 398 346 268 194 5490 258 78 74 5232 2318 520 2914
is_linear=0
shrinkage=0.025


Tree=323
num_leaves=15
num_cat=0
split_feature=6 0 9 0 5 4 0 2 2 0 3 2 2 3
split_gain=0.154609 0.0547288 0.0467252 0.0325537 0.0315104 0.0269861 0.0208792 0.0181339 0.0155154 0.00925803 0.0121401 0.0183833 0.0146835 0.00895011
threshold=80.500000000000014 5.9030500000000012 4.1342500000000006 5.0631000000000013 67.500000000000014 57.500000000000007 4.3512000000000013 2016.5000000000002 2018.5000000000002 5.0585500000000012 245183.50000000003 2017.5000000000002 1968.5000000000002 300287.00000000006
decision_type=8 10 10 10 10 8 10 10 8 8 10 10 10 10
left_child=4 2 3 8 -1 6 -6 -3 9 -2 11 12 -11 -8
right_child=1 7 -4 -5 5 -7 13 -9 -10 10 -12 -13 -14 -15
leaf_value=-0.0012222778728935004 -0.00179720469722728 -0.0010942368535688252 -0.0068399435580898671 0.0030321862169266564 -0.00054979813574497396 -0.00090624792889261799 0.0088281135521283485 0.0039637474539237945 -0.0036265594928628826 0.0010805865865947401 0.0024596621129174476 0.0020361722936305246 -0.0033090792907348658 7.471919545537213e-05
leaf_weight=0.032674616275471635 0.12319250877044474 0.16535759059479449 0.7535302606956974 0.13945173182582937 0.052305259538115934 0.037981556044542231 0.54078009015938733 0.18089184246491641 0.62326825407217268 0.13644954352639616 0.42670302763872314 0.089125952901667915 0.45615692179126199 0.094688703800784424
leaf_count=67 595 37 2399 80 155 64 178 15 2021 9 86 15 141 68
internal_value=-7.99686e-09 -0.00266298 -0.00381767 -0.000772825 0.00620015 0.00704894 0.00776491 0.00252968 -0.00202079 5.27606e-05 0.00101324 -0.000816336 -0.00225448 0.00836701
internal_weight=3.85256 3.09413 2.74788 1.99435 0.75843 0.725756 0.687774 0.346249 1.8549 1.23163 1.10844 0.681732 0.592606 0.635469
internal_count=5930 5398 5346 2947 532 465 401 52 2867 846 251 165 150 246
is_linear=0
shrinkage=0.025


Tree=324
num_leaves=15
num_cat=0
split_feature=6 0 9 0 5 4 0 2 2 1 3 2 2 3
split_gain=0.150956 0.055313 0.0458157 0.0323349 0.0313677 0.0268661 0.0206624 0.0180044 0.0149084 0.00963219 0.0121193 0.0181974 0.014724 0.00893007
threshold=80.500000000000014 5.9030500000000012 4.1342500000000006 5.0631000000000013 67.500000000000014 57.500000000000007 4.3512000000000013 2016.5000000000002 2018.5000000000002 3.5000000000000004 245183.50000000003 2017.5000000000002 1968.5000000000002 300287.00000000006
decision_type=8 10 10 10 10 8 10 10 8 8 10 10 10 10
left_child=4 2 3 8 -1 6 -6 -3 9 -2 11 12 -11 -8
right_child=1 7 -4 -5 5 -7 13 -9 -10 10 -12 -13 -14 -15
leaf_value=-0.0012291910410224954 -0.0018500603005576694 -0.0010753154644642501 -0.006798246743992137 0.003018101757808095 -0.00054919097881563842 -0.00091091362535993155 0.0087628719683215655 0.0039837333202013157 -0.003594220051927713 0.0010856885272541529 0.0024611754082819841 0.0020253593259910714 -0.0033037601780543237 7.0545113005032818e-05
leaf_weight=0.032704801735235378 0.12196871895867012 0.1660776576027273 0.75037582371442102 0.13913695303199336 0.052364525501616299 0.038043012638809159 0.53860057877318468 0.18204979097936302 0.62187937897397216 0.13683465169742703 0.42701450091408333 0.088896328335977159 0.45506215502973646 0.094762997046927921
leaf_count=67 587 37 2399 80 155 64 178 15 2021 9 93 15 142 68
internal_value=1.30706e-09 -0.00263294 -0.00380147 -0.000776536 0.00612982 0.00698252 0.00770103 0.00256287 -0.00202005 3.09006e-05 0.00101746 -0.000813617 -0.00224445 0.00830176
internal_weight=3.84577 3.0893 2.74117 1.99079 0.756476 0.723771 0.685728 0.348127 1.85166 1.22978 1.10781 0.680793 0.591897 0.633364
internal_count=5930 5398 5346 2947 532 465 401 52 2867 846 259 166 151 246
is_linear=0
shrinkage=0.025


Tree=325
num_leaves=15
num_cat=0
split_feature=6 0 9 0 5 4 0 2 2 1 3 2 2 7
split_gain=0.147213 0.0564034 0.0437253 0.0325135 0.0310595 0.0268611 0.0204225 0.0176239 0.0137929 0.00919079 0.0123945 0.0184329 0.0146243 0.0134412
threshold=80.500000000000014 5.9030500000000012 4.1342500000000006 5.0631000000000013 67.500000000000014 57.500000000000007 4.3512000000000013 2016.5000000000002 2018.5000000000002 3.5000000000000004 245183.50000000003 2017.5000000000002 1968.5000000000002 3.5000000000000004
decision_type=8 10 10 10 10 8 10 10 8 8 10 10 10 2
left_child=4 2 3 8 -1 6 -6 -3 9 -2 11 12 -11 -12
right_child=1 7 -4 -5 5 -7 -8 -9 -10 10 13 -13 -14 -15
leaf_value=-0.0012304090593860213 -0.0018455467003461467 -0.0010361453202518437 -0.0067269596753641199 0.0030100378552878971 -0.00054802634304662611 -0.00092042426789114946 0.008234243257921851 0.0040054881488983691 -0.003561283708259021 0.0010631661787069856 -0.0010173671904249743 0.0020143411637608007 -0.003340893591655578 0.0034279334288345067
leaf_weight=0.032714949760702439 0.12190382027984092 0.16761432867497195 0.74728369471631584 0.13880156661980425 0.052413938057725318 0.038091251844889484 0.6307825402909657 0.18330805737059563 0.62056729480173101 0.13662727596238256 0.091886636058916338 0.088684128917520866 0.45277607238676865 0.33480951516685309
leaf_count=67 587 37 2399 80 155 64 246 15 2021 9 49 15 142 44
internal_value=-4.35045e-10 -0.00260154 -0.00379158 -0.000804193 0.00605778 0.00691112 0.00763518 0.00261296 -0.00204731 -2.6004e-05 0.000956214 -0.000865369 -0.00229341 0.00242854
internal_weight=3.83827 3.08426 2.73334 1.98606 0.754003 0.721288 0.683196 0.350922 1.84725 1.22669 1.10478 0.678087 0.589403 0.426696
internal_count=5930 5398 5346 2947 532 465 401 52 2867 846 259 166 151 93
is_linear=0
shrinkage=0.025


Tree=326
num_leaves=15
num_cat=0
split_feature=11 9 3 8 3 5 7 8 7 3 2 8 2 2
split_gain=0.145028 0.0947576 0.0255859 0.019213 0.0287884 0.0141787 0.00903703 0.00884311 0.00834657 0.0185496 0.00937698 0.00778866 0.00745389 0.00825153
threshold=12.582556829267018 4.9581829545454559 253420.50000000003 5.824650000000001 296426.50000000006 69.500000000000014 6.5000000000000009 4.304050000000001 3.5000000000000004 244713.00000000003 2012.5000000000002 4.7686500000000009 2017.5000000000002 2018.5000000000002
decision_type=10 8 10 10 10 10 2 8 2 8 8 10 8 8
left_child=6 -2 -3 4 -4 -5 8 -8 12 -10 11 -11 -1 -14
right_child=1 2 3 5 -6 -7 7 -9 9 10 -12 -13 13 -15
leaf_value=-0.0027224852126927599 0.0080527365609405054 -0.003541933032289551 0.0020340000500190651 0.0041081675663880452 -0.0038303662759520598 -0.00089903501494722365 0.00012398824225533079 -0.0052684378568949664 -0.0018089532733922124 0.0039572883806419405 -0.00068500325274904923 -0.00054481503952182888 0.0018421556323768625 -0.0010984305690422739
leaf_weight=0.58003549785280539 0.68214327952591669 0.24071268820262059 0.14903639255499002 0.21338816850038711 0.0851599128509406 0.077928144397446886 0.16359667274082301 0.67047338390329969 0.21227842204098113 0.17369313847302692 0.10099409521717462 0.032265348752844147 0.07720713465823803 0.37372101577057038
leaf_count=664 104 132 57 41 62 44 267 2564 205 39 377 164 39 1171
internal_value=8.52041e-09 0.00463477 -0.00124459 0.0014397 -0.00147417 0.00310978 -0.00335304 -0.00471984 -0.00105524 0.00074716 0.00254643 0.00338507 -0.00188392 0.000327684
internal_weight=3.83263 1.44837 0.766225 0.525513 0.234196 0.291316 2.38426 0.83407 1.55019 0.519231 0.306953 0.205958 1.03096 0.450928
internal_count=5930 440 336 204 119 85 5490 2831 2659 785 580 203 1874 1210
is_linear=0
shrinkage=0.025


Tree=327
num_leaves=15
num_cat=0
split_feature=1 30 9 28 31 9 11 2 4 4 7 2 7 10
split_gain=0.147339 0.0752439 0.0382708 0.027672 0.031294 0.022077 0.0181353 0.0199228 0.0158344 0.0136171 0.0115564 0.00835531 0.00780076 0.00729887
threshold=3.5000000000000004 1.0000000180025095e-35 5.1166625000000012 1.0000000180025095e-35 1.0000000180025095e-35 5.2796613636363654 12.798312548796973 1984.5000000000002 56.500000000000007 52.500000000000007 34.500000000000007 1963.5000000000002 4.5000000000000009 2.5000000000000004
decision_type=10 2 8 2 2 10 8 10 8 8 2 10 2 8
left_child=3 2 8 4 10 -4 -5 12 -2 -7 11 -1 -8 -9
right_child=1 -3 5 6 -6 9 7 13 -10 -11 -12 -13 -14 -15
leaf_value=-0.00015524577726898131 0.0090809210235846885 -0.0027777664339059681 -0.0026661710145874291 -0.0027325066092583157 0.00086249250087018471 0.0033666353062634276 0.00065138096635023064 0.0032841932934126968 -0.00025475705375867968 -0.0011097218639644286 0.00024066241306735115 -0.0068414668058081572 -0.0025464686040332124 -0.00016079297306635006
leaf_weight=0.17607507428328995 0.60132880417222589 0.062439645873382577 0.10393023329379514 0.13640753271465644 0.26226071546261676 0.16243703669897513 0.26001995091792196 0.53829006932210177 0.064808707047632197 0.074339358914585318 0.10668565969535848 0.72536430741092772 0.18164043826982379 0.39351151150185615
leaf_count=832 234 82 76 542 456 31 38 38 101 61 360 2942 52 85
internal_value=-3.70764e-09 0.00536276 0.00700019 -0.00293554 -0.00468272 -0.000165572 -0.000185477 0.00111218 0.00856488 0.0022003 -0.00583642 -0.00630396 -0.00151787 0.00249921
internal_weight=3.84954 1.06928 1.00684 2.78026 1.27039 0.340707 1.50987 1.37346 0.666138 0.236776 1.00813 0.901439 0.44166 0.931802
internal_count=5930 585 503 5345 4590 168 755 213 335 92 4134 3774 90 123
is_linear=0
shrinkage=0.025


Tree=328
num_leaves=15
num_cat=0
split_feature=11 9 5 6 2 1 7 8 2 7 2 2 5 8
split_gain=0.151595 0.085682 0.0197641 0.0208819 0.0183378 0.0115409 0.00841352 0.00835071 0.00746345 0.0087796 0.00622445 0.0105778 0.0053928 0.00508571
threshold=12.582556829267018 4.9581829545454559 74.500000000000014 70.500000000000014 2022.5000000000002 5.5000000000000009 6.5000000000000009 4.304050000000001 1968.5000000000002 5.5000000000000009 2017.5000000000002 2018.5000000000002 68.500000000000014 4.0059000000000013
decision_type=10 8 8 8 10 10 2 8 8 2 8 8 10 10
left_child=6 -2 3 -3 5 12 8 13 -1 10 -10 -12 -5 -8
right_child=1 2 -4 4 -6 -7 7 -9 9 -11 11 -13 -14 -15
leaf_value=0.0010206200878024509 0.0079708002909191517 0.001519267640787572 0.0018484853508783892 2.5554827143748862e-05 0.001105969951126349 0.00058816060429165036 -0.0011707735539098359 -0.0052983934667957611 -0.0029839478788206697 0.00090030601479628304 0.0018680549969802528 -0.0013706701684549963 -0.0055676402446614565 0.0012553644675499824
leaf_weight=0.13856130710337367 0.68168840103317019 0.059411795431515202 0.18613694881787524 0.10734890394087426 0.03936042555142194 0.039049371873261407 0.074909098912030347 0.67009064327794476 0.69761518581435633 0.14852548878479876 0.094760797786875739 0.48549277080019237 0.32800216303439811 0.088346710486803204
leaf_count=12 104 8 64 54 8 10 216 2564 904 210 49 1484 192 51
internal_value=-3.89967e-10 0.0047528 -0.00102473 -0.0025397 -0.00370264 -0.00458112 -0.00341393 -0.00476778 -0.00111526 -0.00165786 -0.0022199 5.66539e-06 -0.00513153 9.2668e-05
internal_weight=3.8393 1.441 0.75931 0.573173 0.513761 0.4744 2.3983 0.833346 1.56496 1.42639 1.27787 0.580254 0.435351 0.163256
internal_count=5930 440 336 272 264 256 5490 2831 2659 2647 2437 1533 246 267
is_linear=0
shrinkage=0.025


Tree=329
num_leaves=15
num_cat=0
split_feature=1 32 9 4 28 31 7 0 2 5 7 10 7 35
split_gain=0.164328 0.077304 0.0450775 0.0366667 0.0234868 0.0301681 0.016477 0.0161739 0.0183174 0.0118841 0.0111518 0.00893379 0.00773642 0.00765474
threshold=3.5000000000000004 1.0000000180025095e-35 5.4337500000000007 57.500000000000007 1.0000000180025095e-35 1.0000000180025095e-35 7.5000000000000009 5.5582500000000001 1984.5000000000002 76.500000000000014 34.500000000000007 2.5000000000000004 4.5000000000000009 1.0000000180025095e-35
decision_type=10 2 10 8 2 2 2 8 10 10 2 8 2 2
left_child=4 2 3 6 5 10 -2 -6 12 -8 13 -10 -9 -1
right_child=1 -3 -4 -5 7 -7 9 8 11 -11 -12 -13 -14 -15
leaf_value=-0.0067140919343495189 -0.00032177623599342491 -0.002877654497394687 -0.0010999040464098693 -0.001036797676396068 -0.0027428433558541725 0.00079954011192889427 0.0099157415992941599 0.00063626291208384493 0.003167937866370811 6.3552809257842559e-05 0.00021947981366103884 -0.00035739019584028314 -0.0025649315672296967 1.0898489023321347e-05
leaf_weight=0.79298217375253466 0.04641607674420789 0.038474615568702464 0.12852137595473323 0.041304055353975855 0.13680328166083189 0.26355978442006756 0.74785264150341391 0.26013453758787364 0.5312930098734796 0.093586858420167118 0.10664707261457806 0.37650607427349314 0.17920771363424137 0.10897856252267957
leaf_count=3608 84 36 65 114 542 456 268 38 38 18 360 85 52 166
internal_value=-2.86685e-09 0.00560778 0.00716494 0.00828569 -0.00312951 -0.00474129 0.00903885 -0.000395255 0.000910163 0.00944954 -0.00586639 0.00228488 -0.00154432 -0.00632303
internal_weight=3.85227 1.09616 1.05768 0.92916 2.75611 1.27217 0.887856 1.48394 1.34714 0.841439 1.00861 0.907799 0.439342 0.901961
internal_count=5930 585 549 484 5345 4590 370 755 213 286 4134 123 90 3774
is_linear=0
shrinkage=0.025


Tree=330
num_leaves=15
num_cat=0
split_feature=6 0 9 5 0 4 0 2 2 1 3 2 7 2
split_gain=0.162281 0.0545136 0.0443694 0.032442 0.0309598 0.0275208 0.0221376 0.0197456 0.0181397 0.011282 0.00754823 0.0144869 0.0134221 0.0121774
threshold=80.500000000000014 5.9030500000000012 4.1342500000000006 67.500000000000014 5.0631000000000013 57.500000000000007 5.0760000000000014 2018.5000000000002 2016.5000000000002 3.5000000000000004 245183.50000000003 2017.5000000000002 3.5000000000000004 1968.5000000000002
decision_type=8 10 10 10 10 8 10 8 10 8 10 10 2 10
left_child=3 2 4 -1 7 6 -5 9 -3 -2 11 13 -12 -11
right_child=1 8 -4 5 -6 -7 -8 -9 -10 10 12 -13 -14 -15
leaf_value=-0.0012410831791844752 -0.0018895177835650389 -0.0011116020378011337 -0.0068622150042961256 -0.0003850667724549058 0.0028961463665525019 -0.00091261013704454607 0.0085980910959344171 -0.0038628275848536344 0.0039171845277762079 0.0010700213397110828 -0.0010532212465631796 0.0019679963490615497 0.0033273243442903805 -0.0028127659128107316
leaf_weight=0.032774624065496027 0.12274514172531859 0.16673958476167161 0.74754428251981142 0.099379401683108881 0.13639383247937065 0.038059864004026167 0.61290465969068464 0.62541672934094106 0.18003737844992429 0.1370584627147764 0.091735317786515225 0.088089350392692722 0.3296005177180632 0.44773543755582068
leaf_count=67 587 37 2399 265 80 64 136 2021 15 9 49 15 44 142
internal_value=-2.15656e-09 -0.00275355 -0.00390223 0.0062898 -0.000855695 0.00713987 0.00785183 -0.00205465 0.00246921 0.000197846 0.00122244 -0.000426873 0.00230359 -0.00180179
internal_weight=3.85621 3.0731 2.72632 0.783119 1.97877 0.750344 0.712284 1.84238 0.346777 1.21696 1.09422 0.672883 0.421336 0.584794
internal_count=5930 5398 5346 532 2947 465 401 2867 52 846 259 166 93 151
is_linear=0
shrinkage=0.025


Tree=331
num_leaves=15
num_cat=0
split_feature=6 12 0 28 12 0 12 8 10 13 8 31 12 12
split_gain=0.160176 0.0453344 0.0634944 0.0577095 0.0314561 0.0258334 0.0239245 0.0137682 0.0127867 0.0121125 0.0119635 0.00852558 0.00623961 0.00449735
threshold=80.500000000000014 8.5000000000000018 5.0631000000000013 1.0000000180025095e-35 9.5000000000000018 4.3512000000000013 7.5000000000000009 4.0799500000000011 1.0000000180025095e-35 16.500000000000004 5.9313000000000011 1.0000000180025095e-35 22.500000000000004 39.500000000000007
decision_type=8 8 10 2 10 10 10 10 10 10 10 2 10 10
left_child=5 2 6 4 -3 -1 -2 12 -9 10 -7 -6 -5 -14
right_child=1 3 -4 7 11 9 -8 8 -10 -11 -12 -13 13 -15
leaf_value=-0.00086174369026628585 -0.0040460428849583866 0.00014626290549541349 0.004991302493381782 -0.0025718665349255261 -0.0084008538041181555 0.0017878357286228745 0.0015148017047516204 0.0028463431920010204 -0.00099386443803512934 0.0076355526997096065 -0.0019680238849425504 0.00021744340195900243 0.001334547542820793 -0.00084301430296158464
leaf_weight=0.070023271764512174 0.41745396523401801 0.30222093002885242 0.28100764469854767 0.20568835588346701 0.65568966488353908 0.095020184431632515 0.1076554496139579 0.37396251576137729 0.25147777023084927 0.58605009234452154 0.0278190262906719 0.023319492407608777 0.1568294547178084 0.27356145158410072
leaf_count=208 1326 1146 128 148 2192 79 118 61 180 227 18 36 35 28
internal_value=2.04753e-09 -0.00274724 0.00129377 -0.00415077 -0.00681204 0.00625282 -0.00266027 1.60571e-05 0.00164077 0.00704862 -5.7939e-05 -0.00815165 -0.0016079 0.000328731
internal_weight=3.82778 3.04887 0.806117 2.24275 0.98123 0.778913 0.525109 1.26152 0.62544 0.708889 0.122839 0.679009 0.636079 0.430391
internal_count=5930 5398 1572 3826 3374 532 1444 452 241 324 97 2228 211 63
is_linear=0
shrinkage=0.025


Tree=332
num_leaves=15
num_cat=0
split_feature=11 9 4 6 3 2 2 31 8 6 8 7 3 6
split_gain=0.163491 0.0947922 0.0339029 0.044955 0.0270518 0.0247806 0.00746538 0.0073575 0.00436527 0.00222105 0.00199034 0.00123694 0.00595118 0.0010801
threshold=12.582556829267018 4.3460312500000011 49.500000000000007 75.500000000000014 256930.50000000003 2022.5000000000002 1968.5000000000002 1.0000000180025095e-35 6.1307000000000009 74.500000000000014 5.2454500000000008 42.500000000000007 328514.50000000006 70.500000000000014
decision_type=10 8 10 10 8 10 8 2 10 10 8 2 10 8
left_child=6 -2 4 5 -3 11 -1 8 9 13 -9 12 -4 -8
right_child=1 2 3 -5 -6 -7 7 10 -10 -11 -12 -13 -14 -15
leaf_value=0.00027535533026094199 0.008896492096722974 -0.0018622468262230137 -0.0064654448906405612 0.002297756875547135 0.0040236138705878055 0.0011404465628504846 2.8799062027584834e-05 0.00083176102293656181 0.00015876932626560138 2.5820920249010204e-05 -0.00066610300131669581 -0.00010880654129186584 0.00011771517798803555 -0.0044843185129170076
leaf_weight=0.16039408920914944 0.48675482586258989 0.053606596076861135 0.29687860717240255 0.12472643796354532 0.33981632412178442 0.040895589074352756 0.020677670159784611 0.064988188911229261 0.069049989091581554 0.059492367989150696 0.16513214026053902 0.059198747243499383 0.054231105954386294 1.8336175954209468
leaf_count=15 46 29 191 10 90 10 83 114 81 128 341 42 22 4728
internal_value=-6.55901e-10 0.00490659 -0.000597041 -0.00292184 0.00246072 -0.00495379 -0.00357245 -0.00385023 -0.00418406 -0.00434146 8.91926e-05 -0.00593916 -0.00611408 -0.00444153
internal_weight=3.82946 1.45611 0.969353 0.57593 0.393423 0.451204 2.37335 2.21296 1.98284 1.91379 0.23012 0.410308 0.35111 1.8543
internal_count=5930 440 394 275 119 265 5490 5475 5020 4939 455 255 213 4811
is_linear=0
shrinkage=0.025


Tree=333
num_leaves=15
num_cat=0
split_feature=6 12 0 9 5 2 4 5 2 0 9 2 2 3
split_gain=0.157918 0.04368 0.0626229 0.0464076 0.0319617 0.0273647 0.027123 0.0263934 0.0237139 0.0211794 0.0178529 0.0130035 0.00700399 0.00675961
threshold=80.500000000000014 8.5000000000000018 5.0631000000000013 2.3679937500000006 67.500000000000014 1989.5000000000002 57.500000000000007 68.500000000000014 2018.5000000000002 5.0760000000000014 1.6091444444444447 2016.5000000000002 2003.5000000000002 226020.00000000003
decision_type=8 8 10 10 10 10 8 8 10 10 10 10 8 8
left_child=4 2 8 10 -1 -5 9 -7 -2 -6 12 -9 13 -3
right_child=1 3 -4 5 6 7 -8 11 -10 -11 -12 -13 -14 -15
leaf_value=-0.0012383999138107556 0.001504741576233516 0.0014830151322064694 0.0049370771834829786 0.00023848097141775326 -0.00036488428369172658 0.00033431887128606078 -0.00091104696759617158 -0.0091504545664586271 -0.0040377521036011896 0.0084924949430089779 0.0021350511663040519 0.00019425567935037682 -0.0025267665562713711 -0.0011438588989135846
leaf_weight=0.032812466983159538 0.1073305281679503 0.28170461265108337 0.27915965391002828 0.25397528207759013 0.0996348770277109 0.15059761904194602 0.037989483622368425 0.49299860343671753 0.41715306894911919 0.60974389087641612 0.2894908486159693 0.055704077865811996 0.50405172577302437 0.2107509184643277
leaf_count=67 118 42 128 315 265 430 64 1579 1326 136 81 83 1183 113
internal_value=6.34366e-09 -0.00273188 0.00125271 -0.00410716 0.00620432 -0.00653918 0.0070528 -0.0076925 -0.00266049 0.00776276 -0.000232458 -0.00868891 -0.00164514 0.000345645
internal_weight=3.8231 3.04292 0.803643 2.23927 0.780181 0.953276 0.747368 0.6993 0.524484 0.709379 1.286 0.548703 0.996507 0.492456
internal_count=5930 5398 1572 3826 532 2407 465 2092 1444 401 1419 1662 1338 155
is_linear=0
shrinkage=0.025


Tree=334
num_leaves=15
num_cat=0
split_feature=6 0 9 5 0 4 0 2 2 1 34 3 2 7
split_gain=0.155516 0.0532399 0.041911 0.0319493 0.0304809 0.0272053 0.0214187 0.0171324 0.0170783 0.0103233 0.0102513 0.00734231 0.0146365 0.0127661
threshold=80.500000000000014 5.9030500000000012 4.1342500000000006 67.500000000000014 5.0631000000000013 57.500000000000007 5.0760000000000014 2016.5000000000002 2018.5000000000002 3.5000000000000004 1.0000000180025095e-35 245183.50000000003 2017.5000000000002 3.5000000000000004
decision_type=8 10 10 10 10 8 10 10 8 8 2 10 10 2
left_child=3 2 4 -1 8 6 -5 -3 9 -2 -4 12 -11 -13
right_child=1 7 10 5 -6 -7 -8 -9 -10 11 -12 13 -14 -15
leaf_value=-0.0012464628012816064 -0.0018596043792257048 -0.0010651116511463034 -0.0070985746235064156 -0.00037624647665698472 0.0028675077852201498 -0.00091941293500672362 0.0084575445462216781 0.0038515480241567476 -0.0037295137252342063 -0.001838107222625499 0.00028529963118434842 -0.0010420909500707314 0.0019567317175049658 0.0032065485005402191
leaf_weight=0.032925332132435869 0.12189782002678917 0.16519635188160453 0.69149621433462005 0.10007493244484067 0.13524308897103754 0.038228718374739401 0.61049327276123222 0.1775532461469993 0.62169754186834336 0.58245698272367008 0.045837709389161319 0.091898206970654428 0.087922604492632672 0.32434154849761399
leaf_count=67 587 37 2320 265 80 64 136 15 2021 151 79 49 15 44
internal_value=6.87767e-10 -0.00271035 -0.00385093 0.00615408 -0.000860021 0.00700616 0.00772078 0.00245343 -0.00205132 0.000109788 -0.00673954 0.00111604 -0.000466932 0.00219504
internal_weight=3.82726 3.04554 2.70279 0.781722 1.96546 0.748797 0.710568 0.34275 1.83021 1.20852 0.737334 1.08662 0.67038 0.41624
internal_count=5930 5398 5346 532 2947 465 401 52 2867 846 2399 259 166 93
is_linear=0
shrinkage=0.025


Tree=335
num_leaves=15
num_cat=0
split_feature=6 0 9 0 5 4 0 2 3 2 9 34 2 35
split_gain=0.155763 0.0527568 0.0331362 0.0323143 0.0321026 0.027038 0.0206611 0.0173935 0.0136581 0.0118915 0.0118904 0.00968663 0.00554996 0.00357914
threshold=80.500000000000014 5.9030500000000012 4.1342500000000006 5.0631000000000013 67.500000000000014 57.500000000000007 4.3512000000000013 2016.5000000000002 300287.00000000006 1968.5000000000002 4.0078388888888901 1.0000000180025095e-35 1951.0000000000002 1.0000000180025095e-35
decision_type=8 10 10 10 10 8 10 10 10 8 10 2 10 2
left_child=4 2 3 9 -1 6 -6 -3 -8 -2 13 12 -4 -11
right_child=1 7 11 -5 5 -7 8 -9 -10 10 -12 -13 -14 -15
leaf_value=-0.0012519276788470857 0.00097361374800538367 -0.0010902011471460719 0.00015907369458522148 0.0028632504024282339 -0.00054726047558209675 -0.00091298488395889245 0.0088724337452032193 0.0038454559108443186 -8.6932478251761165e-05 -0.0034130945736259265 0.00090609853561918164 0.00028302879638298235 -0.0070411574396069543 0.00014359178685074262
leaf_weight=0.032844340035808273 0.13682074169628422 0.16345506615471084 0.024505238303390686 0.13478175587806607 0.052350089172250591 0.03816728042147588 0.56357158772880211 0.17720076011028141 0.093455311623984016 1.5013980622643428 0.079807215428445599 0.045639818614290562 0.65227510901240748 0.10592930452548888
leaf_count=67 11 37 163 80 155 64 178 15 68 2627 66 79 2157 163
internal_value=-3.21201e-10 -0.00272535 -0.00386273 -0.00102892 0.00615643 0.00701206 0.00772312 0.00243051 0.00831467 -0.0022286 -0.00275397 -0.00648797 -0.00684106 -0.00321352
internal_weight=3.8022 3.02181 2.68116 1.95874 0.780389 0.747544 0.709377 0.340656 0.657027 1.82396 1.68713 0.72242 0.67678 1.60733
internal_count=5930 5398 5346 2947 532 465 401 52 246 2867 2856 2399 2320 2790
is_linear=0
shrinkage=0.025


Tree=336
num_leaves=15
num_cat=0
split_feature=6 12 0 28 2 5 4 5 2 0 8 3 31 5
split_gain=0.152543 0.0466446 0.0583281 0.0358079 0.0340103 0.0317143 0.0265871 0.0235356 0.0227833 0.020191 0.0179429 0.0133383 0.00959045 0.00948204
threshold=80.500000000000014 8.5000000000000018 5.0631000000000013 1.0000000180025095e-35 2016.5000000000002 67.500000000000014 57.500000000000007 68.500000000000014 2018.5000000000002 4.3512000000000013 4.0799500000000011 300287.00000000006 1.0000000180025095e-35 71.500000000000014
decision_type=8 8 10 2 8 10 8 8 10 10 10 10 2 8
left_child=5 2 8 4 7 -1 9 -3 -2 -7 -5 -11 -9 -12
right_child=1 3 -4 10 -6 6 -8 12 -10 11 13 -13 -14 -15
leaf_value=-0.0012479739682916286 0.0015179212556196186 0.0002472724321935207 0.0048875121470665257 -0.0021679649862627634 0.00036129290208950253 -0.00053869009943613899 -0.00090599205717244798 -0.0089382139893955485 -0.0038598934202250731 0.0087962328239612197 -0.0010546418194383876 -8.4037259648736521e-05 0.00023010710216497953 0.0023757949435117848
leaf_weight=0.032779170192952733 0.10742202837354931 0.15036454522851284 0.27610724315309199 0.63806112942256732 0.30147172716169734 0.052245014361687936 0.037987682269886136 0.48479209147990332 0.41252483926291461 0.55985424642858561 0.072688687811023556 0.093258481691009365 0.023294822691241279 0.54272877027688082
leaf_count=67 118 430 128 211 1146 155 64 1762 1326 178 107 68 36 134
internal_value=1.23954e-09 -0.00270182 0.00137288 -0.00413848 -0.00626619 0.00609915 0.00695314 -0.00768878 -0.00248115 0.00765947 -0.000451459 0.00824443 -0.00864401 0.00156858
internal_weight=3.78558 3.00946 0.796054 2.2134 0.959923 0.776125 0.743345 0.658451 0.519947 0.705358 1.25348 0.653113 0.508087 0.615417
internal_count=5930 5398 1572 3826 3374 532 465 2228 1444 401 452 246 1798 241
is_linear=0
shrinkage=0.025


Tree=337
num_leaves=15
num_cat=0
split_feature=6 0 9 9 9 2 2 9 0 3 34 8 3 13
split_gain=0.148583 0.0515929 0.0389056 0.0287123 0.0273453 0.0182396 0.0168545 0.0161943 0.015726 0.0110922 0.00867417 0.00886831 0.0078122 0.00822097
threshold=80.500000000000014 5.9030500000000012 2.3679937500000006 1.7818892857142858 4.9495350000000018 1987.5000000000002 2016.5000000000002 5.2659953125000003 4.8527500000000012 219141.50000000003 1.0000000180025095e-35 4.0173500000000013 253921.00000000003 23.500000000000004
decision_type=8 10 10 10 8 10 10 10 10 8 2 10 8 8
left_child=4 2 3 9 8 -4 -3 12 -1 -2 11 -7 -6 -14
right_child=1 6 5 -5 7 10 -8 -9 -10 -11 -12 -13 13 -15
leaf_value=-0.00029372975772729975 0.00043191242380756685 -0.0010625735703430797 0.00011699470982009567 0.0025946172334548978 0.00070684699717870432 0.00028891971184206625 0.0038110427896047546 0.002003294866946699 0.0079757337057530138 -0.0029922493458706583 0.00018299838815926588 -0.0076700501929172623 -0.0037335550703657921 0.00062413602874967448
leaf_weight=0.083264885957760271 0.5321560099364443 0.16381643182830874 0.21433128313947225 0.27624348177050695 0.058808510424569249 0.017958692580577917 0.17587028630077839 0.098051891371142119 0.43166495212790323 0.91278762855654361 0.049442402883869363 0.67077821500060963 0.071499783211038448 0.032653266578563489
leaf_count=210 406 37 296 108 35 39 15 38 114 1871 110 2516 110 25
internal_value=9.99184e-09 -0.00266421 -0.00379376 -0.000643255 0.00602077 -0.00624157 0.00242195 -0.00032343 0.00732733 -0.00207031 -0.00709294 -0.00741433 -0.00224218 -0.00303942
internal_weight=3.78933 3.01338 2.6737 1.72119 0.775943 0.952511 0.339687 0.261013 0.51493 1.44494 0.738179 0.688737 0.162962 0.104153
internal_count=5930 5398 5346 2385 532 2961 52 208 324 2277 2665 2555 170 135
is_linear=0
shrinkage=0.025


Tree=338
num_leaves=15
num_cat=0
split_feature=0 9 4 6 3 12 31 12 8 12 1 6 7 3
split_gain=0.156434 0.0939201 0.0337888 0.041955 0.0267486 0.0239927 0.00766681 0.00685509 0.00403238 0.0027393 0.00241685 0.00212266 0.00203611 0.00543366
threshold=5.4644500000000011 4.3460312500000011 49.500000000000007 75.500000000000014 256930.50000000003 3.5000000000000004 1.0000000180025095e-35 57.500000000000007 6.1307000000000009 4.5000000000000009 5.5000000000000009 74.500000000000014 42.500000000000007 328514.50000000006
decision_type=10 8 10 10 8 10 2 10 10 10 8 10 2 10
left_child=6 -2 4 5 -3 -4 7 8 11 10 -8 -1 13 -7
right_child=1 2 3 -5 -6 12 9 -9 -10 -11 -12 -13 -14 -15
leaf_value=-0.0043629859278782384 0.0087901134282816259 -0.0018607068018052777 0.0011189918501538834 0.0021761618894960938 0.0039849810448447818 -0.0064039907943179491 0.0005579544400622779 0.00018970471071119244 0.00014392348192513693 0.0010171199912325513 -0.0012756676053342255 2.1359775775312709e-05 -6.4996177123390159e-05 0.00010121022544495586
leaf_weight=1.8352964200203143 0.48166659090202268 0.053208253346383683 0.040235922322608531 0.11985055840341374 0.33712917655066121 0.29366892333200667 0.029689127492019796 0.15835384820820753 0.068975781454355345 0.072473053383873776 0.12732842595141847 0.060784807574236654 0.058627810343750753 0.052852100081508979
leaf_count=4810 46 29 10 10 90 192 37 15 81 105 313 128 42 22
internal_value=-1.43228e-09 0.00481973 -0.000653096 -0.00296818 0.00242295 -0.00490034 -0.00350349 -0.00383366 -0.00411252 0.000184838 -0.000746382 -0.00426359 -0.00586905 -0.00607349
internal_weight=3.79014 1.43724 0.955573 0.565235 0.390337 0.445385 2.3529 2.12341 1.96506 0.229491 0.157018 1.89608 0.405149 0.346521
internal_count=5930 441 395 276 119 266 5489 5034 5019 455 350 4938 256 214
is_linear=0
shrinkage=0.025


Tree=339
num_leaves=15
num_cat=0
split_feature=20 11 9 9 11 8 2 3 3 9 2 8 35 2
split_gain=0.168289 0.0403658 0.0315383 0.029931 0.0298452 0.0150573 0.013603 0.0107119 0.00940609 0.00684437 0.00635645 0.00518345 0.00387989 0.00397293
threshold=1.0000000180025095e-35 13.609673682610634 2.3679937500000006 1.7818892857142858 11.687454184458785 4.4800500000000012 2016.5000000000002 219141.50000000003 297008.50000000006 5.2798613636363649 2021.5000000000002 6.315100000000001 1.0000000180025095e-35 2008.5000000000002
decision_type=2 10 10 10 10 10 10 8 10 10 10 10 2 8
left_child=4 2 3 7 -1 -4 -3 10 -6 -10 -2 -7 13 -9
right_child=1 6 5 -5 8 11 -8 12 9 -11 -12 -13 -14 -15
leaf_value=-0.000728076462542374 0.0013270790605570621 -0.0010262898829056591 0.00036085722443058937 0.0025738600454012651 0.007932197052504945 -0.0066566525727058349 0.0032752090988544952 -0.00018105775153578118 -0.0014381541913703875 0.0014187400413675712 -0.0012211136524539357 0.00021624556691748981 0.00018874465412584187 -0.0039328517228889755
leaf_weight=0.13722929666982997 0.42588058696856079 0.16147191025083873 0.11017911225644628 0.27634870418114577 0.54035176256729756 0.87140619917408912 0.14787412493024021 0.31422651827597303 0.044995785618084483 0.051502702670404688 0.10761055746115744 0.0074524027149891472 0.0992664466612041 0.50079769016156206
leaf_count=363 140 36 125 108 110 2815 13 162 62 3 266 18 156 1553
internal_value=3.51252e-09 -0.00282891 -0.00375605 -0.000773826 0.00641422 -0.00595204 0.00196092 -0.00220328 0.00745781 -1.00831e-05 0.000351967 -0.0065143 -0.00309926 -0.00338308
internal_weight=3.79659 3.02251 2.71317 1.72413 0.77408 0.989038 0.309346 1.44778 0.63685 0.0964985 0.533491 0.878859 0.914291 0.815024
internal_count=5930 5392 5343 2385 538 2958 49 2277 175 65 406 2833 1871 1715
is_linear=0
shrinkage=0.025


Tree=340
num_leaves=15
num_cat=0
split_feature=1 32 30 2 31 28 4 9 0 2 4 3 3 2
split_gain=0.149135 0.0751573 0.0903796 0.0320709 0.0200246 0.0206623 0.0182711 0.0161263 0.015773 0.0104088 0.0132272 0.00617343 0.0181976 0.0135143
threshold=3.5000000000000004 1.0000000180025095e-35 1.0000000180025095e-35 1996.5000000000002 1.0000000180025095e-35 1.0000000180025095e-35 56.500000000000007 5.4337500000000007 5.6618500000000003 1963.5000000000002 49.500000000000007 265460.00000000006 245183.50000000003 2017.5000000000002
decision_type=10 2 2 10 2 2 8 10 10 10 8 8 10 10
left_child=4 2 3 -2 5 9 7 -5 11 -1 -11 12 13 -7
right_child=1 -3 -4 6 -6 8 -8 -9 -10 10 -12 -13 -14 -15
leaf_value=7.5118135236123618e-05 -0.00084423693447908401 -0.0028836308217220961 -0.0027229153708936966 0.01029057981770027 0.0010077574091271783 -0.0027439140622107349 -0.000237669030998268 -8.7354886115543129e-05 0.0019890488874638851 -4.5615925764123004e-05 -0.0067085579586770114 -0.0028107894616844105 0.002231344651089455 0.001184978782293483
leaf_weight=0.17529632925288852 0.043629331834381224 0.037802679762535152 0.060048833984183148 0.77051661902078195 0.26086011029838108 0.59289247277774815 0.071458615431765793 0.081150714860996231 0.10008032841142278 0.22677530566215864 0.57668306354025844 0.35631000044668337 0.25120138784404844 0.1535690439195605
leaf_count=843 76 36 82 254 456 95 111 26 7 590 2701 497 105 51
internal_value=-4.67395e-09 0.00538137 0.00695827 0.00863833 -0.00300797 -0.00360669 0.00929245 0.00978858 -0.000748204 -0.00532908 -0.00589602 -0.00170955 -0.000106096 -0.00171994
internal_weight=3.75827 1.06461 1.0268 0.966755 2.69367 2.43281 0.923126 0.851667 1.45405 0.978755 0.803458 1.35397 0.997663 0.746462
internal_count=5930 585 549 467 5345 4889 391 280 755 4134 3291 748 251 146
is_linear=0
shrinkage=0.025


Tree=341
num_leaves=15
num_cat=0
split_feature=6 0 9 5 0 4 0 2 3 2 9 8 2 2
split_gain=0.140873 0.0482344 0.0323711 0.0310445 0.0306903 0.0261918 0.0194112 0.0168252 0.013143 0.0105931 0.0116391 0.00724894 0.00647553 0.00469637
threshold=80.500000000000014 5.9030500000000012 4.1342500000000006 67.500000000000014 5.0631000000000013 57.500000000000007 4.3512000000000013 2016.5000000000002 300287.00000000006 1968.5000000000002 4.0078388888888901 6.1307000000000009 1959.5000000000002 1985.5000000000002
decision_type=8 10 10 10 10 8 10 10 10 8 10 10 10 10
left_child=3 2 4 -1 9 6 -5 -3 -8 -2 -11 12 -4 -13
right_child=1 7 11 5 -6 -7 8 -9 -10 10 -12 13 -14 -15
leaf_value=-0.0012625323041724555 0.00091534835771608664 -0.0010917135754679431 0.00021280874191150108 -0.00053395413246836007 0.0028336008513205422 -0.00092187411847598232 0.0085831454496642905 0.0037415585800328189 -9.5992020727363062e-05 -0.0030814887394894938 0.00092754223056536645 -0.0011666749186739185 -0.0068859134202486627 0.0012084767385307647
leaf_weight=0.033065605275623966 0.13479886419372733 0.16225040756398801 0.022980193629336898 0.052347988690598868 0.13312073806810065 0.038044363071094267 0.55145949345023837 0.17286513012368232 0.093724818842019886 1.5993179594988758 0.079478724532236922 0.02672478613385465 0.60413642244020593 0.05691886549902847
leaf_count=67 11 37 166 155 80 64 178 15 68 2790 66 18 2172 43
internal_value=-2.9714e-09 -0.00260189 -0.0036932 0.00587359 -0.000936282 0.00673699 0.0074517 0.0023365 0.00803035 -0.00212176 -0.00261629 -0.00628308 -0.00665487 7.32785e-05
internal_weight=3.76123 2.99259 2.65748 0.768642 1.94672 0.735577 0.697532 0.335116 0.645184 1.8136 1.6788 0.71076 0.627117 0.0836437
internal_count=5930 5398 5346 532 2947 465 401 52 246 2867 2856 2399 2338 61
is_linear=0
shrinkage=0.025


Tree=342
num_leaves=15
num_cat=0
split_feature=1 32 9 4 31 7 4 7 3 0 5 0 12 9
split_gain=0.142214 0.074126 0.0394348 0.0338509 0.0200389 0.0231495 0.0294308 0.0169513 0.0221096 0.0206255 0.0137843 0.0106685 0.0102026 0.00952187
threshold=3.5000000000000004 1.0000000180025095e-35 5.4337500000000007 57.500000000000007 1.0000000180025095e-35 9.5000000000000018 44.500000000000007 3.5000000000000004 256930.50000000003 5.6106000000000007 76.500000000000014 5.3970000000000011 8.5000000000000018 3.0419800000000001
decision_type=10 2 8 8 2 2 8 2 8 8 10 10 10 8
left_child=4 2 3 10 5 7 -7 12 13 -10 11 -2 -1 -9
right_child=1 -3 -4 -5 -6 6 -8 8 9 -11 -12 -13 -14 -15
leaf_value=0.00044577088447516624 -0.00012652777809364879 -0.0028880847110208958 -0.0010059704228481249 -0.0010084499655427816 0.0010346372758261071 0.0011658151987881274 -0.0066617245353018002 0.00074677813292327864 -0.0012885812619854789 0.0041978548684024506 -7.8306814273418704e-05 0.0094629100436305191 -0.0032275972184351224 -0.0028186012146130608
leaf_weight=0.3644320196544879 0.048449273785081126 0.037780849525006377 0.12573657633765845 0.040254448234918527 0.26116039934277058 0.04762277266854642 0.62483066927597974 0.24593173166067572 0.085608766701625427 0.34235590264142957 0.089941869620815851 0.71522048228507629 0.60467273329777527 0.11113962254603393
leaf_count=1019 212 36 65 114 456 54 2041 127 493 269 23 135 647 239
internal_value=-9.72541e-09 0.00526604 0.00684861 0.00790126 -0.00293792 -0.00354263 -0.00574177 -0.000920911 0.00113986 0.00296654 0.00863879 0.00912774 -0.00232137 -0.00162219
internal_weight=3.74514 1.05738 1.0196 0.893866 2.68775 2.42659 0.672453 1.75414 0.785036 0.427965 0.853612 0.76367 0.969105 0.357071
internal_count=5930 585 549 484 5345 4889 2095 2794 1128 762 370 347 1666 366
is_linear=0
shrinkage=0.025


Tree=343
num_leaves=15
num_cat=0
split_feature=6 12 1 28 4 0 5 8 12 31 5 12 12 8
split_gain=0.161827 0.0486398 0.0720857 0.0680718 0.025931 0.0256486 0.0251828 0.0173378 0.0120859 0.010149 0.00991783 0.0053513 0.00418659 0.00390713
threshold=80.500000000000014 9.5000000000000018 1.5000000000000002 1.0000000180025095e-35 57.500000000000007 5.0760000000000014 68.500000000000014 4.0799500000000011 7.5000000000000009 1.0000000180025095e-35 71.500000000000014 41.500000000000007 8.5000000000000018 5.9168000000000012
decision_type=8 10 10 2 8 10 8 10 10 2 8 10 10 10
left_child=4 2 8 6 5 -1 13 -5 -2 -8 -9 -12 -10 -3
right_child=1 3 -4 7 -6 -7 9 10 12 -11 11 -13 -14 -15
leaf_value=-0.00054871680351770483 -0.0033747362617033388 -0.00094084772225387463 0.0051329705234160108 -0.0018362897754137216 -0.00096906454677945933 0.0079418403106338437 -0.0091607721321881174 -0.00098885721277200867 0.0015450419268826176 0.00023755837668268037 0.0031886285481207625 -0.00030881517166630985 -0.00076795170678676822 0.0012090090470093873
leaf_weight=0.11633741643163376 0.6918059660674778 0.061324393136601096 0.29985868875519373 0.58078958405531012 0.039660561982600484 0.60298968401912134 0.48079548969690222 0.071104416871094145 0.10978813074689242 0.023478900780901313 0.36651889901258983 0.13892074031173252 0.075278992524545174 0.087423272107116645
leaf_count=314 2395 320 200 157 68 150 1762 104 112 36 86 12 104 110
internal_value=-1.05262e-09 -0.00278666 0.000850653 -0.00461233 0.0063165 0.00704818 -0.00786797 2.02324e-05 -0.00256836 -0.00885616 0.00186892 0.00266075 0.00075009 0.000275221
internal_weight=3.74608 2.98709 1.17673 1.81036 0.758988 0.719327 0.653022 1.15733 0.876873 0.504274 0.576544 0.50544 0.185067 0.148748
internal_count=5930 5398 2811 2587 532 464 2228 359 2611 1798 202 98 216 430
is_linear=0
shrinkage=0.025


Tree=344
num_leaves=15
num_cat=0
split_feature=6 0 9 5 4 9 0 2 2 31 3 3 12 35
split_gain=0.132378 0.0462939 0.0375774 0.0303979 0.0258133 0.0250101 0.0185869 0.0177768 0.0169108 0.0134679 0.0128469 0.0111167 0.0063524 0.0045432
threshold=80.500000000000014 5.9030500000000012 2.3679937500000006 67.500000000000014 57.500000000000007 1.7818892857142858 4.3512000000000013 1987.5000000000002 2016.5000000000002 1.0000000180025095e-35 300287.00000000006 219141.50000000003 4.5000000000000009 1.0000000180025095e-35
decision_type=8 10 10 10 8 10 10 10 10 2 10 8 10 2
left_child=3 2 5 -1 6 11 -5 -4 -3 -9 -8 12 -2 -13
right_child=1 8 7 4 -6 -7 10 9 -10 -11 -12 13 -14 -15
leaf_value=-0.0012689420345689626 -0.0011402443308065771 -0.0011093416646166035 0.0001483693725145429 -0.00052274318818610775 -0.00093137589083357218 0.0024624669519620612 0.0084108807048218909 -0.0073225809854139809 0.0037194311104435857 0.00036043141688503141 -0.00010153503973473019 -0.0031608886721725942 0.0014341012200742933 0.00028394624895482803
leaf_weight=0.033096521787228994 0.10658239998520103 0.1612623285036533 0.21269278067484254 0.052233448979677632 0.038123243793961592 0.27060786134097714 0.54424183642549906 0.6654751739151834 0.17192764859646559 0.057275342143839225 0.093936507328180596 0.80579932955515698 0.42487132915266557 0.098390115686925128
leaf_count=67 266 37 296 155 64 108 178 2573 15 92 68 1715 140 156
internal_value=2.6898e-10 -0.00252825 -0.00360276 0.00570465 0.00657229 -0.000548944 0.00729249 -0.00601132 0.00230325 -0.00685793 0.00786078 -0.00189454 0.000510388 -0.00283378
internal_weight=3.73652 2.97488 2.64169 0.761632 0.728535 1.70625 0.690412 0.935443 0.33319 0.722751 0.638178 1.43564 0.531454 0.904189
internal_count=5930 5398 5346 532 465 2385 401 2961 52 2665 246 2277 406 1871
is_linear=0
shrinkage=0.025


Tree=345
num_leaves=15
num_cat=0
split_feature=11 9 4 6 2 3 31 2 35 7 3 2 4 6
split_gain=0.143228 0.0902965 0.031224 0.0389704 0.0236371 0.0145769 0.00870167 0.0061707 0.00551976 0.00307923 0.00610959 0.00264472 0.00155435 0.00145408
threshold=12.582556829267018 4.3460312500000011 49.500000000000007 75.500000000000014 2022.5000000000002 258620.00000000003 1.0000000180025095e-35 1968.5000000000002 1.0000000180025095e-35 42.500000000000007 328514.50000000006 2021.5000000000002 59.500000000000007 74.500000000000014
decision_type=10 8 10 10 10 8 2 8 2 2 10 8 8 10
left_child=6 -2 5 4 9 -3 7 -1 13 10 -4 -8 -13 -9
right_child=1 2 3 -5 -6 -7 11 8 -10 -11 -12 12 -14 -15
leaf_value=0.00016593382589273915 0.0085553464610975422 -0.001155311093851514 -0.0063417917552794417 0.0020813662784207108 0.0011300112013880937 0.0033851048432489389 0.0010621793196413493 -0.0042983880076628931 0.00018040257500166507 -7.4220712870731991e-06 0.00013792712992056303 0.00042323450805486004 -0.0010841923724859983 -4.4079723699568618e-05
leaf_weight=0.15805308727431233 0.467436954961158 0.07748789418837998 0.28983087952656206 0.11883867252618074 0.040258199878735468 0.30474064561713021 0.073016077221836784 1.7640691894812333 0.10615141480229784 0.058728212694404647 0.052928072793292813 0.026361367199569941 0.13040172682667617 0.072399096796288975
leaf_count=15 46 31 191 10 10 88 105 4718 164 42 22 33 317 138
internal_value=-3.64676e-09 0.00464185 -0.000703312 -0.00290805 -0.00476295 0.00229474 -0.00335932 -0.00372068 -0.00398582 -0.00573853 -0.00598366 0.000283428 -0.000683961 -0.00420534
internal_weight=3.7407 1.41025 0.942813 0.560584 0.441745 0.382229 2.33045 2.10067 1.94262 0.401487 0.342759 0.229779 0.156763 1.83647
internal_count=5930 440 394 275 265 119 5490 5035 5020 255 213 455 350 4856
is_linear=0
shrinkage=0.025


Tree=346
num_leaves=15
num_cat=0
split_feature=1 32 30 7 8 31 0 2 0 2 2 6 6 5
split_gain=0.143329 0.0745378 0.0883077 0.0311275 0.0231797 0.0173151 0.0154135 0.0120499 0.0098404 0.00657808 0.00717273 0.00568152 0.00525482 0.00365563
threshold=3.5000000000000004 1.0000000180025095e-35 1.0000000180025095e-35 7.5000000000000009 6.0657500000000004 1.0000000180025095e-35 6.1352000000000011 1968.5000000000002 5.3970000000000011 2003.5000000000002 1986.5000000000002 74.500000000000014 70.500000000000014 68.500000000000014
decision_type=10 2 2 2 8 2 8 8 10 10 8 10 8 8
left_child=4 2 3 -2 5 7 -6 -1 -5 10 -8 12 -9 -14
right_child=1 -3 -4 8 6 -7 9 11 -10 -11 -12 -13 13 -15
leaf_value=0.00063285216465515522 -0.00065626191870243053 -0.0028978565020022383 -0.0026999877362760116 -0.00010349642990822841 0.0023329263165917809 0.00086307478544573712 -0.0011409629240339515 0.00024614078526500482 0.009564529890510487 -0.0022826242401091288 0.0015232972250377372 0.00020310975590481708 -0.00024109811124170441 -0.0057701017875895662
leaf_weight=0.026540266233496923 0.080507578190008422 0.037672132682928239 0.059036083715909626 0.0462273326520517 0.13281980494502899 0.075240111502352991 0.25028206515708018 0.017755427230440546 0.83375497748056659 0.41154941744025564 0.32737831292615738 0.046919502463424689 0.17069834196809064 1.1888660318400071
leaf_count=4 141 36 82 199 85 130 31 70 127 577 772 99 587 2990
internal_value=2.37345e-09 0.0052767 0.00686411 0.00852931 -0.00297562 -0.00430378 7.641e-06 -0.00481456 0.00927175 -0.00132041 0.000377436 -0.00513525 -0.00532605 -0.0054723
internal_weight=3.70525 1.0572 1.01953 0.96049 2.64805 1.52602 1.12203 1.45078 0.879982 0.98921 0.57766 1.42424 1.37732 1.35956
internal_count=5930 585 549 467 5345 3880 1465 3750 326 1380 803 3746 3647 3577
is_linear=0
shrinkage=0.025


Tree=347
num_leaves=15
num_cat=0
split_feature=6 0 9 5 4 9 0 2 8 3 3 2 8 35
split_gain=0.134463 0.0459925 0.038767 0.0301784 0.0256865 0.0245597 0.0181781 0.0169938 0.0129835 0.01232 0.0115668 0.00628611 0.00565318 0.00499997
threshold=80.500000000000014 5.9030500000000012 2.3679937500000006 67.500000000000014 57.500000000000007 1.7818892857142858 4.3512000000000013 2016.5000000000002 4.4800500000000012 300287.00000000006 219141.50000000003 2021.5000000000002 6.315100000000001 1.0000000180025095e-35
decision_type=8 10 10 10 8 10 10 8 10 10 8 10 10 2
left_child=3 2 5 -1 6 10 -5 -3 -4 -8 11 -2 -10 -12
right_child=1 7 8 4 -6 -7 9 -9 12 -11 13 -13 -14 -15
leaf_value=-0.0012544007182080511 0.0014538739716079417 -0.0011256093267478836 0.00027651241334109103 -0.00050728904398928375 -0.00092356738158948378 0.002456124866637259 0.0084072683583966031 0.0037000507213084837 -0.0067413641713478497 -7.9720537710610618e-05 -0.0031940548857334649 -0.0011152926428074949 0.00023439770300453857 0.00031978358843848666
leaf_weight=0.033046118725906126 0.42504097273922625 0.16032444307347749 0.10418641397700401 0.051972724380902946 0.038041014631744474 0.26650157113181183 0.54602881082973909 0.17126239172648638 0.82219643403368536 0.094822393744834699 0.78698051753235643 0.10597314529513824 0.0074557688785716883 0.098389732796931639
leaf_count=67 140 37 125 155 64 108 178 15 2818 68 1715 266 18 156
internal_value=-1.93046e-09 -0.00256373 -0.0036359 0.00573861 0.00659684 -0.000524597 0.00731142 0.00227372 -0.00607218 0.00786823 -0.00186979 0.000547576 -0.00658483 -0.00284107
internal_weight=3.71222 2.94831 2.61672 0.763911 0.730865 1.68289 0.692824 0.331587 0.933839 0.640851 1.41638 0.531014 0.829652 0.88537
internal_count=5930 5398 5346 532 465 2385 401 52 2961 246 2277 406 2836 1871
is_linear=0
shrinkage=0.025


Tree=348
num_leaves=15
num_cat=0
split_feature=6 0 9 9 9 9 2 2 31 0 3 13 8 3
split_gain=0.131599 0.0456545 0.030446 0.0300403 0.0264155 0.0177265 0.0166525 0.0144098 0.0141851 0.0125135 0.00697068 0.0075747 0.00650155 0.00624421
threshold=80.500000000000014 5.9030500000000012 4.9495350000000018 2.3679937500000006 1.6091444444444447 5.2659953125000003 2016.5000000000002 1987.5000000000002 1.0000000180025095e-35 4.8527500000000012 253921.00000000003 23.500000000000004 6.315100000000001 219141.50000000003
decision_type=8 10 8 10 10 10 10 10 2 10 8 8 10 10
left_child=2 3 9 4 13 10 -3 -5 12 -1 -4 -12 -9 -2
right_child=1 6 5 7 -6 -7 -8 8 -10 -11 11 -13 -14 -15
leaf_value=-0.00020432957740690292 -0.0001394779784550275 -0.0011079555021695055 0.00059787131901092763 7.9071467144944027e-05 0.0023360295218414727 0.0020003803721127789 0.0036804766860396077 -0.0072372109340958979 0.00041885289080698866 0.0076580338991373955 -0.003791761762331855 0.00056429524194682253 0.00025617877506652889 -0.0030497692338663858
leaf_weight=0.083140488815843128 0.79760479792094086 0.1596984474454074 0.055369096313370392 0.20537372442777257 0.32690303142226174 0.097980532300425693 0.17011806857772171 0.64611745802903897 0.057309606927447021 0.41980889450496761 0.072095342067768797 0.030389712788746692 0.0061457185656763605 0.55703377409736277
leaf_count=210 1348 37 35 296 159 38 15 2560 92 114 110 25 13 878
internal_value=-4.49383e-09 -0.00254573 0.00568307 -0.00361937 -0.000708412 -0.000522627 0.00227227 -0.00580558 -0.00655877 0.00708715 -0.00246379 -0.00315985 -0.00705429 -0.00212318
internal_weight=3.68509 2.9263 0.758784 2.59649 1.68154 0.255835 0.329817 0.914947 0.709573 0.502949 0.157854 0.102485 0.652263 1.35464
internal_count=5930 5398 532 5346 2385 208 52 2961 2665 324 170 135 2573 2226
is_linear=0
shrinkage=0.025


Tree=349
num_leaves=15
num_cat=0
split_feature=6 12 1 9 2 9 9 2 0 2 31 9 9 3
split_gain=0.129014 0.055767 0.0628757 0.0483322 0.0316706 0.0306927 0.0175493 0.0146853 0.0127501 0.0116215 0.00918686 0.00809526 0.00805428 0.00692664
threshold=80.500000000000014 9.5000000000000018 1.5000000000000002 2.3679937500000006 1989.5000000000002 4.9495350000000018 5.2659953125000003 2018.5000000000002 4.8527500000000012 1984.5000000000002 1.0000000180025095e-35 4.7950856951871677 1.6091444444444447 253921.00000000003
decision_type=8 10 10 8 10 8 10 10 10 10 2 8 10 8
left_child=5 2 7 12 9 8 13 11 -1 -5 -6 -2 -3 -7
right_child=1 3 -4 4 10 6 -8 -9 -10 -11 -12 -13 -14 -15
leaf_value=-0.00021649107800766787 -0.0012136186646566206 -0.00095321261432900503 0.0051121493295395526 -0.0017284400708681017 -0.0080124560722203836 0.0005936328521492139 0.0019782513266971241 -0.0034853846153245411 0.0076208453786853758 0.0017017932339226404 0.00026082939147742385 0.0017351378436331784 0.001990463669595014 -0.0031594630072998061
leaf_weight=0.083463337505236268 0.12998371254798324 0.2628429642609259 0.29581032101850724 0.2990679246649961 0.73069570724328514 0.055417774070519954 0.097460358258103952 0.41491545176177169 0.41940344322210876 0.18090767774629057 0.023556424537673593 0.32294503741286462 0.26894183122567483 0.10247237650037277
leaf_count=210 372 308 200 68 2066 35 38 1319 114 49 36 920 60 135
internal_value=1.08375e-09 -0.0025185 0.00120952 -0.00452414 -0.00619268 0.00562892 -0.000546172 -0.00214547 0.00704154 -0.00015926 -0.00775268 0.000636041 0.000863062 -0.00246715
internal_weight=3.68788 2.92967 1.16365 1.76601 1.23423 0.758217 0.255351 0.867844 0.502867 0.479976 0.754252 0.452929 0.531785 0.15789
internal_count=5930 5398 2811 2587 2219 532 208 2611 324 117 2102 1292 368 170
is_linear=0
shrinkage=0.025


Tree=350
num_leaves=15
num_cat=0
split_feature=6 0 4 0 9 9 2 8 34 8 31 2 3 3
split_gain=0.148832 0.0458023 0.0250256 0.024915 0.0245258 0.0276408 0.0162797 0.0116153 0.00804841 0.00554565 0.00421612 0.00403618 0.00340908 0.00655112
threshold=80.500000000000014 5.9030500000000012 57.500000000000007 5.0760000000000014 2.3679937500000006 1.7818892857142858 2016.5000000000002 4.4800500000000012 1.0000000180025095e-35 6.315100000000001 1.0000000180025095e-35 1951.0000000000002 219141.50000000003 213073.50000000003
decision_type=8 10 8 10 10 10 10 10 2 10 2 10 8 10
left_child=2 4 3 -1 5 12 -3 -6 9 10 11 -9 13 -2
right_child=1 6 -4 -5 7 -7 -8 8 -10 -11 -12 -13 -14 -15
leaf_value=-0.00055844816645984571 -0.0012688161334046301 -0.0011055566228810407 -0.00097303506376672554 0.0076918125456907974 0.00026010279932916683 0.0023800228814059646 0.0036131647763256039 9.6252698605165334e-05 0.00022363573613955919 0.00023086674002086849 3.7503747609180234e-05 -0.0070582896744105896 -0.0027586172306458337 0.0012853567629062049
leaf_weight=0.11813503038865747 0.37539665785152565 0.16073934064479534 0.039845554652856663 0.59492562866944354 0.10409783897921432 0.26476822037511727 0.16768853040412068 0.023344331828411669 0.048450545498781139 0.0075240341393509871 0.045357291965046898 0.69454613186098868 0.90616669772862235 0.16275094344382524
leaf_count=314 352 37 68 150 125 108 15 170 118 18 90 2440 1871 54
internal_value=1.7794e-09 -0.00268419 0.00606515 0.00679687 -0.00373511 -0.000922372 0.00220997 -0.00575496 -0.00624213 -0.00654533 -0.00670518 -0.00690504 -0.00225379 -0.000162907
internal_weight=3.71374 2.96083 0.752906 0.713061 2.6324 1.70908 0.328428 0.92332 0.819222 0.770772 0.763248 0.71789 1.44431 0.538148
internal_count=5930 5398 532 464 5346 2385 52 2961 2836 2718 2700 2610 2277 406
is_linear=0
shrinkage=0.025


Tree=351
num_leaves=15
num_cat=0
split_feature=1 32 9 4 31 7 4 5 7 0 3 7 2 9
split_gain=0.130486 0.0724034 0.0371997 0.0324462 0.0207144 0.0215973 0.0291944 0.0177917 0.014569 0.0140975 0.0212382 0.0140734 0.00901502 0.00919094
threshold=3.5000000000000004 1.0000000180025095e-35 5.4337500000000007 57.500000000000007 1.0000000180025095e-35 9.5000000000000018 44.500000000000007 76.500000000000014 7.5000000000000009 5.8037500000000009 256930.50000000003 3.5000000000000004 2017.5000000000002 2.3679937500000006
decision_type=10 2 8 8 2 2 8 10 2 8 8 2 10 8
left_child=4 2 3 7 5 9 -7 8 -2 -1 12 -12 13 -11
right_child=1 -3 -4 -5 -6 6 -8 -9 -10 10 11 -13 -14 -15
leaf_value=-0.002810551454231292 -0.00027591263644261401 -0.0028977404994581391 -0.00098021876858681999 -0.00099516886053434934 0.0011136244189832306 0.0011827204140897087 -0.0065282587072642813 -0.00024278513469452496 0.0093839342831289457 0.00055797141607000255 -0.00075982404580552884 0.0037237051094965098 0.00089911163975034858 -0.0031097269479057805
leaf_weight=0.31265211510981417 0.044302812239038425 0.037643225841747951 0.12399679110967565 0.039800010956241749 0.26034885532862961 0.048087987161124945 0.61198454823897919 0.085534219128021505 0.70750994286208879 0.23603860940784205 0.23203325037320621 0.30775361876294482 0.20429131969285663 0.43566872108203825
leaf_count=1545 79 36 65 114 456 54 2041 23 268 18 603 265 255 108
internal_value=5.13501e-09 0.00506581 0.00666366 0.00769077 -0.0028305 -0.00346218 -0.00559244 0.00842055 0.00898214 -0.000897139 0.000513907 0.00255461 -0.00143501 -0.00225809
internal_weight=3.68765 1.03879 1.00114 0.877147 2.64886 2.38851 0.660073 0.837347 0.751813 1.72844 1.41579 0.539787 0.875999 0.671707
internal_count=5930 585 549 484 5345 4889 2095 370 347 2794 1249 868 381 126
is_linear=0
shrinkage=0.025


Tree=352
num_leaves=15
num_cat=0
split_feature=6 12 1 28 5 4 0 8 3 2 5 31 8 2
split_gain=0.120412 0.0456082 0.0646632 0.0506853 0.0300812 0.0251669 0.0174326 0.0156068 0.0133757 0.0131599 0.00856342 0.0079621 0.00756245 0.00649232
threshold=80.500000000000014 9.5000000000000018 1.5000000000000002 1.0000000180025095e-35 67.500000000000014 57.500000000000007 4.3512000000000013 4.0799500000000011 300287.00000000006 2018.5000000000002 71.500000000000014 1.0000000180025095e-35 5.9525000000000015 1985.5000000000002
decision_type=8 10 10 2 10 8 10 10 10 10 8 2 8 10
left_child=4 2 9 11 -1 6 -6 -5 -8 12 -9 -3 -2 -12
right_child=1 3 -4 7 5 -7 8 10 -10 -11 13 -13 -14 -15
leaf_value=-0.0013045653631733013 -0.0012044499713434384 -0.0073208397347758816 0.0050203440681374709 -0.0018189179243841638 -0.00050676384238209683 -0.00094163815340260492 0.0081800871594346816 -0.00092872050913614845 -0.00014248093118740318 -0.0035541492746976526 -0.00045287033291342482 0.00025065003753696794 0.0016157842414682398 0.0030699997754667098
leaf_weight=0.033621367758314591 0.15647970597274319 0.60711188911591274 0.29233476594890817 0.58031571022002026 0.052170506445690989 0.038338349055266008 0.53709023704868741 0.070080402118037455 0.094364325690548867 0.41585272752854507 0.13189822048298083 0.023668500885833055 0.29891254192625638 0.35824873193632811
leaf_count=67 511 2192 200 157 155 64 178 104 68 1319 12 36 781 86
internal_value=3.4358e-09 -0.00242909 0.00099911 -0.00422898 0.00544448 0.00633385 0.00705882 -9.85965e-05 0.00761137 -0.002312 0.00170707 -0.00705725 0.000484983 0.00245427
internal_weight=3.69049 2.9349 1.16358 1.77132 0.755585 0.721963 0.683625 1.14054 0.631455 0.871245 0.560227 0.63078 0.455392 0.490147
internal_count=5930 5398 2811 2587 532 465 401 359 246 2611 202 2228 1292 98
is_linear=0
shrinkage=0.025


Tree=353
num_leaves=15
num_cat=0
split_feature=6 12 1 28 9 9 8 2 0 2 31 9 13 5
split_gain=0.119875 0.0460041 0.0639003 0.0477302 0.0320327 0.0179066 0.0152183 0.0131032 0.013012 0.0086171 0.00787552 0.00769137 0.00639291 0.00675203
threshold=80.500000000000014 9.5000000000000018 1.5000000000000002 1.0000000180025095e-35 4.9495350000000018 5.2659953125000003 4.0799500000000011 2018.5000000000002 4.8527500000000012 1985.5000000000002 1.0000000180025095e-35 4.7950856951871677 23.500000000000004 73.500000000000014
decision_type=8 10 10 2 8 10 10 10 10 10 2 8 8 10
left_child=4 2 7 10 8 12 -5 11 -1 -8 -3 -2 13 -6
right_child=1 3 -4 6 5 -7 9 -9 -10 -11 -12 -13 -14 -15
leaf_value=-0.00023857430472437027 -0.0012460833789104848 -0.0072486980500995994 0.0050055601846147645 -0.0018409648270636401 -0.003742038639396668 0.0019549600221298109 -0.00084010378703293766 -0.0035289051487713942 0.0074873175066444532 0.0024947105768938181 0.00025104952353714911 0.0016021017095292256 0.00055070624688085114 0.00050602617819962825
leaf_weight=0.084283228541607969 0.13064294739524551 0.60460969432824607 0.29179400442808401 0.58041052281623706 0.081791032134788111 0.09736752555181738 0.14513237561914138 0.41504021142827696 0.41558683646144345 0.4122751960385358 0.023690246045589447 0.32560036421637051 0.047020957834320143 0.029731614995398559
leaf_count=210 372 2192 200 157 122 38 29 1319 114 173 36 920 30 18
internal_value=-3.16107e-10 -0.00242674 0.00101128 -0.00423793 0.00543071 -0.000641066 -0.00016292 -0.00228649 0.00689411 0.00164452 -0.0069854 0.000490901 -0.00254667 -0.00317315
internal_weight=3.68498 2.9292 1.16308 1.76612 0.755781 0.255911 1.13782 0.871284 0.49987 0.557408 0.6283 0.456243 0.158544 0.111523
internal_count=5930 5398 2811 2587 532 208 359 2611 324 202 2228 1292 170 140
is_linear=0
shrinkage=0.025


Tree=354
num_leaves=15
num_cat=0
split_feature=1 30 9 31 7 4 9 4 4 7 3 11 2 9
split_gain=0.134101 0.0694432 0.0337794 0.0209044 0.0198801 0.0296227 0.0181718 0.0156283 0.0137268 0.0126297 0.0217055 0.0181838 0.0107115 0.00759407
threshold=3.5000000000000004 1.0000000180025095e-35 5.1166625000000012 1.0000000180025095e-35 9.5000000000000018 44.500000000000007 5.2796613636363654 56.500000000000007 53.500000000000007 3.5000000000000004 256930.50000000003 12.916870440666571 2017.5000000000002 3.0419800000000001
decision_type=10 2 10 2 2 8 10 8 8 2 8 8 8 8
left_child=3 2 7 4 9 -6 -4 -2 -8 12 13 -12 -1 -11
right_child=1 -3 6 -5 5 -7 8 -9 -10 10 11 -13 -14 -15
leaf_value=-0.0030894260563187463 0.0086942615101606082 -0.0026852136758590086 -0.0024262163998963232 0.0011065156878938707 0.0012013420478540684 -0.0065223547178390965 0.0031774358843399235 -0.00030273303399943929 -0.0012354600847458569 0.00057445217970516756 -0.0012146654328885286 0.0039462107846120944 0.000543063482500511 -0.0027546886793594011
leaf_weight=0.60030389510939242 0.59152340782748047 0.058384112715430092 0.099942050110257696 0.26092488862923335 0.048602047780150204 0.60924999603594188 0.17875057703349739 0.059792486579681281 0.045556685698102228 0.2382041623495752 0.083301063401449937 0.32839066409360385 0.36574780184673727 0.10842017012328142
leaf_count=647 234 82 76 456 54 2041 45 101 47 127 493 269 1019 239
internal_value=-1.92269e-09 0.00514234 0.00673288 -0.00287095 -0.00350495 -0.00557129 -0.000162384 0.00818516 0.00200412 -0.000961006 0.000900974 0.00278125 -0.00213745 -0.00173921
internal_weight=3.67709 1.03395 0.975565 2.64314 2.38222 0.657852 0.324249 0.651316 0.224307 1.72437 0.758316 0.411692 0.966052 0.346624
internal_count=5930 585 503 5345 4889 2095 168 335 92 2794 1128 762 1666 366
is_linear=0
shrinkage=0.025


Tree=355
num_leaves=15
num_cat=0
split_feature=6 12 0 28 9 2 9 8 0 9 2 31 3 13
split_gain=0.121626 0.0336311 0.0474108 0.0373134 0.0307652 0.0305885 0.0172165 0.0161213 0.0113431 0.00995307 0.00843005 0.00785945 0.0067839 0.00754508
threshold=80.500000000000014 9.5000000000000018 5.7550500000000007 1.0000000180025095e-35 4.9495350000000018 2018.5000000000002 5.2659953125000003 4.0799500000000011 4.3512000000000013 4.7950856951871677 1985.5000000000002 1.0000000180025095e-35 253921.00000000003 23.500000000000004
decision_type=8 10 10 2 8 10 10 10 10 8 10 2 8 8
left_child=4 2 5 11 8 9 12 -5 -1 -2 -9 -3 -6 -14
right_child=1 3 -4 7 6 -7 -8 10 -10 -11 -12 -13 13 -15
leaf_value=-0.00030016854380970762 -0.0010630902604024132 -0.0067209933388095167 0.0042774383047601066 -0.0019696369477380932 0.00058165930188081667 -0.0040998706965609212 0.0019358564057167214 -0.00082864412265886355 0.0073569556193575115 0.0023812040717151686 0.0024764124899093495 0.00028207836199887598 -0.0037859143507227178 0.00056282127798203574
leaf_weight=0.049288101523416117 0.13429580947922726 0.5888119567534883 0.23084686393849552 0.55947020147868898 0.05480517353862524 0.44767890305593028 0.096043241384904832 0.14412986545357853 0.44540648302063346 0.35247692865596036 0.40918409763253294 0.023767921782564372 0.072079355973983184 0.030441056442214176
leaf_count=138 397 2192 27 157 35 1412 38 29 186 975 173 36 110 25
internal_value=-3.49092e-09 -0.0024611 0.00062081 -0.00400664 0.00547766 -0.00202674 -0.000593223 -0.000250828 0.00690364 0.00135506 0.00163627 -0.00644285 -0.0024758 -0.00315536
internal_weight=3.63873 2.89066 1.1653 1.72536 0.748063 0.934452 0.253369 1.11278 0.494695 0.486773 0.553314 0.61258 0.157326 0.10252
internal_count=5930 5398 2811 2587 532 2784 208 359 324 1372 202 2228 170 135
is_linear=0
shrinkage=0.025


Tree=356
num_leaves=15
num_cat=0
split_feature=6 0 2 2 4 0 5 31 3 2 2 34 2 8
split_gain=0.141459 0.0345548 0.0432886 0.0334535 0.0242825 0.022906 0.0199306 0.0159778 0.00956589 0.0109344 0.00942735 0.00903926 0.00701081 0.00638877
threshold=80.500000000000014 5.7550500000000007 2016.5000000000002 2008.5000000000002 57.500000000000007 5.0760000000000014 77.500000000000014 1.0000000180025095e-35 245183.50000000003 2016.5000000000002 1999.5000000000002 1.0000000180025095e-35 1986.5000000000002 6.315100000000001
decision_type=8 10 10 10 8 10 8 2 10 10 10 2 10 10
left_child=4 6 3 10 5 -1 7 11 -8 12 -3 13 -10 -2
right_child=1 2 -4 -5 -6 -7 8 -9 9 -11 -12 -13 -14 -15
leaf_value=-0.00051213582603056333 -0.0071426098939394228 -0.00097397657818848688 0.0042577164226973501 -0.0047586512098200147 -0.00096612308088712094 0.0075117084084472228 -0.0019765755149699408 0.00067240876183818606 -0.00064229270669297642 -0.0014548326265467733 0.002645366028999755 0.00024903639892538595 0.0026562443894368858 0.00025960352786682356
leaf_weight=0.11824716730188811 0.4468554099366896 0.081612370500806608 0.23095829947851598 0.10145486664259806 0.039786209978046827 0.58508133974100929 1.262824375357013 0.022623992059379816 0.11942231013381377 0.1005125490410137 0.17849349940661341 0.0455715431162389 0.32704734444268979 0.0050719689606921739
leaf_count=314 2565 31 27 29 68 150 2001 31 14 285 32 107 266 10
internal_value=-2.15436e-09 -0.00263341 0.00129588 -0.00233361 0.00592584 0.00665402 -0.00372174 -0.00600307 -0.00116298 0.000778874 0.00163802 -0.00655294 0.00193987 -0.00693795
internal_weight=3.66556 2.92245 0.592519 0.361561 0.743115 0.703329 2.32993 0.520123 1.80981 0.546982 0.260106 0.497499 0.44647 0.451927
internal_count=5930 5398 119 92 532 464 5279 2713 2566 565 63 2682 280 2575
is_linear=0
shrinkage=0.025


Tree=357
num_leaves=15
num_cat=0
split_feature=11 30 13 13 12 9 3 3 3 35 12 3 0 12
split_gain=0.14261 0.0721159 0.066628 0.0407161 0.0284917 0.0175171 0.00875745 0.00816736 0.00784793 0.00600454 0.00553834 0.00517847 0.00832998 0.00294578
threshold=12.582556829267018 1.0000000180025095e-35 16.500000000000004 25.500000000000004 28.500000000000004 4.3160000000000007 314273.50000000006 219141.50000000003 288934.00000000006 1.0000000180025095e-35 51.500000000000007 213073.50000000003 3.5614000000000003 22.500000000000004
decision_type=10 2 8 8 10 10 10 8 10 2 10 10 10 10
left_child=7 2 5 4 6 -2 -4 11 -5 10 -9 12 -1 -13
right_child=1 -3 3 8 -6 -7 -8 9 -10 -11 -12 13 -14 -15
leaf_value=-0.0020662850688105252 0.001482101401565757 -0.0029449283708887258 0.0096747574165124139 -0.0021040793373401936 -0.00053435027369960547 -0.0033807288445414393 0.00025432435338690974 -0.0045145273967656056 0.0010931972194359709 0.00021687109306149055 0.00015813519754281696 -0.00053000980926959211 0.0010860118004046382 0.0015826293053226019
leaf_weight=0.42919327873096413 0.060693471081321726 0.068391539592994266 0.84143906342796959 0.056124987779185287 0.09080384521803353 0.10707297761109658 0.1208917293115519 1.4309612086181003 0.054220372199779376 0.10055496299173672 0.098969286416831781 0.051130160900356714 0.066562766420247499 0.12668484370078659
leaf_count=492 6 52 136 34 55 105 33 4517 19 157 7 97 196 24
internal_value=-5.02331e-10 0.00463861 0.00612433 0.00760255 0.00853216 -0.00185881 0.009224 -0.00336888 -0.000963394 -0.0040153 -0.00426923 -0.000339876 -0.00119994 0.00104092
internal_weight=3.70369 1.39964 1.33125 1.16348 1.05313 0.167766 0.962331 2.30406 0.110345 1.63049 1.52993 0.673571 0.495756 0.177815
internal_count=5930 440 388 277 224 111 169 5490 53 4681 4524 809 688 121
is_linear=0
shrinkage=0.025


Tree=358
num_leaves=15
num_cat=0
split_feature=11 30 13 13 12 3 1 3 2 3 2 2 1 31
split_gain=0.130137 0.0703822 0.0370412 0.0361916 0.0251374 0.019134 0.0131211 0.00788443 0.00527083 0.00472481 0.00367143 0.00476972 0.00542134 0.00229765
threshold=12.582556829267018 1.0000000180025095e-35 16.500000000000004 25.500000000000004 28.500000000000004 219141.50000000003 4.5000000000000009 288934.00000000006 1974.5000000000002 175011.00000000003 2022.5000000000002 1959.5000000000002 4.5000000000000009 1.0000000180025095e-35
decision_type=10 2 8 8 8 8 10 10 8 10 10 10 8 2
left_child=5 2 6 4 -4 9 -2 -5 -7 -1 11 -11 -13 -10
right_child=1 -3 3 7 -6 8 -8 -9 13 10 -12 12 -14 -15
leaf_value=-0.0011286855934114126 -0.002599558173458152 -0.0029822337990507968 0.0083829261785252455 -0.0021115843071950117 -0.0005394217634423561 0.00014683049992584898 0.0014315723696008288 0.0010940597636806962 -0.0046288343164476494 -0.00065920343485857983 -0.00061494407593306114 -0.00058850447506127775 0.002542707011351248 -0.00011431288711125228
leaf_weight=0.097341354339733566 0.067549615152529108 0.068897864926839136 0.99374795045878239 0.056269827357027791 0.091111948670004606 0.099763705751683696 0.094471165328286588 0.054403933449066244 1.3870440054997741 0.030306866014143452 0.096451257231819909 0.041424857947276905 0.40373470587655902 0.125757603585953
leaf_count=154 78 52 169 34 55 8 33 19 4374 4 294 194 163 299
internal_value=-5.3054e-09 0.00438995 0.00587037 0.00685394 0.00773427 -0.00324576 -0.00103986 -0.000969521 -0.00421671 0.000218307 0.00101975 0.00154339 0.00204573 -0.00444839
internal_weight=3.70828 1.42645 1.35755 1.19553 1.08486 2.28182 0.162021 0.110674 1.61257 0.669259 0.571918 0.475466 0.44516 1.5128
internal_count=5930 440 388 277 224 5490 111 53 4681 809 655 361 357 4673
is_linear=0
shrinkage=0.025


Tree=359
num_leaves=15
num_cat=0
split_feature=11 32 30 4 13 2 31 2 3 35 3 3 6 2
split_gain=0.12919 0.0958253 0.0899144 0.0342926 0.0350462 0.0429123 0.00882513 0.00932817 0.00681089 0.00604159 0.00359539 0.00973876 0.0043865 0.00262359
threshold=12.582556829267018 1.0000000180025095e-35 1.0000000180025095e-35 56.500000000000007 25.500000000000004 1998.5000000000002 1.0000000180025095e-35 1974.5000000000002 288934.00000000006 1.0000000180025095e-35 219141.50000000003 213073.50000000003 77.500000000000014 2021.5000000000002
decision_type=10 2 2 10 8 10 2 8 10 2 8 10 8 8
left_child=6 2 3 4 5 -2 7 -1 -6 10 11 12 -9 -8
right_child=1 -3 -4 -5 8 -7 13 9 -10 -11 -12 -13 -14 -15
leaf_value=0.00032439752451666738 -0.00074653602223415105 -0.0037958322321464972 -0.002928494423382411 -0.00075619845074988026 -0.0018296945615776641 0.010228548168007248 0.0010786445957297675 0.00053780551742086584 0.0010996733749383924 0.00021005848026303933 -0.004729667088106685 0.0013492116990775442 -0.0023321529368827542 -0.00066499441748839533
leaf_weight=0.19087368687178363 0.10578059767431069 0.064202299414318875 0.068060361751122289 0.10760093863063946 0.045910539774922765 0.97261973831336945 0.074099382589338236 0.029532776694395579 0.053529094904661179 0.10689319655648422 1.2775989228721301 0.16379806493569049 0.26495832818181919 0.15849650805466808
leaf_count=21 75 42 52 59 26 169 105 44 17 164 4218 103 485 350
internal_value=1.64456e-09 0.0043808 0.00621669 0.00777041 0.00853891 0.00931078 -0.0032427 -0.00361928 -0.000686858 -0.00399818 -0.00423938 -0.000566539 -0.00185122 0.000314927
internal_weight=3.68395 1.4177 1.3535 1.28544 1.17784 1.0784 2.26625 2.03365 0.0994396 1.84278 1.73589 0.458289 0.294491 0.232596
internal_count=5930 440 398 346 287 244 5490 5035 43 5014 4850 632 529 455
is_linear=0
shrinkage=0.025


Tree=360
num_leaves=15
num_cat=0
split_feature=11 30 9 9 4 3 5 3 2 3 2 2 0 0
split_gain=0.108786 0.0647052 0.0398627 0.0390813 0.0207496 0.0184286 0.012591 0.0087485 0.00825039 0.00485293 0.00370004 0.00480994 0.00594339 0.0032753
threshold=12.582556829267018 1.0000000180025095e-35 4.9581829545454559 5.2796613636363654 52.500000000000007 219141.50000000003 73.500000000000014 325673.50000000006 1974.5000000000002 175011.00000000003 1959.5000000000002 2022.5000000000002 5.0585500000000012 3.9859500000000003
decision_type=10 2 10 10 10 8 10 10 10 10 10 10 8 10
left_child=5 2 -2 6 -5 9 7 -4 -7 -1 -11 12 -12 -13
right_child=1 -3 3 4 -6 8 -8 -9 -10 10 11 13 -14 -15
leaf_value=-0.0010992201565714118 0.0076404566600422955 -0.0029366344523058287 -0.0044617780449184756 0.0043668252779170023 -0.0012234259729176737 -0.00011765978429873934 0.00080278861392229269 0.0005031551900394497 -0.0045149927931616022 -0.00066407893243717524 -0.00064077188607094117 -0.0013019561092243105 0.0026113111544008409 0.00075899453066627636
leaf_weight=0.096895040231175567 0.62879039073595755 0.068125397840049007 0.18582186533603817 0.29034133306413423 0.097138804208952934 0.36499057529726986 0.10390513241873123 0.047322011887445115 1.2297753719540194 0.030514570360537618 0.032349173925467767 0.080967237350705545 0.41451935579243582 0.015134211033000611
leaf_count=154 97 52 105 72 72 1102 20 22 3579 4 156 268 201 26
internal_value=-1.60549e-09 0.00401526 0.00546438 0.000240484 0.00309369 -0.00297773 -0.0029002 -0.00386322 -0.00394179 0.000302498 0.00108741 0.00155243 0.00209573 -0.000581051
internal_weight=3.68659 1.42144 1.35332 0.724529 0.38748 2.26515 0.337049 0.233144 1.59477 0.67038 0.573485 0.54297 0.446869 0.0961014
internal_count=5930 440 388 291 144 5490 147 127 4681 809 655 651 357 294
is_linear=0
shrinkage=0.025


Tree=361
num_leaves=15
num_cat=0
split_feature=6 8 9 3 0 0 9 0 0 2 2 3 13 2
split_gain=0.100931 0.0481896 0.0314644 0.0217713 0.0202247 0.0245358 0.0173834 0.0153873 0.0124966 0.00896928 0.00886218 0.00679291 0.0072379 0.00593822
threshold=80.500000000000014 6.0657500000000004 4.9495350000000018 180732.00000000003 5.786900000000001 5.9340000000000011 5.2659953125000003 5.3970000000000011 4.8527500000000012 2008.5000000000002 1995.5000000000002 253921.00000000003 23.500000000000004 1989.5000000000002
decision_type=8 8 8 8 8 8 10 10 10 8 10 8 8 8
left_child=2 3 8 -2 13 -6 11 -3 -1 10 -7 -4 -13 -5
right_child=1 7 6 4 5 9 -8 -9 -10 -11 -12 12 -14 -15
leaf_value=-0.00025967628279460075 0.0011504597816038489 -0.00057775948589088879 0.00056212455984704936 0.00024523506545293583 0.0019647577595485548 -0.001391308373036121 0.0018764864032942083 0.0032360351082340458 0.0071028010252739806 -0.0035808760212257909 0.0016305550520367335 -0.003843058962997449 0.0005296146428090604 -0.0068219921538412581
leaf_weight=0.084464960425975733 0.076188187944354113 0.96508851549515362 0.054831009401823394 0.0072400046010442356 0.31164915120461945 0.23288782693271071 0.095305174705572426 0.17000894741067896 0.39740252416231669 0.41933796844386961 0.20117511938587995 0.072807892298442312 0.029638494524988346 0.55209736463439185
leaf_count=210 119 1413 35 35 60 82 38 42 114 610 131 110 25 2906
internal_value=7.23684e-10 -0.00221425 0.00502441 -0.00405824 -0.00462619 -0.00104485 -0.000741892 0.00124156 0.00650791 -0.00261099 0.000169626 -0.00257899 -0.0032451 -0.00663191
internal_weight=3.67012 2.93567 0.73445 1.80058 1.72439 1.16505 0.252583 1.1351 0.481867 0.853401 0.434063 0.157277 0.102446 0.559337
internal_count=5930 5398 532 3943 3824 883 208 1455 324 823 213 170 135 2941
is_linear=0
shrinkage=0.025


Tree=362
num_leaves=15
num_cat=0
split_feature=20 12 0 28 4 0 2 0 3 31 9 9 1 2
split_gain=0.121527 0.0505269 0.0755285 0.0443561 0.022709 0.0238152 0.0160604 0.0136942 0.0115826 0.0077151 0.00694196 0.00685006 0.00586059 0.00530066
threshold=1.0000000180025095e-35 9.5000000000000018 5.7261500000000014 1.0000000180025095e-35 57.500000000000007 5.0760000000000014 2018.5000000000002 5.6618500000000003 297008.50000000006 1.0000000180025095e-35 4.7950856951871677 5.2798613636363649 4.5000000000000009 1986.5000000000002
decision_type=2 10 10 2 8 10 10 10 10 2 8 10 10 10
left_child=4 2 6 9 5 -1 10 13 -7 -3 -2 -10 -8 -5
right_child=1 3 -4 7 -6 8 12 -9 11 -11 -12 -13 -14 -15
leaf_value=-0.00060421624777272777 -0.0011356576010661157 -0.0072856822689820579 0.0053889471735681935 -0.0022682901559522629 -0.00096803601442270828 0.0076990715410196631 -0.0041560236987590688 0.0020404346099376094 -0.0015099358195692415 0.00024099660092554806 0.00158185516518684 0.0013553449563939836 0.00041306143891412493 0.00023846788059668766
leaf_weight=0.12068390441709231 0.13441077207608054 0.59380156057522948 0.31183128507109359 0.41353657215950079 0.039785676788596902 0.47900550869235303 0.42983781014481792 0.11797093227505684 0.041061558702494949 0.024046936130616814 0.33176273723074701 0.04966723827237729 0.0097930108095169999 0.56782202599424636
leaf_count=319 396 2188 29 61 68 96 1380 10 52 36 974 3 30 288
internal_value=-2.27302e-09 -0.00242807 0.00106528 -0.00438559 0.0055219 0.00624731 -0.00246981 -0.000262603 0.00715898 -0.00702485 0.000558156 -0.000136858 -0.00383802 -0.00142954
internal_weight=3.66502 2.93481 1.21764 1.71718 0.730204 0.690418 0.905804 1.09933 0.569734 0.617848 0.466174 0.0907288 0.439631 0.981359
internal_count=5930 5392 2809 2583 538 470 2780 359 151 2224 1370 55 1410 349
is_linear=0
shrinkage=0.025


Tree=363
num_leaves=15
num_cat=0
split_feature=11 30 13 13 12 9 2 3 3 3 3 0 2 2
split_gain=0.109324 0.0646328 0.0598015 0.0361234 0.024015 0.0167802 0.0101297 0.011129 0.00772605 0.00738269 0.00577103 0.00915829 0.00401671 0.00314286
threshold=12.582556829267018 1.0000000180025095e-35 16.500000000000004 25.500000000000004 28.500000000000004 4.3160000000000007 1974.5000000000002 219141.50000000003 288934.00000000006 314273.50000000006 213073.50000000003 3.5614000000000003 1959.5000000000002 2003.5000000000002
decision_type=10 2 8 8 8 10 10 8 10 10 10 10 10 10
left_child=6 2 5 4 9 -2 12 10 -5 -4 11 -8 -1 -12
right_child=1 -3 3 8 -6 -7 7 -9 -10 -11 13 -13 -14 -15
leaf_value=-0.0008642538516663679 0.0014377617024569054 -0.002921351015196908 0.0088568823533152364 -0.0020877335474476129 -0.00049564562580870527 -0.0033418115077576229 -0.0021692800596551059 -0.0043704937448547357 0.0010852195052134623 0.00023201865678815125 0.0017316350695516455 0.0011556369840182996 0.0011632510594914039 -0.00051369708408341712
leaf_weight=0.31219654493179483 0.059117732220329011 0.067556882073404156 0.8453993198345412 0.05591292039025586 0.090333756714244484 0.1062571452348493 0.33132180701795699 1.2117277343459136 0.053690037369960919 0.12106310785748065 0.123732812666276 0.065670108189806342 0.15244912314665271 0.051054192565061385
leaf_count=1100 6 52 136 34 55 105 482 3579 19 33 23 194 15 97
internal_value=1.08213e-09 0.0040471 0.00550184 0.00692541 0.00781029 -0.00186562 -0.0029895 -0.00356272 -0.00095618 0.00844389 -0.00015938 -0.00118575 0.000141001 0.00119679
internal_weight=3.64748 1.39933 1.33177 1.1664 1.0568 0.165375 2.24815 1.78351 0.109603 0.966462 0.571779 0.396992 0.464646 0.174787
internal_count=5930 440 388 277 224 111 5490 4375 53 169 796 676 1115 120
is_linear=0
shrinkage=0.025


Tree=364
num_leaves=15
num_cat=0
split_feature=6 8 9 3 0 3 9 0 0 2 34 2 3 1
split_gain=0.0975378 0.0437938 0.031438 0.0212298 0.0215008 0.0227885 0.0170805 0.0158675 0.0119516 0.0081417 0.00758026 0.00706312 0.00689793 0.00734431
threshold=80.500000000000014 6.0657500000000004 4.9495350000000018 180732.00000000003 5.786900000000001 256930.50000000003 5.2659953125000003 4.7657000000000007 4.8527500000000012 1995.5000000000002 1.0000000180025095e-35 1968.5000000000002 253921.00000000003 5.5000000000000009
decision_type=8 8 8 8 8 10 10 10 10 10 2 8 8 10
left_child=2 3 8 -2 10 11 12 -3 -1 -7 -5 -6 -4 -14
right_child=1 7 6 4 5 9 -8 -9 -10 -11 -12 -13 13 -15
leaf_value=-0.00024638059865479792 0.001151518681855157 -0.00066210804917459442 0.00057072585995952883 -0.0068888996339071615 0.00061286323298890633 -0.00090883533535232445 0.0018488430751993704 0.0031669792439135516 0.007017950586318317 0.0022973493328589021 0.00017576599400362576 -0.0032738946746454049 -0.0038393928868438762 0.00054973175150664665
leaf_weight=0.084330959740327671 0.076030600699596662 0.96807002243440343 0.055352423252770677 0.50375992129920621 0.022395730018615723 0.10263722408853937 0.094539427358540706 0.17450021548938821 0.39332665096299024 0.47992471648467472 0.049330888672557194 0.54579181841108948 0.079379723712918349 0.023533798783319071
leaf_count=210 119 1366 35 2813 1 33 38 89 114 204 128 645 131 4
internal_value=2.02564e-09 -0.00218119 0.00494411 -0.00394699 -0.00451624 -0.000946825 -0.000762724 0.00112787 0.00643663 0.00151513 -0.00655133 -0.00282758 -0.0025721 -0.0032473
internal_weight=3.6529 2.92244 0.730463 1.77987 1.70384 1.15075 0.252805 1.14257 0.477658 0.582562 0.553091 0.568188 0.158266 0.102914
internal_count=5930 5398 532 3943 3824 883 208 1455 324 237 2941 646 170 135
is_linear=0
shrinkage=0.025


Tree=365
num_leaves=15
num_cat=0
split_feature=6 8 9 3 9 2 2 0 0 0 2 2 2 3
split_gain=0.0982112 0.0532895 0.031386 0.0229153 0.0169426 0.0129794 0.0174953 0.0128764 0.0225244 0.0111812 0.0107317 0.0106499 0.00749538 0.00748557
threshold=80.500000000000014 6.0657500000000004 4.9495350000000018 180732.00000000003 5.2659953125000003 2021.5000000000002 2017.5000000000002 5.9030500000000012 5.9340000000000011 4.8527500000000012 2008.5000000000002 2003.5000000000002 1995.5000000000002 175011.00000000003
decision_type=8 8 8 8 10 10 8 8 8 10 10 10 10 8
left_child=2 3 9 -2 -4 6 11 -5 -9 -1 12 -3 -10 -8
right_child=1 5 4 7 -6 -7 13 8 10 -11 -12 -13 -14 -15
leaf_value=-0.00021569081687031435 0.0011799634340210099 0.001091895052060422 -0.0025617712439388808 -0.006181528761861229 0.0018423539621706345 -0.0013505878577076953 -0.00050816865727592296 0.0022029580976686541 -0.0011698097182345566 0.0070082929987338215 -0.0035809737260371413 -0.0022251673267874583 0.0015907430162527538 0.0041701294129526762
leaf_weight=0.083846845787775237 0.076186096339370679 0.41383302558097035 0.15755003185768146 0.74941329611829122 0.094010519256698899 0.13661070602393011 0.01963840881944634 0.11025070992764097 0.28683593639289029 0.39205794572626473 0.35143082225113176 0.12446180226834258 0.19804976315936074 0.43319997095386498
leaf_count=210 119 70 170 2987 38 387 9 14 310 114 382 153 131 836
internal_value=5.55813e-09 -0.00219808 0.00496239 -0.00416185 -0.000758912 0.00139351 0.00226008 -0.00475048 -0.00102394 0.00645175 -0.00241734 -0.000623 0.000269675 0.00375712
internal_weight=3.62738 2.89991 0.727465 1.77217 0.251561 1.12774 0.991133 1.69598 0.946567 0.475905 0.836317 0.538295 0.484886 0.452838
internal_count=5930 5398 532 3943 208 1455 1068 3824 837 324 823 223 441 845
is_linear=0
shrinkage=0.025


Tree=366
num_leaves=15
num_cat=0
split_feature=1 30 4 7 8 9 31 9 2 2 2 2 7 2
split_gain=0.12536 0.0665131 0.0265002 0.0222566 0.0196491 0.0182554 0.0166343 0.0146829 0.0087055 0.00738909 0.00708025 0.00525267 0.00515472 0.00808915
threshold=3.5000000000000004 1.0000000180025095e-35 58.500000000000007 7.5000000000000009 5.824650000000001 5.1166625000000012 1.0000000180025095e-35 5.2796613636363654 1989.5000000000002 1968.5000000000002 1985.5000000000002 1959.5000000000002 5.5000000000000009 2017.5000000000002
decision_type=10 2 8 2 10 10 2 10 8 10 10 10 2 8
left_child=3 2 5 4 9 -2 8 -7 10 11 -5 -1 13 -11
right_child=1 -3 -4 6 -6 7 -8 -9 -10 12 -12 -13 -14 -15
leaf_value=-0.00079256376327381235 0.0083591547999336043 -0.0026373796521223947 -0.00094852266553252659 -0.0014083780328655077 0.0024231595090219412 -0.0018917582198477636 0.00072129609941840663 0.0021121059906356204 -0.0057778628120815261 -0.0032848226745912294 0.0014561422216423179 0.0016367568225693571 0.00040401124557535396 0.00026411443557062902
leaf_weight=0.26897358083078948 0.59539302920893511 0.057779984781518579 0.041548276560206432 0.076483794007799477 0.15029741187390744 0.093533147846756037 0.086407223643618636 0.22587596236553509 0.69630686872005754 0.68148388912595659 0.08136814295721706 0.10022824269253761 0.15274494794721238 0.34486120144356402
leaf_count=909 260 82 95 31 58 71 115 77 2316 887 18 8 319 684
internal_value=1.02282e-10 0.0050041 0.0065779 -0.00276958 -0.000415046 0.00723658 -0.00461663 0.000394479 -0.0052544 -0.00153334 5.05502e-05 0.000580677 -0.00215799 -0.00255049
internal_weight=3.65329 1.01413 0.95635 2.63916 1.69859 0.914802 0.940566 0.319409 0.854159 1.54829 0.157852 0.369202 1.17909 1.02635
internal_count=5930 585 503 5345 2865 408 2480 148 2365 2807 49 917 1890 1571
is_linear=0
shrinkage=0.025


Tree=367
num_leaves=15
num_cat=0
split_feature=11 12 2 9 2 7 31 2 8 2 13 8 2 11
split_gain=0.117113 0.0682355 0.0619604 0.0247375 0.0127968 0.0103612 0.00885732 0.00734233 0.00607232 0.00474891 0.00424058 0.00349243 0.00260115 0.00263881
threshold=12.582556829267018 9.5000000000000018 2008.5000000000002 4.3334924242424249 1996.5000000000002 4.5000000000000009 1.0000000180025095e-35 1968.5000000000002 6.1307000000000009 1959.5000000000002 17.500000000000004 6.315100000000001 2021.5000000000002 8.2006885022175187
decision_type=10 8 8 10 10 2 2 10 10 10 8 10 8 10
left_child=6 -2 4 -4 8 -6 7 9 -3 -1 -7 -9 -8 -14
right_child=1 2 3 -5 5 10 12 11 -10 -11 -12 -13 13 -15
leaf_value=-0.0010757885735036233 0.0069844067902859151 -0.0017989340234674696 0.0010695828546227264 -0.0062689164607714247 -0.00064156208305414259 -0.00015621877825761681 0.0011019389036358929 -0.004048599652758552 0.0009931840490103878 0.0011708619383548639 0.0045732541573996815 0.00020796072765559161 -0.0012254237987426408 0.00063920148930938559
leaf_weight=0.25052145272275206 0.69863602549594328 0.096415900668944343 0.049404719029553235 0.1199632045609178 0.049259333725785837 0.059965075342915952 0.074045895191375055 1.6319122739387237 0.039336958900094032 0.11043057427741587 0.28163240973663051 0.027329740056302287 0.13920834212331101 0.019601024745497853
leaf_count=915 90 80 7 88 57 49 105 4078 2 9 67 33 328 22
internal_value=-2.8844e-09 0.004196 -0.00107087 -0.0050442 0.00267413 0.00361107 -0.00308873 -0.00347231 -0.000827757 -3.31649e-05 0.00424542 -0.00392665 0.000356287 -0.000642282
internal_weight=3.64766 1.39461 0.695978 0.169368 0.52661 0.390857 2.25305 2.02019 0.135753 0.360952 0.341597 1.65924 0.232855 0.158809
internal_count=5930 440 350 95 255 173 5490 5035 82 924 116 4111 455 350
is_linear=0
shrinkage=0.025


Tree=368
num_leaves=15
num_cat=0
split_feature=6 11 13 9 31 9 2 28 3 2 2 3 3 11
split_gain=0.0856256 0.0400813 0.034043 0.0297835 0.0186671 0.0169157 0.016211 0.0149832 0.0187611 0.0144945 0.0139748 0.0183597 0.0140363 0.0105539
threshold=80.500000000000014 13.249341063562463 17.500000000000004 4.9495350000000018 1.0000000180025095e-35 5.2659953125000003 1989.5000000000002 1.0000000180025095e-35 307773.00000000006 1975.5000000000002 1986.5000000000002 225259.00000000003 221469.00000000003 11.16985750765579
decision_type=8 8 10 8 2 10 8 2 10 10 10 8 8 10
left_child=3 4 7 13 6 -5 -2 8 9 -3 11 -9 -12 -1
right_child=1 2 -4 5 -6 -7 -8 10 -10 -11 12 -13 -14 -15
leaf_value=-0.00022774986724523284 0.00068944614607883124 0.00038587927072639204 0.0031648182557055442 -0.0025856551371999438 0.0008862315499764637 0.0018222720397836709 -0.0063698078805114328 0.0013668322121328097 0.0012193526812418814 -0.0050315719165898234 -0.0010461665398236915 -0.0032646182150691755 0.0028907868605977691 0.0066336832745032027
leaf_weight=0.084124766770401038 0.027613133181149219 0.2262881133137854 0.43777113762916986 0.15787585516227409 0.030062431556871161 0.093660880389506929 0.52797210171593179 0.21178052318282425 0.068993274646345526 0.382995785883395 0.26258713332936168 0.21589193397085182 0.51026348848245107 0.39578568547585746
leaf_count=210 39 928 134 170 39 38 3001 18 49 1002 39 79 70 114
internal_value=2.49895e-09 -0.00205303 3.02034e-05 0.00462698 -0.00511559 -0.000799753 -0.00580129 -0.00154582 -0.00308767 -0.00403002 0.000332581 -0.00162021 0.00171756 0.00608975
internal_weight=3.63367 2.90222 2.31657 0.731447 0.585648 0.251537 0.555585 1.8788 0.678277 0.609284 1.20052 0.427672 0.772851 0.47991
internal_count=5930 5398 2319 532 3079 208 3040 2185 1979 1930 206 97 109 324
is_linear=0
shrinkage=0.025


Tree=369
num_leaves=15
num_cat=0
split_feature=0 12 6 5 9 3 6 2 35 3 7 2 2 0
split_gain=0.105598 0.0680023 0.0396952 0.0269438 0.0264151 0.0164118 0.0094448 0.00702568 0.00632525 0.00469405 0.00464604 0.00367018 0.00464019 0.00573995
threshold=5.4644500000000011 9.5000000000000018 77.500000000000014 68.500000000000014 4.4143555555555567 219141.50000000003 75.500000000000014 1974.5000000000002 1.0000000180025095e-35 175011.00000000003 7.5000000000000009 1959.5000000000002 2022.5000000000002 5.0585500000000012
decision_type=10 8 8 10 10 8 8 8 2 10 2 10 10 8
left_child=5 6 -3 10 -5 9 -2 -7 -9 -1 -4 -11 13 -13
right_child=1 2 3 4 -6 7 -8 8 -10 11 -12 12 -14 -15
leaf_value=-0.0011220992209696856 0.0001133355191848241 0.0027181223566654232 -0.00070686518334347624 0.0011311584851112486 -0.0061763879202043721 0.00032692477091501014 0.0072943539439822005 -0.0044181601195958679 0.00022025805341458393 -0.0006816315230607395 0.0019076610902731895 -0.00063577135499801171 -0.00057880315031509633 0.0025444857584923544
leaf_weight=0.097213099550573001 0.1579634235240519 0.19003946825978346 0.038936809840379394 0.057219108828576282 0.27735915664379718 0.089022379623201808 0.57330770924454522 1.3862391031670993 0.099749789194902516 0.030948638857807964 0.1309832214465132 0.032060617384559009 0.096275262407289119 0.4137963697212399
leaf_count=154 15 46 43 12 204 8 75 4516 156 4 46 156 294 201
internal_value=-1.92678e-11 0.00394579 -0.00120137 -0.00350312 -0.0050155 -0.00294941 0.00670461 -0.00386194 -0.00414344 0.00022319 0.00121645 0.00101964 0.00149579 0.00203425
internal_weight=3.67111 1.42581 0.694538 0.504498 0.334578 2.24531 0.731271 1.57501 1.48599 0.670294 0.16992 0.573081 0.542132 0.445857
internal_count=5930 441 351 305 216 5489 90 4680 4672 809 89 655 651 357
is_linear=0
shrinkage=0.025


Tree=370
num_leaves=15
num_cat=0
split_feature=11 30 2 4 3 8 3 2 8 3 2 2 0 0
split_gain=0.1113 0.0643593 0.025565 0.0355205 0.0160594 0.00951813 0.00886362 0.00720491 0.00593338 0.00455655 0.00358627 0.00476895 0.00573468 0.0032797
threshold=12.582556829267018 1.0000000180025095e-35 1996.5000000000002 56.500000000000007 219141.50000000003 6.0375500000000004 314273.50000000006 1974.5000000000002 6.1307000000000009 175011.00000000003 1959.5000000000002 2022.5000000000002 5.0585500000000012 3.9859500000000003
decision_type=10 2 10 8 8 10 10 8 10 10 10 10 8 10
left_child=4 2 8 6 9 -5 -4 -6 -2 -1 -11 12 -12 -13
right_child=1 -3 3 5 7 -7 -8 -9 -10 10 11 13 -14 -15
leaf_value=-0.0011330760309428661 -0.0017721737079231092 -0.0029125254400680176 0.0075669479009186124 -0.0022777820321498248 0.00032791369830934713 0.0012219843279721865 9.4627231280825939e-05 -0.0042120661457360842 0.00098605066311358079 -0.00068589604327569007 -0.00064154385164478861 -0.0013192215842253243 0.0025193275568873253 0.00075006038982597693
leaf_weight=0.097475692964508975 0.09388987645797886 0.067859449118259252 0.96942669966665518 0.072188556077890209 0.089372177055338065 0.053032954514492303 0.13141602904943284 1.4868105899568036 0.039053952321410179 0.031017454399261624 0.03221910675347317 0.08117268933710875 0.41507687661942327 0.015318985220801551
leaf_count=154 77 52 184 71 8 7 47 4673 2 4 156 268 201 26
internal_value=1.456e-09 0.0040505 0.00548544 0.00622363 -0.00302605 -0.00102684 0.00714457 -0.00392728 -0.000806751 0.000171848 0.000972121 0.00144973 0.00200569 -0.000606257
internal_weight=3.67533 1.42687 1.35901 1.22606 2.24846 0.125222 1.10084 1.57618 0.132944 0.672281 0.574805 0.543788 0.447296 0.0964917
internal_count=5930 440 388 309 5490 78 231 4681 79 809 655 651 357 294
is_linear=0
shrinkage=0.025


Tree=371
num_leaves=15
num_cat=0
split_feature=11 9 4 6 2 8 8 31 8 2 2 2 2 1
split_gain=0.109238 0.0743263 0.0737122 0.0351368 0.0248797 0.0181004 0.0087034 0.0122991 0.00543315 0.00468686 0.00454669 0.00382694 0.00939095 0.00255551
threshold=12.582556829267018 4.3460312500000011 48.500000000000007 75.500000000000014 2022.5000000000002 5.9168000000000012 6.315100000000001 1.0000000180025095e-35 5.7971500000000011 2003.5000000000002 1959.5000000000002 2017.5000000000002 2018.5000000000002 1.5000000000000002
decision_type=10 8 10 10 10 10 8 2 10 10 10 10 10 10
left_child=6 -2 5 4 8 -3 7 -1 -4 10 -8 -11 -13 -14
right_child=1 2 3 -5 -6 -7 9 -9 -10 11 -12 12 13 -15
leaf_value=-0.0043279375852880034 0.0077184215908740464 -0.00097920252225722659 -0.00024227811159558589 0.0015767086089344359 0.0010410006418868298 0.0047317828186751454 -0.00072256403881774608 0.00064206117028387855 -0.0070513143482532894 -0.0020824259296486473 0.0015109016547229931 0.0018710197163953177 -0.0017258956032616584 0.00043855910071299186
leaf_weight=1.2167271102116508 0.42249037110013854 0.07673349512333516 0.15565911818703171 0.10119205323280767 0.038011449607438408 0.34261706988036167 0.22713384620874411 0.090417515762965084 0.28801946036401205 0.1097407021879917 0.29014046843803953 0.090202136867446825 0.20278013819188345 0.01593749615130946
leaf_count=3967 46 71 135 10 10 38 738 152 130 114 52 16 437 14
internal_value=-3.3207e-09 0.00401391 -0.000622684 -0.00413511 -0.00558933 0.00373314 -0.00300105 -0.00385487 -0.00648498 -0.000433328 0.00070033 -0.00134034 0.000312827 -0.00133774
internal_weight=3.6678 1.42472 1.00223 0.582882 0.48169 0.419351 2.24308 1.30714 0.443679 0.935935 0.517274 0.41866 0.30892 0.218718
internal_count=5930 440 394 285 275 109 5490 4119 265 1371 790 581 467 451
is_linear=0
shrinkage=0.025


Tree=372
num_leaves=15
num_cat=0
split_feature=11 32 30 2 4 3 2 1 35 2 3 2 2 0
split_gain=0.106563 0.0920955 0.0839066 0.03632 0.0382987 0.0154575 0.00711622 0.00694942 0.00649597 0.00500839 0.00449647 0.00357107 0.00463503 0.00565953
threshold=12.582556829267018 1.0000000180025095e-35 1.0000000180025095e-35 1996.5000000000002 56.500000000000007 219141.50000000003 1974.5000000000002 1.5000000000000002 1.0000000180025095e-35 1989.5000000000002 175011.00000000003 1959.5000000000002 2022.5000000000002 5.0585500000000012
decision_type=10 2 2 10 8 8 8 10 2 8 10 10 10 8
left_child=5 2 3 9 7 10 -7 -5 -8 -2 -1 -12 13 -13
right_child=1 -3 -4 4 -6 6 8 -9 -10 -11 11 12 -14 -15
leaf_value=-0.0011251035210834736 0.00087118444678811399 -0.0038585621588569556 -0.0028917333950414723 0.00034407111560211864 -0.00076274937866453816 0.00033333602333060757 -0.0044139717961164306 0.009515935871477723 0.00023227648919222493 -0.0016797991086971512 -0.00068565014568042161 -0.00063810689308179866 -0.0005934230767693766 0.0025004236454322514
leaf_weight=0.097237364068860965 0.050169218477094435 0.064480052489670814 0.067375961632933357 0.13248474035935898 0.11492527122027252 0.089708743675145919 1.3816503350117271 0.90875854986370541 0.099603843060322217 0.081695293323718943 0.030986670957645401 0.032106148093589582 0.096345245467091445 0.41482468793401495
leaf_count=154 12 42 52 50 69 8 4517 149 156 66 4 156 294 201
internal_value=-3.34184e-09 0.00396993 0.00582241 0.00734287 0.00821034 -0.00296281 -0.00384832 0.00908921 -0.00413385 -0.000797039 0.000171743 0.000966531 0.00144399 0.00198978
internal_weight=3.66235 1.41989 1.35541 1.28803 1.15617 2.24246 1.57096 1.04124 1.48125 0.131865 0.6715 0.574263 0.543276 0.446931
internal_count=5930 440 398 346 268 5490 4681 199 4673 78 809 655 651 357
is_linear=0
shrinkage=0.025


Tree=373
num_leaves=15
num_cat=0
split_feature=11 2 2 9 7 6 7 7 8 2 7 2 2 9
split_gain=0.0965605 0.066659 0.0588046 0.0241773 0.0126096 0.0102177 0.00971853 0.0090845 0.00775852 0.00431973 0.00579839 0.00562211 0.00911319 0.00418946
threshold=12.582556829267018 2016.5000000000002 2008.5000000000002 4.3334924242424249 7.5000000000000009 75.500000000000014 6.5000000000000009 46.500000000000007 4.304050000000001 1971.5000000000002 5.5000000000000009 2017.5000000000002 2018.5000000000002 4.3460312500000011
decision_type=10 10 8 10 2 8 2 2 8 8 2 8 8 10
left_child=6 2 4 -4 -2 -3 9 -6 -8 -1 11 -11 -13 -14
right_child=1 5 3 -5 7 -7 8 -9 -10 10 -12 12 13 -15
leaf_value=0.00082095991468565113 -0.00089967422910294597 5.6313287264509449e-05 0.0010445890340856877 -0.0062657506701258346 0.0040281874433559552 0.0071377061744072687 0.00018307364725859626 -0.00056762501453696504 -0.0046671231655661897 -0.0024280758927352725 0.00082273366772258488 0.0018433351798881924 -0.0017021796400759335 0.0006915432994475158
leaf_weight=0.15581884840503391 0.11951084686734226 0.15603424009168521 0.048861384711926803 0.1195273691409966 0.34080391096358653 0.56831071978376713 0.15236590799395333 0.061449219268979505 0.62778426052500436 0.60942506015999209 0.12270474807883158 0.094104103845893516 0.4344115364474419 0.03341213139356114
leaf_count=14 114 15 7 88 100 75 267 41 2564 902 210 49 1338 146
internal_value=-3.47078e-09 0.00378195 -0.0012589 -0.00506599 0.00249139 0.00652958 -0.00282707 0.003422 -0.00414915 -0.00071245 -0.00117447 -0.00166623 0.000185555 -0.00117656
internal_weight=3.64452 1.4145 0.690153 0.168389 0.521764 0.724345 2.23003 0.402253 0.78015 1.44988 1.29406 1.17135 0.561928 0.467824
internal_count=5930 440 350 95 255 90 5490 141 2831 2659 2645 2435 1533 1484
is_linear=0
shrinkage=0.025


Tree=374
num_leaves=15
num_cat=0
split_feature=11 9 4 3 3 3 2 35 8 3 2 2 0 3
split_gain=0.102154 0.0505979 0.0617335 0.0383424 0.0354569 0.0153205 0.00696264 0.00657477 0.00503182 0.00447258 0.0035983 0.00454593 0.00562195 0.00331793
threshold=12.582556829267018 4.3460312500000011 48.500000000000007 266690.00000000006 258620.00000000003 219141.50000000003 1974.5000000000002 1.0000000180025095e-35 5.9089500000000017 175011.00000000003 1959.5000000000002 2022.5000000000002 5.0585500000000012 233757.00000000003
decision_type=10 8 10 8 8 8 8 2 10 10 10 10 8 10
left_child=5 -2 4 8 -3 9 -7 -8 13 -1 -11 12 -12 -4
right_child=1 2 3 -5 -6 6 7 -9 -10 10 11 -13 -14 -15
leaf_value=-0.0011113848665067082 0.0069111279589534102 -0.0018811616825535741 -0.00035701768868959971 -0.0054917857572945525 0.0052177654137600836 0.00033204851315101294 -0.0043578720834041469 0.0002454277369843512 -0.00064090349070757913 -0.00068608624914552087 -0.00063436206480373732 -0.00058075106693117958 0.0024987494491343076 0.0025844462012587534
leaf_weight=0.096896362389089385 0.42512172929127667 0.05008723819628369 0.031939003092702478 0.36059745520469733 0.36587233049795032 0.089802919646899348 1.3741241926727523 0.09958145717973832 0.055183207645313814 0.030983127071522176 0.031988746195565909 0.096070380550372647 0.41495591009879718 0.12696841890283395
leaf_count=154 46 29 37 178 80 8 4517 156 20 4 156 294 201 50
internal_value=3.15486e-09 0.00388961 -0.000227461 -0.00355893 0.00363811 -0.00290514 -0.00378949 -0.00407335 0.00153852 0.00019032 0.000976544 0.00145457 0.00199107 0.00219532
internal_weight=3.65017 1.41577 0.990648 0.574688 0.41596 2.2344 1.56351 1.47371 0.214091 0.670895 0.573998 0.543015 0.446945 0.158907
internal_count=5930 440 394 285 109 5490 4681 4673 107 809 655 651 357 87
is_linear=0
shrinkage=0.025


Tree=375
num_leaves=15
num_cat=0
split_feature=11 12 20 5 9 3 2 7 3 2 2 0 0 7
split_gain=0.0939691 0.0654117 0.0389837 0.0255144 0.0253926 0.0146008 0.00777058 0.00449811 0.00439313 0.00361401 0.00426512 0.00552499 0.00320674 0.00233099
threshold=12.582556829267018 9.5000000000000018 1.0000000180025095e-35 68.500000000000014 4.4143555555555567 219141.50000000003 1974.5000000000002 7.5000000000000009 175011.00000000003 1959.5000000000002 2022.5000000000002 5.0585500000000012 3.9859500000000003 5.5000000000000009
decision_type=10 8 2 10 10 8 10 2 10 10 10 8 10 2
left_child=5 -2 -3 7 -5 8 13 -4 -1 -10 11 -11 -12 -7
right_child=1 2 3 4 -6 6 -8 -9 9 10 12 -13 -14 -15
leaf_value=-0.001091038301304743 0.0064583492879502812 0.0026594389814051517 -0.00070853828549426504 0.0010997324839849983 -0.0061094086787466034 0.0006702857961758136 -0.004221945711769981 0.0018447276102946143 -0.00068687645279814382 -0.00062934446411347519 -0.0012708337266076663 0.0024760951302408088 0.00076106287925906655 -0.00090850277469827704
leaf_weight=0.096651197658503274 0.72192619957786486 0.18940369811025448 0.039016504175379052 0.0562956684443634 0.27532367612002417 0.29746437317226071 1.1898000660621617 0.1289744865935063 0.03093015102786012 0.031885043877991848 0.080541201525193173 0.41331980224640574 0.015348309134424198 0.067789359974995023
leaf_count=154 90 47 43 12 202 849 3579 46 4 156 268 201 26 253
internal_value=-4.20999e-10 0.00373323 -0.0012553 -0.00352316 -0.00497877 -0.00279198 -0.00365771 0.00115281 0.00020678 0.000980606 0.00145978 0.00197211 -0.000547906 -7.35524e-05
internal_weight=3.63467 1.41094 0.689014 0.49961 0.331619 2.22373 1.55505 0.167991 0.668676 0.572025 0.541094 0.445205 0.0958895 0.365254
internal_count=5930 440 350 303 214 5490 4681 89 809 655 651 357 294 1102
is_linear=0
shrinkage=0.025


Tree=376
num_leaves=15
num_cat=0
split_feature=11 30 13 7 12 3 1 13 2 35 3 3 2 2
split_gain=0.100011 0.0609459 0.0365649 0.0244286 0.0166425 0.0143422 0.0120776 0.00913019 0.00674579 0.00647379 0.00563197 0.00430321 0.00353335 0.0044271
threshold=12.582556829267018 1.0000000180025095e-35 16.500000000000004 34.500000000000007 30.500000000000004 219141.50000000003 4.5000000000000009 21.500000000000004 1974.5000000000002 1.0000000180025095e-35 314273.50000000006 175011.00000000003 1959.5000000000002 2022.5000000000002
decision_type=10 2 8 2 8 8 10 10 8 2 10 10 10 10
left_child=5 2 6 4 10 11 -2 -5 -7 -10 -4 -1 -13 -14
right_child=1 -3 3 7 -6 8 -8 -9 9 -11 -12 12 13 -15
leaf_value=-0.001108401981790405 -0.0026243841433824496 -0.002871136971816228 0.0079244205386563397 -0.0019467275855246738 -0.00032984587204670893 0.00032618188941152364 0.0013010300592389914 0.0013592891595007566 -0.0042968293751366217 0.000247199690252352 0.00019885430634542612 -0.00069054787602795353 0.0019491833517405702 -0.00057858605357007304
leaf_weight=0.09676995610061645 0.06756460230099004 0.067051146586891153 0.83060689942794819 0.073621602394268959 0.093967714317841566 0.089872659227694052 0.090716645092470571 0.073795746808173135 1.368630977847715 0.099737800308503322 0.11523483986093197 0.030869891052134335 0.44741170596535085 0.096055674486706266
leaf_count=154 78 52 152 38 37 8 33 20 4517 156 30 4 357 294
internal_value=2.74765e-09 0.00385097 0.00526723 0.00628055 0.00704351 -0.00287695 -0.0011937 -0.000549451 -0.00373313 -0.00401307 0.0075691 0.000155335 0.000937057 0.00141701
internal_weight=3.64191 1.41256 1.34551 1.18723 1.03981 2.22935 0.158281 0.147417 1.55824 1.46837 0.945842 0.671107 0.574337 0.543467
internal_count=5930 440 388 277 219 5490 111 58 4681 4673 182 809 655 651
is_linear=0
shrinkage=0.025


Tree=377
num_leaves=15
num_cat=0
split_feature=2 0 6 5 4 9 6 0 2 0 8 8 2 2
split_gain=0.0970755 0.101894 0.0308631 0.0387182 0.0292079 0.0244891 0.0186851 0.0147047 0.0141238 0.00913541 0.00791989 0.00461519 0.00752584 0.00576916
threshold=2016.5000000000002 4.2657000000000007 77.500000000000014 68.500000000000014 56.500000000000007 2.3679937500000006 71.500000000000014 5.6401500000000011 2018.5000000000002 5.9030500000000012 6.1058500000000011 4.9261000000000008 1963.5000000000002 1986.5000000000002
decision_type=10 10 8 10 8 8 8 10 10 10 10 8 10 10
left_child=2 8 7 9 6 -5 -3 -1 -2 11 -6 13 -13 -4
right_child=1 4 3 5 10 -7 -8 -9 -10 -11 -12 12 -14 -15
leaf_value=-0.0013603535644352597 0.00094742543727735105 -0.00045043377487636146 -0.0010900839399348202 0.00071327887761802016 -0.001941695454033474 -0.0075716494867855214 0.0084381840614647582 0.0029955404022270755 -0.0034256927226200989 0.0015455147149377741 0.0012042906926759984 0.00047574353311221013 -0.0026905491029007231 0.0013030083637728881
leaf_weight=0.082003814160998445 0.17064575673430205 0.055576103244675323 0.20766990755510106 0.075995245773810782 0.057475777219224256 0.40119197901731241 0.6686764621626935 0.16480406787013635 0.40124483140607481 0.096661379444412776 0.050554540408484172 0.30565834737717534 0.51101976239260694 0.35421408005640842
leaf_count=261 161 27 193 164 139 1416 347 18 1273 12 10 909 749 251
internal_value=3.73489e-09 0.00379585 -0.00285253 -0.00377426 0.0069951 -0.00666256 0.00789045 0.00161798 -0.00234821 -0.000525737 -0.000711283 -0.00125968 -0.00189594 0.000286891
internal_weight=3.60339 1.40417 2.19922 1.95241 0.832283 0.477187 0.724253 0.246808 0.571891 1.47522 0.10803 1.37856 0.816678 0.561884
internal_count=5930 1957 3973 3694 523 1580 374 279 1434 2114 149 2102 1658 444
is_linear=0
shrinkage=0.025


Tree=378
num_leaves=15
num_cat=0
split_feature=0 30 13 7 12 1 13 31 8 12 3 2 3 2
split_gain=0.0957742 0.0590979 0.0349293 0.0237485 0.0155813 0.011951 0.00902514 0.00840923 0.00866978 0.00810867 0.00512236 0.00499611 0.00470728 0.00249442
threshold=5.4644500000000011 1.0000000180025095e-35 16.500000000000004 34.500000000000007 30.500000000000004 4.5000000000000009 21.500000000000004 1.0000000180025095e-35 6.315100000000001 8.5000000000000018 314273.50000000006 1975.5000000000002 227780.00000000003 2021.5000000000002
decision_type=10 2 8 2 8 10 10 2 8 10 10 10 10 8
left_child=7 2 5 4 10 -2 -5 8 -1 12 -4 -11 -10 -9
right_child=1 -3 3 6 -6 -7 -8 13 9 11 -12 -13 -14 -15
leaf_value=-0.0040396640719426525 -0.002592104800641112 -0.002833850731943712 0.0077780241092984988 -0.0019391433990693407 -0.00030781956369492996 0.0013054115890197442 0.0013499419673451965 0.001111501227798561 0.0017590699243553419 0.0004971931442817795 0.00020352636853960415 -0.0022630140270887356 -0.00075862596955752429 -0.00060752340712136202
leaf_weight=1.1945296077756216 0.066873974297777417 0.066106632410082855 0.82145453670818791 0.072432115601259395 0.093175004949444085 0.090262212877860293 0.073117741587338969 0.074040704203070962 0.33140425362944381 0.16728754434734583 0.11420330642431509 0.24860445901867934 0.035124210742651485 0.15781578760652337
leaf_count=3966 78 52 152 38 37 34 20 105 796 12 30 122 138 350
internal_value=-1.70991e-09 0.00378009 0.00518307 0.00617492 0.0069289 -0.00115994 -0.000550786 -0.00282449 -0.00320921 -0.000386262 0.00743628 -0.00158574 0.00113921 0.000398096
internal_weight=3.60643 1.39763 1.33152 1.17438 1.02883 0.157136 0.14555 2.20881 1.97695 0.78242 0.935658 0.415892 0.366528 0.231856
internal_count=5930 441 389 277 219 112 58 5489 5034 1068 182 134 934 455
is_linear=0
shrinkage=0.025


Tree=379
num_leaves=15
num_cat=0
split_feature=2 0 7 6 9 2 13 4 0 2 9 6 31 2
split_gain=0.0802631 0.0947622 0.0298971 0.028387 0.0451792 0.0217954 0.019966 0.0172942 0.0147095 0.0141913 0.00805497 0.0061759 0.0052529 0.00475527
threshold=2016.5000000000002 4.2657000000000007 26.500000000000004 77.500000000000014 2.3764562500000004 1989.5000000000002 20.500000000000004 57.500000000000007 5.6401500000000011 2018.5000000000002 1.6091444444444447 73.500000000000014 1.0000000180025095e-35 1984.5000000000002
decision_type=10 10 2 8 10 10 10 8 10 10 10 8 2 8
left_child=3 9 7 8 10 13 -4 11 -1 -2 -5 -3 -7 -6
right_child=1 2 6 4 5 12 -8 -9 -10 -11 -12 -13 -14 -15
leaf_value=-0.0013627104996164578 0.00094014072816039288 2.9273228961481247e-05 -0.0028279058037864557 -0.00089574211665174842 -0.0010714729330338023 -0.0071820902972148624 0.0020440129246784666 -0.00051493117932089325 0.0029916715723057831 -0.0034573659056943069 0.0016933609678578963 0.0083668271206483319 0.00020641478841265713 0.0012564489067680897
leaf_weight=0.082030919998942409 0.17097595977975266 0.06483032603864558 0.059338647814001888 0.88656740464648531 0.064969550927344133 0.57026228582799376 0.085392657776537817 0.035990693198982626 0.16480187478009611 0.40075764046923723 0.2597221903524769 0.59222769020561827 0.005767057533375918 0.1598721310365363
leaf_count=261 161 30 72 1293 42 2004 43 95 18 1273 84 283 6 265
internal_value=-6.93284e-09 0.00344484 0.00655271 -0.00259876 -0.0034985 -0.00597151 -0.000678896 0.0075719 0.00161225 -0.00238084 0.000206536 0.0080583 -0.00702408 0.000258184
internal_weight=3.60351 1.40951 0.83778 2.19399 1.94716 0.800871 0.144731 0.693049 0.246833 0.571734 1.14629 0.657058 0.576029 0.224842
internal_count=5930 1957 523 3973 3694 2317 115 408 279 1434 1377 313 2010 307
is_linear=0
shrinkage=0.025


Tree=380
num_leaves=15
num_cat=0
split_feature=11 30 7 4 5 12 8 31 8 12 12 3 3 3
split_gain=0.09382 0.0585635 0.0313218 0.0262343 0.0164036 0.0117951 0.00938479 0.00843269 0.00822309 0.00798888 0.00492117 0.00464736 0.00372815 0.00354241
threshold=12.582556829267018 1.0000000180025095e-35 46.500000000000007 56.500000000000007 67.500000000000014 29.500000000000004 6.1058500000000011 1.0000000180025095e-35 6.315100000000001 8.5000000000000018 50.500000000000007 227780.00000000003 295380.00000000006 314273.50000000006
decision_type=10 2 2 10 8 8 10 2 8 10 10 10 10 10
left_child=7 2 3 4 -2 13 -5 8 -1 11 -11 -10 -7 -6
right_child=1 -3 -4 6 5 12 -8 -9 9 10 -12 -13 -14 -15
leaf_value=-0.0039977158086381588 -0.000370575727960732 -0.0028292369821654767 -0.0013026491116124757 -0.0021509793495819089 0.0078995861165417555 -0.0011168025821812076 0.0012916373831807042 0.0004071106105517368 0.0017399664913529808 -0.0022550719446015246 0.00049043523174739612 -0.00075715189666368391 0.00099438646404281382 0.00029930758190064785
leaf_weight=1.1898340130373986 0.094837147960788237 0.065792675028205738 0.073884055687812977 0.056211507748230249 0.83621317025972519 0.053356616408564261 0.046651773038320243 0.23195651079004154 0.33150985320389748 0.249068505683681 0.16708257957361639 0.035056143751717173 0.045118739784811623 0.1221386635734234
leaf_count=3967 46 52 56 52 149 37 4 455 796 122 12 138 10 34
internal_value=-9.16177e-10 0.00374407 0.0051449 0.00593399 0.00664524 0.0071489 -0.000834187 -0.00279733 -0.00318434 -0.000398983 -0.00158483 0.00112185 -0.000124845 0.00757841
internal_weight=3.59871 1.3942 1.32841 1.25453 1.15166 1.05683 0.102863 2.20451 1.97255 0.782717 0.416151 0.366566 0.0984754 0.958352
internal_count=5930 440 388 332 276 230 56 5490 5035 1068 134 934 47 183
is_linear=0
shrinkage=0.025


Tree=381
num_leaves=15
num_cat=0
split_feature=2 0 7 5 6 3 9 13 4 3 7 2 0 11
split_gain=0.0772282 0.092131 0.0295377 0.0288896 0.0454704 0.0258965 0.0239184 0.0198677 0.0170433 0.0180893 0.0169418 0.0139419 0.0100669 0.00948203
threshold=2016.5000000000002 4.2657000000000007 26.500000000000004 68.500000000000014 77.500000000000014 245183.50000000003 2.3679937500000006 20.500000000000004 57.500000000000007 310473.00000000006 3.5000000000000004 2018.5000000000002 5.6533000000000007 12.98410605426046
decision_type=10 10 2 10 8 10 8 10 8 10 2 10 8 10
left_child=3 11 8 5 13 -1 -6 -4 9 -3 -7 -2 -12 -5
right_child=1 2 7 4 6 10 -8 -9 -10 -11 12 -13 -14 -15
leaf_value=-0.0019636856905564598 0.00093295584612731119 0.0084842804830944918 -0.0028268847847004661 -0.001071583690582648 0.00070053350238025863 -0.0012357929835302664 -0.0075279118693891275 0.0020348843659306662 -0.00051509098135415251 -0.0004699442980635604 -0.00066291837246961046 -0.0034248085451130637 0.0040544548034808468 0.0025058967681737877
leaf_weight=0.93290976567732353 0.17090569839274372 0.60822223519426188 0.059310067845217418 0.063422696141060442 0.07522640975730599 0.11183897906448692 0.39753378126260941 0.085027923007146455 0.036013333658047486 0.044486598606454208 0.044749892183972406 0.39926755916894763 0.42697882426728029 0.13721637445269153
leaf_count=1555 161 285 72 188 164 185 1416 43 95 28 356 1273 94 15
internal_value=-3.45308e-09 0.00338446 0.00645559 -0.00254984 -0.0048148 -3.04365e-05 -0.00663195 -0.00068742 0.00747318 0.00795891 0.00234852 -0.00235631 0.00346058 0.00142441
internal_weight=3.59311 1.40323 0.83306 2.18988 0.673399 1.51648 0.47276 0.144338 0.688722 0.652709 0.583568 0.570173 0.471729 0.200639
internal_count=5930 1957 523 3973 1783 2190 1580 115 408 313 635 1434 450 203
is_linear=0
shrinkage=0.025


Tree=382
num_leaves=15
num_cat=0
split_feature=12 0 12 9 4 0 12 3 12 3 9 13 8 3
split_gain=0.0957274 0.100603 0.03809 0.030093 0.0297771 0.023559 0.0246206 0.0208875 0.0135794 0.0127814 0.0113289 0.00964859 0.00866806 0.0119616
threshold=9.5000000000000018 4.2657000000000007 17.500000000000004 4.3334924242424249 56.500000000000007 5.5964000000000009 30.500000000000004 315447.50000000006 7.5000000000000009 214661.00000000003 5.623612500000001 17.500000000000004 6.0657500000000004 221469.00000000003
decision_type=8 10 8 8 8 8 8 10 10 8 10 8 8 8
left_child=1 8 3 -2 7 -4 9 -3 -1 -7 11 -11 13 -8
right_child=2 4 5 -5 -6 6 12 -9 -10 10 -12 -13 -14 -15
leaf_value=-0.0033880502042717775 0.00050578828516473391 0.0084367738152580102 -0.0030195034369275764 -0.0074149335738168788 -0.00073675849300110956 -0.00091107246632323845 0.0010133687582957339 -0.00058373029596645151 0.00091836256561800267 -0.00046638783068406403 -0.00063845049107960942 0.0049738688098553644 0.0006369876445150083 -0.0032403058074197107
leaf_weight=0.39820038940888502 0.23810108118777895 0.67504559016379062 0.20390648973261671 0.23376969481614651 0.10749930780002614 0.033420483363442943 0.059067045673146024 0.041811258561210707 0.17048815210000612 0.052090774930547923 0.057051000316278078 0.47406052146106958 0.55174294629978249 0.28837058071803767
leaf_count=1273 315 343 1493 722 149 29 11 31 161 118 43 120 791 331
internal_value=-3.79881e-10 0.00377997 -0.00283422 -0.00578998 0.00696568 -0.000192499 0.00123684 0.00787709 -0.00233459 0.00323186 0.00389478 0.00448258 -0.00111261 -0.00230177
internal_weight=3.58463 1.39304 2.19158 0.471871 0.824356 1.71971 1.5158 0.716857 0.568689 0.616623 0.583202 0.526151 0.899181 0.347438
internal_count=5930 1957 3973 1037 523 2936 1443 374 1434 310 281 238 1133 342
is_linear=0
shrinkage=0.025


Tree=383
num_leaves=15
num_cat=0
split_feature=2 0 2 4 9 0 2 3 6 2 3 9 8 3
split_gain=0.075462 0.0884888 0.0289124 0.0265784 0.0245573 0.0231341 0.0242379 0.0189915 0.0192723 0.0133505 0.012653 0.0111576 0.00892161 0.0118062
threshold=2016.5000000000002 4.2657000000000007 2008.5000000000002 56.500000000000007 4.3334924242424249 5.5964000000000009 1995.5000000000002 315447.50000000006 71.500000000000014 2018.5000000000002 214661.00000000003 5.623612500000001 6.0657500000000004 221469.00000000003
decision_type=10 10 10 8 8 8 10 10 8 10 8 10 8 8
left_child=2 9 5 7 -4 -1 12 8 -3 -2 -8 -12 13 -7
right_child=1 3 4 -5 -6 6 10 -9 -10 -11 11 -13 -14 -15
leaf_value=-0.0030012994344799523 0.00091601562238663751 -0.00048465703307607236 0.00048709939588585454 -0.00073620405009401386 -0.0065930056919553505 0.00099817124440844895 -0.00090984407778149081 -0.00058651060272248178 0.0083437482746738147 -0.0033458760139219537 0.0044458920352670886 -0.00063420125856188049 0.00065508975106500227 -0.0032476178148427557
leaf_weight=0.20311657387719662 0.17045233859244013 0.054936497239395976 0.2373725812340125 0.10763274862620165 0.22610897744743852 0.058448720097658224 0.033407265349524096 0.041898952196788741 0.62640493207072723 0.39721622544311685 0.52493953308294294 0.057026228081667796 0.55153600751509657 0.28704631868458819
leaf_count=1493 161 26 315 149 722 11 29 31 317 1273 238 43 791 331
internal_value=-1.47588e-09 0.00334776 -0.00252587 0.00635353 -0.0051118 -0.000202072 0.00121883 0.00722357 0.00776703 -0.00229816 0.00319995 0.00386187 -0.00111064 -0.00232132
internal_weight=3.57754 1.39854 2.179 0.830873 0.463482 1.71552 1.5124 0.72324 0.681341 0.567669 0.615373 0.581966 0.897031 0.345495
internal_count=5930 1957 3973 523 1037 2936 1443 374 343 1434 310 281 1133 342
is_linear=0
shrinkage=0.025


Tree=384
num_leaves=15
num_cat=0
split_feature=12 0 7 12 9 0 12 13 3 4 12 3 9 13
split_gain=0.074604 0.0869438 0.0298725 0.0288849 0.024215 0.022975 0.0239206 0.019961 0.017402 0.0174405 0.0132026 0.0125567 0.0110846 0.00959172
threshold=9.5000000000000018 4.2657000000000007 26.500000000000004 17.500000000000004 4.3334924242424249 5.5964000000000009 30.500000000000004 20.500000000000004 310473.00000000006 57.500000000000007 7.5000000000000009 214661.00000000003 5.623612500000001 17.500000000000004
decision_type=8 10 2 8 8 8 8 10 10 8 10 8 10 8
left_child=1 10 8 4 -2 -5 11 -4 9 -3 -1 -7 13 -13
right_child=3 2 7 5 -6 6 -8 -9 -10 -11 -12 12 -14 -15
leaf_value=-0.003318762979117278 0.00047738044197752089 0.0083575380347208628 -0.0028560670065723021 -0.0029859037034139198 -0.0065686013558037409 -0.00090706640288663897 -0.0010992297714718751 0.0020223854961931402 -0.00050664225924193084 -0.00049461547657097843 0.0009145443542388443 -0.00047014582029243542 -0.00063278232857390618 0.0049197930019302047
leaf_weight=0.39600122776391822 0.23773371164497836 0.60539823045837693 0.059733057438279502 0.20238835004420219 0.22496918265460408 0.033325991855235659 0.895297977840528 0.084842161482811207 0.04435742148780264 0.035572157350543421 0.17037096150306752 0.052258917516155634 0.057079593039816245 0.47352924978622468
leaf_count=1273 315 285 72 1493 722 29 1133 43 33 90 161 118 43 120
internal_value=2.09286e-09 0.00333038 0.00630807 -0.00251229 -0.00509705 -0.000193463 0.00122046 -0.000727518 0.00734329 0.00786423 -0.00227445 0.0031856 0.00384482 0.00442705
internal_weight=3.57286 1.39628 0.829903 2.17658 0.462703 1.71388 1.51149 0.144575 0.685328 0.64097 0.566372 0.616194 0.582868 0.525788
internal_count=5930 1957 523 3973 1037 2936 1443 115 408 375 1434 310 281 238
is_linear=0
shrinkage=0.025


Tree=385
num_leaves=15
num_cat=0
split_feature=2 0 7 2 9 0 2 13 3 4 2 3 9 3
split_gain=0.0733629 0.085075 0.0300664 0.0287835 0.0241971 0.0228378 0.0233336 0.0195396 0.0173357 0.0172611 0.0130902 0.0112529 0.0113709 0.00908613
threshold=2016.5000000000002 4.2657000000000007 26.500000000000004 2008.5000000000002 4.3334924242424249 5.5964000000000009 1995.5000000000002 20.500000000000004 310473.00000000006 57.500000000000007 2018.5000000000002 214661.00000000003 5.628962500000001 225259.00000000003
decision_type=10 10 2 10 8 8 8 10 10 8 10 8 10 8
left_child=3 10 8 5 -5 -1 13 -4 9 -3 -2 -8 -13 -7
right_child=1 2 7 4 -6 6 11 -9 -10 -11 -12 12 -14 -15
leaf_value=-0.002969736791416139 0.00091676193034545116 0.0083070873517329738 -0.0028435405908646405 0.00048163478236393507 -0.0065460058180606198 0.00084281104648219424 -0.00090513020357524973 0.0019891935001705332 -0.0005089164739506463 -0.00049292867782615697 -0.003289335774283508 0.0039305540856598769 -0.00079309728860157817 -0.0023855876891851775
leaf_weight=0.20170037569914767 0.17040770674793726 0.60381185578444274 0.059613068820908666 0.23819258794719633 0.22380322719254764 0.25030886771855865 0.033292261170572712 0.083618169570399914 0.044438035547500476 0.035530878227291396 0.39473433484090492 0.8041460962194833 0.032834477395226713 0.3900182899160427
leaf_count=1493 161 285 72 315 722 38 29 43 33 90 1273 1207 43 126
internal_value=-1.17454e-09 0.00330612 0.00625256 -0.0024915 -0.00507161 -0.000182162 0.00122467 -0.00075009 0.00729372 0.00781567 -0.00224565 0.00285354 0.00341438 -0.00137914
internal_weight=3.56645 1.39215 0.827012 2.1743 0.461996 1.7123 1.5106 0.143231 0.683781 0.639343 0.565142 0.870273 0.836981 0.640327
internal_count=5930 1957 523 3973 1037 2936 1443 115 408 375 1434 1279 1250 164
is_linear=0
shrinkage=0.025


Tree=386
num_leaves=15
num_cat=0
split_feature=2 0 7 5 6 3 9 13 3 4 7 2 2 0
split_gain=0.0728589 0.0832193 0.0298655 0.0287637 0.044159 0.0248218 0.023628 0.0195339 0.0171532 0.0171566 0.0163787 0.0130394 0.00973993 0.0111225
threshold=2016.5000000000002 4.2657000000000007 26.500000000000004 68.500000000000014 77.500000000000014 245183.50000000003 2.3679937500000006 20.500000000000004 310473.00000000006 57.500000000000007 3.5000000000000004 2018.5000000000002 1985.5000000000002 5.6533000000000007
decision_type=10 10 2 10 8 10 8 10 10 8 2 10 10 8
left_child=3 11 8 5 -5 -1 -6 -4 9 -3 -7 -2 -12 -14
right_child=1 2 7 4 6 10 -8 -9 -10 -11 12 -13 13 -15
leaf_value=-0.0018953544165982853 0.00092524642922795983 0.0082590794963685651 -0.0028446090382004499 0.0014101197228372051 0.00070520762167486861 -0.0012077160812493486 -0.0074344872006606088 0.0019878163688774272 -0.00050854285292170338 -0.00049353507927207461 -0.00065825787751492876 -0.0032559555921904274 -0.00063666621085853932 0.0046071862856405799
leaf_weight=0.92750355618045499 0.17085302686973569 0.60236929609527579 0.059567722302745096 0.19813380955019966 0.074897051548759808 0.1114341303036781 0.39291981859787484 0.083627247033291496 0.044007042168232147 0.03553436374568264 0.040359917089517694 0.39351645723581896 0.043852223281646729 0.38368706408073194
leaf_count=1555 161 285 72 203 164 185 1416 43 33 90 8 1273 354 88
internal_value=-3.52997e-09 0.00329704 0.00620901 -0.00248306 -0.0047469 1.19251e-05 -0.0065387 -0.000752281 0.00724896 0.00776787 0.00233212 -0.00220785 0.0034236 0.00400011
internal_weight=3.56226 1.38948 0.825106 2.17279 0.665951 1.50684 0.467817 0.143195 0.681911 0.637904 0.579333 0.564369 0.467899 0.427539
internal_count=5930 1957 523 3973 1783 2190 1580 115 408 375 635 1434 450 442
is_linear=0
shrinkage=0.025


Tree=387
num_leaves=15
num_cat=0
split_feature=2 0 7 2 0 12 13 3 4 10 2 3 3 8
split_gain=0.0714485 0.0815951 0.029897 0.0285979 0.0225043 0.0229568 0.0195906 0.0170058 0.0168417 0.0146946 0.0128029 0.0111364 0.00886345 0.00853251
threshold=2016.5000000000002 4.2657000000000007 26.500000000000004 2008.5000000000002 5.5964000000000009 30.500000000000004 20.500000000000004 310473.00000000006 57.500000000000007 1.5000000000000002 2018.5000000000002 214661.00000000003 225259.00000000003 6.0657500000000004
decision_type=10 10 2 10 8 10 10 10 8 8 10 8 8 8
left_child=3 10 7 4 -1 11 -4 8 -3 -5 -2 -6 -7 -14
right_child=1 2 6 9 5 12 -8 -9 -10 -11 -12 -13 13 -15
leaf_value=-0.0029383184157931418 0.00091718916107853636 0.0082017306064313469 -0.0028557414648569153 0.00020229214837805081 -0.0009001012159689279 0.0008330377970812632 0.0019854827088115323 -0.00050840462138881839 -0.00048732052311001848 -0.0060739308472577934 -0.003225854279907567 0.0033987930731793239 -0.0032219784140144121 0.0005641329280190524
leaf_weight=0.20033634411447621 0.17080288099896257 0.60031282670388464 0.059640929248416796 0.20988196789767233 0.033183868654305115 0.25000805777381174 0.083577004006656352 0.044009991463099141 0.035525581497495295 0.25001512226663181 0.39259966423924197 0.83596346393460408 0.22064753720042063 0.16898807387042325
leaf_count=1493 161 285 72 279 29 38 43 33 90 758 1273 1250 99 27
internal_value=9.12981e-09 0.00326709 0.00615188 -0.00246031 -0.00016574 0.00122687 -0.000765066 0.00719703 0.00771513 -0.00503306 -0.00218656 0.00284092 -0.00136135 -0.00235561
internal_weight=3.55549 1.38647 0.823066 2.16902 1.70913 1.50879 0.143218 0.679848 0.635838 0.459897 0.563403 0.869147 0.639644 0.389636
internal_count=5930 1957 523 3973 2936 1443 115 408 375 1037 1434 1279 164 126
is_linear=0
shrinkage=0.025


Tree=388
num_leaves=15
num_cat=0
split_feature=2 0 6 5 4 9 0 2 0 6 3 8 2 2
split_gain=0.0901533 0.0896437 0.0292512 0.0366665 0.0286792 0.0234711 0.0138237 0.0125026 0.00910487 0.00348181 0.00347038 0.00346105 0.00692024 0.00542828
threshold=2016.5000000000002 4.2657000000000007 77.500000000000014 68.500000000000014 56.500000000000007 2.3679937500000006 5.6401500000000011 2018.5000000000002 5.9030500000000012 74.500000000000014 230840.00000000003 4.9261000000000008 1963.5000000000002 1986.5000000000002
decision_type=10 10 8 10 8 8 10 10 10 10 8 8 10 10
left_child=2 7 6 8 -3 -5 -1 10 11 -6 -2 13 -13 -4
right_child=1 4 3 5 9 -7 -8 -9 -10 -11 -12 12 -14 -15
leaf_value=-0.0013132215809858712 0.0015540416717457338 0.0075850069517811418 -0.0011100108389824287 0.00070818684683511492 -0.0014606876727428753 -0.0073788002759947631 0.0029215891238266408 -0.0031868116357330611 0.0015579934314194613 0.00070713366748641649 -0.00064150515114494531 0.00046723795531392054 -0.0025485021644516652 0.0012059030475051428
leaf_weight=0.0804584850120591 0.11792195308953501 0.70803268140298314 0.20391566354373991 0.074835466388321836 0.071763407690013992 0.39023089056354365 0.16238275344949216 0.39121958122996148 0.09627452678978432 0.034890347073087469 0.052436217829381349 0.30754653473195515 0.50752724880658207 0.35082488272382761
leaf_count=261 34 374 193 164 135 1416 18 1273 12 14 127 909 749 251
internal_value=-7.09757e-10 0.00368239 -0.00275688 -0.00365981 0.0066798 -0.00648234 0.00159081 -0.00215897 -0.000498931 -0.000753357 0.000907546 -0.00123993 -0.00178009 0.000188201
internal_weight=3.55026 1.37626 2.174 1.93116 0.814686 0.465066 0.242841 0.561578 1.46609 0.106654 0.170358 1.36981 0.815074 0.554741
internal_count=5930 1957 3973 3694 523 1580 279 1434 2114 149 161 2102 1658 444
is_linear=0
shrinkage=0.025


Tree=389
num_leaves=15
num_cat=0
split_feature=2 0 7 2 9 0 2 13 3 2 3 9 3 8
split_gain=0.0686893 0.0782963 0.029759 0.0286377 0.0237057 0.0223133 0.022488 0.0194656 0.016956 0.0123508 0.0110116 0.0111375 0.00888817 0.00838579
threshold=2016.5000000000002 4.2657000000000007 26.500000000000004 2008.5000000000002 4.3334924242424249 5.5964000000000009 1995.5000000000002 20.500000000000004 310473.00000000006 2018.5000000000002 214661.00000000003 5.628962500000001 225259.00000000003 6.0657500000000004
decision_type=10 10 2 10 8 8 8 10 10 10 8 10 8 8
left_child=3 9 8 5 -5 -1 12 -4 -3 -2 -8 -12 -7 -14
right_child=1 2 7 4 -6 6 10 -9 -10 -11 11 -13 13 -15
leaf_value=-0.0029048443498700684 0.00090295486194449904 0.0076091894587922496 -0.0028600378763921665 0.00048466855843672698 -0.0064527503253727445 0.00084729716823327389 -0.00089272789023728304 0.0019696241018943117 -0.0005183854650484763 -0.0031657848717872288 0.0038996558374132409 -0.000783447301888264 -0.0031916033977641696 0.00056045713293698097
leaf_weight=0.19887761961581474 0.17028106476936933 0.63196628595324 0.059766833488538396 0.23801922015991284 0.2199687569955131 0.25038627440517292 0.03300118778133776 0.083174358391261194 0.043846368964295834 0.38992697661524289 0.80297689885628643 0.032556416997977067 0.22051435268804198 0.1686734541435726
leaf_count=1493 161 375 72 315 722 38 29 43 33 1273 1207 43 99 27
internal_value=2.56592e-09 0.00320972 0.00603672 -0.00241259 -0.00498778 -0.000134343 0.00124352 -0.000785278 0.0070872 -0.00214298 0.00283637 0.00338977 -0.0013302 -0.00233259
internal_weight=3.54394 1.37896 0.818754 2.16497 0.457988 1.70699 1.50811 0.142941 0.675813 0.560208 0.868535 0.835533 0.639574 0.389188
internal_count=5930 1957 523 3973 1037 2936 1443 115 408 1434 1279 1250 164 126
is_linear=0
shrinkage=0.025


Tree=390
num_leaves=15
num_cat=0
split_feature=12 0 7 5 6 3 9 13 3 4 7 12 12 0
split_gain=0.0682847 0.0766789 0.029654 0.0282287 0.0430988 0.0237454 0.0233307 0.0195092 0.017198 0.0165482 0.016069 0.0121677 0.00953198 0.0107323
threshold=9.5000000000000018 4.2657000000000007 26.500000000000004 68.500000000000014 77.500000000000014 245183.50000000003 2.3679937500000006 20.500000000000004 310473.00000000006 57.500000000000007 3.5000000000000004 7.5000000000000009 41.500000000000007 5.6533000000000007
decision_type=8 10 2 10 8 10 8 10 10 8 2 10 10 8
left_child=1 11 8 5 -5 -2 -6 -4 9 -3 -7 -1 13 -12
right_child=3 2 7 4 6 10 -8 -9 -10 -11 12 -13 -14 -15
leaf_value=-0.0031295538743951641 -0.0018290269340431754 0.0080627052489235015 -0.0028657700911292865 0.0014067232743786937 0.0007107890968052707 -0.0011982809626573613 -0.0073293455492840151 0.0019700128592028869 -0.00053281786703232852 -0.00048864779013152101 -0.00062137485663754579 0.00090150396905786998 -0.00065002945838259045 0.004555447268115174
leaf_weight=0.38817753949115308 0.92666652662956062 0.5954873548616888 0.059761979806353338 0.19706898552249186 0.074781788367545121 0.11045934507637867 0.38783944079114008 0.083146187556849327 0.043493551042047329 0.035700731590623036 0.043376850562708569 0.17033121906933957 0.040546320735302288 0.38164880176191218
leaf_count=1273 1555 285 72 203 164 185 1416 43 33 90 354 161 8 88
internal_value=-1.74402e-10 0.00320244 0.0059962 -0.00240619 -0.00465392 4.58494e-05 -0.0064323 -0.000790284 0.00704723 0.00757598 0.00230876 -0.00211055 0.0033907 0.00396182
internal_weight=3.53849 1.3761 0.81759 2.16239 0.65969 1.5027 0.462621 0.142908 0.674682 0.631188 0.576031 0.558509 0.465572 0.425026
internal_count=5930 1957 523 3973 1783 2190 1580 115 408 375 635 1434 450 442
is_linear=0
shrinkage=0.025


Tree=391
num_leaves=15
num_cat=0
split_feature=2 11 7 2 11 12 13 3 4 10 2 3 3 8
split_gain=0.0671344 0.0750607 0.0293766 0.028631 0.0219618 0.0220357 0.0195111 0.0170621 0.0163712 0.0146045 0.0119584 0.0108885 0.00863791 0.0081756
threshold=2016.5000000000002 9.8221323815693236 26.500000000000004 2008.5000000000002 12.885570782252499 30.500000000000004 20.500000000000004 310473.00000000006 57.500000000000007 1.5000000000000002 2018.5000000000002 214661.00000000003 225259.00000000003 6.0657500000000004
decision_type=10 10 2 10 8 10 10 10 8 8 10 8 8 8
left_child=3 10 7 4 -1 11 -4 8 -3 -5 -2 -6 -7 -14
right_child=1 2 6 9 5 12 -8 -9 -10 -11 -12 -13 13 -15
leaf_value=-0.002871582780542079 0.00089642339834659294 0.0080039029018479767 -0.00286723194449708 0.00021218922093746933 -0.00088790986020070557 0.00083632545854073887 0.001969216685752393 -0.00053358721005905161 -0.00048755072873558723 -0.0060067452285019647 -0.0030961095226985651 0.0033708696161215608 -0.0031471451438076351 0.00055511745086699905
leaf_weight=0.19744759601599127 0.17028454801402382 0.59367088478757069 0.059718950265960302 0.20983266281473323 0.03290826924785506 0.2501648124307394 0.083101034244464245 0.043532556246645981 0.035688430005393457 0.24537468708876986 0.38772204200722626 0.83445810982811963 0.21983456603629747 0.16838676661427598
leaf_count=1493 161 285 72 279 29 38 43 33 90 758 1273 1250 99 27
internal_value=-5.02102e-09 0.00317677 0.00594159 -0.00238752 -0.000117209 0.00124583 -0.000792425 0.00699018 0.00751868 -0.0049642 -0.00208437 0.00282033 -0.00130913 -0.0022982
internal_weight=3.53213 1.37372 0.815712 2.15841 1.7032 1.50575 0.14282 0.672892 0.629359 0.455207 0.558007 0.867366 0.638386 0.388221
internal_count=5930 1957 523 3973 2936 1443 115 408 375 1037 1434 1279 164 126
is_linear=0
shrinkage=0.025


Tree=392
num_leaves=15
num_cat=0
split_feature=2 0 32 6 5 13 9 0 8 2 0 11 6 3
split_gain=0.0863236 0.0831012 0.0690857 0.0277759 0.0353624 0.0257653 0.0231075 0.0133086 0.0129031 0.0118324 0.00886123 0.00388316 0.00349083 0.00344529
threshold=2016.5000000000002 4.2657000000000007 1.0000000180025095e-35 77.500000000000014 68.500000000000014 16.500000000000004 2.3679937500000006 5.6401500000000011 5.9313000000000011 2018.5000000000002 5.9030500000000012 13.8902911991607 79.500000000000014 230840.00000000003
decision_type=10 10 2 8 10 8 8 10 10 10 10 10 10 8
left_child=3 9 5 7 10 8 -6 -1 -3 13 -5 -8 -7 -2
right_child=1 2 -4 4 6 12 11 -9 -10 -11 -12 -13 -14 -15
leaf_value=-0.0012936390401285705 0.0015436799136251398 0.0017059475603195757 -0.0023926910270384307 -0.0012148549905518415 0.00071410156964431671 0.0090035937626389475 -0.0073993564432023517 0.0028591664471694775 -0.0022236210273871336 -0.003065076918463579 0.0015445725447242526 0.00012808087346102446 5.8119713569835643e-05 -0.0006412231664468279
leaf_weight=0.07986779065686278 0.11783736434881553 0.076934762793825939 0.030396836380532477 1.3660022026579106 0.074736046291945857 0.62332064703514334 0.37560557109100046 0.16008492960827425 0.037014455876487773 0.38620294498832664 0.095660648774355539 0.0096028347034007311 0.041017172683496028 0.052536746876285179
leaf_count=261 34 84 69 2102 164 342 1410 18 24 1273 12 6 4 127
internal_value=5.94353e-10 0.00361225 0.00649205 -0.00270244 -0.00358153 0.00798942 -0.00635765 0.00154838 -0.000420785 -0.0020546 -0.000480172 -0.00725471 0.00881806 0.000897723
internal_weight=3.52682 1.36526 0.808684 2.16156 1.92161 0.778287 0.459944 0.239953 0.113949 0.556577 1.46166 0.385208 0.664338 0.170374
internal_count=5930 1957 523 3973 3694 454 1580 279 108 1434 2114 1416 346 161
is_linear=0
shrinkage=0.025


Tree=393
num_leaves=15
num_cat=0
split_feature=2 0 32 6 5 9 5 13 0 2 0 3 11 8
split_gain=0.0837579 0.0809698 0.068435 0.027322 0.0344112 0.0227627 0.0162358 0.0227449 0.0132247 0.0117001 0.00882077 0.00608799 0.00385713 0.00317714
threshold=2016.5000000000002 4.2657000000000007 1.0000000180025095e-35 77.500000000000014 68.500000000000014 2.3679937500000006 75.500000000000014 13.500000000000002 5.6401500000000011 2020.5000000000002 5.9030500000000012 230840.00000000003 13.8902911991607 4.9261000000000008
decision_type=10 10 2 8 10 8 10 10 10 10 10 8 10 8
left_child=3 9 6 8 10 -6 7 -3 -1 11 13 -2 -7 -5
right_child=1 2 -4 4 5 12 -8 -9 -10 -11 -12 -13 -14 -15
leaf_value=-0.0012894770626769433 0.0017488502072711685 -0.00064418687007062572 -0.0023954920835624364 0.00017235863454112207 0.0007136157559753855 -0.0073164917243860213 -0.0001871274986403739 0.0090467430594840543 0.0028507701223604263 -0.0031347196832846886 0.0015431173451629066 -0.00097779274801169415 0.00012917252959262417 -0.0017260433650844384
leaf_weight=0.079760989465285093 0.15948882652446605 0.028185572300571948 0.030399896830203943 0.55267521123823882 0.07473163072427258 0.3738383762902231 0.10020118218380958 0.64809264220821206 0.159745609969832 0.31985606589660165 0.095526527380570658 0.076149550201080274 0.0096138982335105538 0.81290939586506294
leaf_count=261 82 66 69 444 164 1410 42 346 18 1122 12 230 6 1658
internal_value=-3.73182e-09 0.0035606 0.00640515 -0.00266287 -0.00353693 -0.00627789 0.0079042 0.0084995 0.00154403 -0.0020327 -0.000475808 0.000789487 -0.00717138 -0.00120966
internal_weight=3.52118 1.36237 0.806879 2.1588 1.9193 0.458184 0.776479 0.676278 0.239507 0.555494 1.46111 0.235638 0.383452 1.36558
internal_count=5930 1957 523 3973 3694 1580 454 412 279 1434 2114 312 1416 2102
is_linear=0
shrinkage=0.025


Tree=394
num_leaves=15
num_cat=0
split_feature=2 11 32 2 13 9 11 12 5 8 2 3 9 3
split_gain=0.0626532 0.0698848 0.0628864 0.0280435 0.0237419 0.0232484 0.0215647 0.0221036 0.0156036 0.0129473 0.0115912 0.0108129 0.0108506 0.00814056
threshold=2016.5000000000002 9.8221323815693236 1.0000000180025095e-35 2008.5000000000002 16.500000000000004 4.3334924242424249 12.885570782252499 30.500000000000004 75.500000000000014 5.9313000000000011 2020.5000000000002 214661.00000000003 5.628962500000001 225259.00000000003
decision_type=10 10 2 10 8 8 8 10 10 10 10 8 10 8
left_child=3 10 4 6 9 -5 -1 11 -6 -3 -2 -8 -13 -9
right_child=1 2 -4 5 8 -7 7 13 -10 -11 -12 12 -14 -15
leaf_value=-0.0028195392561045944 0.00078890501530996598 0.001687048103287607 -0.0024014020591409265 0.00049895115763655049 0.008652455860059317 -0.0063190626881771406 -0.00087822968607259371 0.00080024535838639672 -0.00015444169995794694 -0.0022546911995032976 -0.0031134366979563371 0.0038866983841493031 -0.00076648586231673117 -0.0022564427620786194
leaf_weight=0.19515551981021473 0.23557533125494934 0.076539487330592237 0.030458558700047433 0.23831645403879509 0.56833135208216845 0.21542028688782011 0.032681780299753882 0.24875234298815485 0.099133259682275821 0.037320651012123562 0.31841264999093255 0.7983473130807397 0.032049922599981073 0.38784917743032565
leaf_count=1493 312 84 69 315 309 722 29 38 37 24 1122 1207 43 126
internal_value=5.4465e-09 0.00307423 0.00574183 -0.0023099 0.00722917 -0.00485814 -7.8087e-05 0.0012639 0.00803625 -0.000469237 -0.0020142 0.00284027 0.00338647 -0.00130288
internal_weight=3.51434 1.36577 0.811783 2.14857 0.781325 0.453737 1.69484 1.49968 0.667465 0.11386 0.553988 0.863079 0.830397 0.636602
internal_count=5930 1957 523 3973 454 1037 2936 1443 346 108 1434 1279 1250 164
is_linear=0
shrinkage=0.025


Tree=395
num_leaves=15
num_cat=0
split_feature=0 32 30 13 2 13 1 2 3 4 13 31 5 2
split_gain=0.0710166 0.0888245 0.0762559 0.0485279 0.0290777 0.0257178 0.0141054 0.00818138 0.00764546 0.00680114 0.00559127 0.00468793 0.00389193 0.00329667
threshold=5.0760000000000014 1.0000000180025095e-35 1.0000000180025095e-35 16.500000000000004 1995.5000000000002 25.500000000000004 4.5000000000000009 1974.5000000000002 326855.00000000006 56.500000000000007 28.500000000000004 1.0000000180025095e-35 63.500000000000007 1959.5000000000002
decision_type=10 2 2 8 10 8 10 10 10 10 8 2 10 10
left_child=7 2 3 6 12 8 -2 13 9 -6 -7 -9 -5 -1
right_child=1 -3 -4 4 5 10 -8 11 -10 -11 -12 -13 -14 -15
leaf_value=-0.00075628641485297739 -0.0027644555199633643 -0.0040872036581392612 -0.0028956469782875846 0.00082376963766617347 0.0097558003512574591 -0.0015525338809804371 0.0014464701367520203 -0.0033624374378036282 1.5808687515496819e-05 6.9930912287752492e-05 0.0010655547810759847 0.00017338710619701329 -0.0013964338080722303 0.0010852905667469476
leaf_weight=0.3110136811264973 0.07605422334745493 0.072995366288523544 0.06902802341573977 0.043525528104510269 0.81059746530809174 0.032781911810161657 0.088299555631238036 1.4468856787243565 0.058409840879903641 0.061367123227682896 0.063206472892488819 0.15463352572987776 0.069135539073613472 0.15131229296821402
leaf_count=1075 200 163 128 13 354 29 69 3353 70 30 77 259 96 14
internal_value=4.61269e-09 0.00317711 0.00512343 0.00662088 0.00778435 0.0085297 -0.00120282 -0.0025358 0.00919758 0.00947563 -0.000429315 -0.00308562 -0.000569223 0.000176436
internal_weight=3.50925 1.4454 1.37241 1.30338 1.13902 1.02636 0.164354 2.06385 0.930374 0.871965 0.0959884 1.60152 0.112661 0.462326
internal_count=5930 1229 1066 938 669 560 269 4701 454 384 106 3612 109 1089
is_linear=0
shrinkage=0.025


Tree=396
num_leaves=15
num_cat=0
split_feature=12 0 32 4 12 6 9 0 12 12 3 9 3 8
split_gain=0.0611848 0.0665999 0.0615579 0.0341685 0.0283199 0.0242939 0.0228625 0.0213932 0.0217564 0.0116183 0.0106923 0.0108024 0.00798734 0.00819367
threshold=9.5000000000000018 4.2657000000000007 1.0000000180025095e-35 56.500000000000007 17.500000000000004 71.500000000000014 4.3334924242424249 5.5964000000000009 30.500000000000004 5.5000000000000009 214661.00000000003 5.628962500000001 225259.00000000003 6.0657500000000004
decision_type=8 10 2 10 8 8 8 8 10 10 8 10 8 8
left_child=1 9 3 5 6 -3 -2 -6 10 -1 -9 -12 -10 -14
right_child=4 2 -4 -5 7 -7 -8 8 12 -11 11 -13 13 -15
leaf_value=-0.0030603649765398267 0.00048915631098325198 -0.00061109260966188384 -0.002386004846823349 -0.000895214223079645 -0.0027919466104215445 0.0087821038034626951 -0.0062935298670007689 -0.00087068318417498302 0.00079757114876842462 0.00081367526049760204 0.0038781274913044783 -0.00076484206576073828 -0.0030856615769100952 0.00057652211820205231
leaf_weight=0.31623991271044383 0.23767913248048023 0.054742054271628149 0.030316331991343759 0.095707670981937554 0.19411215273794336 0.62669117154291598 0.21392488244964625 0.032532652738154866 0.24816675327019766 0.23609139164545923 0.79757242260529893 0.032022631596191786 0.21954074516543187 0.16815678923740052
leaf_count=1122 315 27 69 88 1493 339 722 29 38 312 1207 43 99 27
internal_value=-9.28366e-10 0.00304247 0.00564439 0.00712399 -0.0022838 0.00811286 -0.00484599 -5.39153e-05 0.00127653 -0.00194701 0.00283701 0.00337882 -0.00128013 -0.00222644
internal_weight=3.5035 1.35979 0.807457 0.777141 2.14371 0.681433 0.451604 1.6921 1.49799 0.552331 0.862128 0.829595 0.635864 0.387698
internal_count=5930 1957 523 454 3973 366 1037 2936 1443 1434 1279 1250 164 126
is_linear=0
shrinkage=0.025


Tree=397
num_leaves=15
num_cat=0
split_feature=2 0 32 4 6 9 2 6 2 0 9 2 31 8
split_gain=0.0697682 0.0589472 0.0632222 0.0339109 0.0283474 0.0358086 0.0248794 0.0236052 0.0168711 0.0122591 0.012103 0.00930285 0.00908843 0.00748593
threshold=2016.5000000000002 4.2657000000000007 1.0000000180025095e-35 56.500000000000007 77.500000000000014 2.3679937500000006 1989.5000000000002 71.500000000000014 2020.5000000000002 5.6401500000000011 3.960509197324416 1984.5000000000002 1.0000000180025095e-35 6.1058500000000011
decision_type=8 10 2 8 8 8 10 8 10 10 8 10 2 10
left_child=4 8 3 7 9 -6 11 -3 10 -1 -2 -7 -8 -5
right_child=1 2 -4 13 5 6 12 -9 -10 -11 -12 -13 -14 -15
leaf_value=-0.0012150375252310257 -0.0013679928434435222 -0.00058858677122173219 -0.002441169454374878 -0.0019855273279054081 0.00090424029958081605 -0.0014642448101532361 -0.006837995189070991 0.0087849612667825882 -0.0030598584757642829 0.0028062752355733547 0.0022720806343568484 0.0016196645726851535 0.00033271321566872273 0.0011131796612347314
leaf_weight=0.077582869133038912 0.13247326327473252 0.054513604321982712 0.033223307676962577 0.058818073252041359 0.48988264623767475 0.27578974519565236 0.66254642534840968 0.61466648227724363 0.29380431072058855 0.1571992397075519 0.36982211561189615 0.17398997837153729 0.022654626402072608 0.047191318750265054
leaf_count=259 381 27 108 146 369 68 2079 306 1122 18 953 49 36 9
internal_value=1.1009e-09 0.00296006 0.0055879 0.00711333 -0.00269597 -0.00367548 -0.00514985 0.00812621 -0.00133385 0.0015696 0.0010405 2.3039e-05 -0.00654417 -0.000846828
internal_weight=3.46416 1.60451 0.808413 0.775189 1.85965 1.62486 1.13498 0.66918 0.7961 0.234782 0.502295 0.44978 0.685201 0.106009
internal_count=5930 3052 596 488 2878 2601 2232 333 2456 277 1334 117 2115 155
is_linear=0
shrinkage=0.025


Tree=398
num_leaves=15
num_cat=0
split_feature=0 32 30 13 3 12 13 1 2 31 4 13 2 10
split_gain=0.0713226 0.0879349 0.0743553 0.0484713 0.0276787 0.0227346 0.0235633 0.0138779 0.0127596 0.00748841 0.00689779 0.00511364 0.0039599 0.00502029
threshold=5.0631000000000013 1.0000000180025095e-35 1.0000000180025095e-35 16.500000000000004 329620.00000000006 30.500000000000004 25.500000000000004 4.5000000000000009 1974.5000000000002 1.0000000180025095e-35 56.500000000000007 28.500000000000004 1959.5000000000002 1.0000000180025095e-35
decision_type=10 2 2 8 10 8 8 10 10 2 10 10 8 8
left_child=8 2 3 7 5 6 10 -2 12 -10 -5 -8 -1 -14
right_child=1 -3 -4 4 -6 -7 11 -9 9 -11 -12 -13 13 -15
leaf_value=-0.00093578697514430621 -0.0027483627333395239 -0.0040529808427032981 -0.0028371294594383947 0.0098800982292699506 -0.00079708055869845331 -0.00032693191033015135 -0.0014305969136899598 0.0014326322076786779 -0.0036442932584215253 0.00034086147367484113 7.3854143110104267e-05 0.0010693065290823716 -0.00075840335748427541 0.0017995172266194492
leaf_weight=0.03736787801608521 0.077163745503639469 0.072347271707258076 0.06810556026539405 0.82519852394034354 0.048458949404448615 0.10427331518803851 0.045522457083279733 0.086655241742846556 1.4151974873857396 0.15312694136810012 0.061494506218878087 0.04132665618089959 0.067802748111716937 0.35416790182716795
leaf_count=5 210 167 131 372 97 99 83 70 3313 259 31 9 180 904
internal_value=1.05267e-09 0.00318956 0.00513043 0.00660625 0.00777538 0.00835892 0.0089835 -0.00120608 -0.00256051 -0.00327398 0.00959962 -0.000351681 0.000449702 0.0011442
internal_weight=3.45821 1.43055 1.3582 1.29009 1.12627 1.07782 0.973542 0.163819 2.02766 1.56832 0.886693 0.0868491 0.459339 0.421971
internal_count=5930 1269 1102 971 691 594 495 280 4661 3572 403 92 1089 1084
is_linear=0
shrinkage=0.025


Tree=399
num_leaves=15
num_cat=0
split_feature=2 0 32 6 9 2 13 5 5 2 8 9 0 31
split_gain=0.0669339 0.0550341 0.0621025 0.0275331 0.035492 0.0242823 0.0236741 0.0193253 0.0171708 0.0169053 0.0133403 0.0120966 0.012038 0.0103951
threshold=2016.5000000000002 4.2657000000000007 1.0000000180025095e-35 77.500000000000014 2.3679937500000006 1989.5000000000002 16.500000000000004 68.500000000000014 75.500000000000014 2020.5000000000002 5.9313000000000011 3.960509197324416 5.6401500000000011 1.0000000180025095e-35
decision_type=8 10 2 8 8 10 10 8 10 10 10 8 10 2
left_child=3 9 6 12 -5 -6 10 -7 -8 11 -3 -2 -1 -9
right_child=1 2 -4 4 5 7 8 13 -10 -11 -12 -13 -14 -15
leaf_value=-0.0012037674039095064 -0.0013519035961196088 0.0017034984612154316 -0.0024447000957392969 0.00092038465558054667 2.4192929181978909e-05 0.00038236235662071595 0.0084784165487537932 -0.0076031889149574114 -0.00023642517343096801 -0.0030084930941251444 -0.0022887535037520649 0.0022968135680471419 0.0027825450542930744 0.00033703328613519544
leaf_weight=0.077419621353328694 0.13239223807249778 0.08449629068854847 0.033192983839398948 0.49046144957537774 0.44965103650247329 0.12753979235640145 0.54823050380582572 0.53154552635169239 0.097171540430281311 0.2919516656693304 0.038527515367604792 0.37081327280247933 0.15588560269679874 0.022687293589115143
leaf_count=259 381 150 108 369 117 423 271 1656 38 1122 29 953 18 36
internal_value=-4.50976e-09 0.0029046 0.0054461 -0.00264172 -0.00360884 -0.00508287 0.00697663 -0.00646272 0.00782006 -0.00126407 -0.000471491 0.00107611 0.00155626 -0.00727044
internal_weight=3.45197 1.59678 0.801619 1.85519 1.62189 1.13142 0.768426 0.681773 0.645402 0.795157 0.123024 0.503206 0.233305 0.554233
internal_count=5930 3052 596 2878 2601 2232 488 2115 309 2456 179 1334 277 1692
is_linear=0
shrinkage=0.025


Tree=400
num_leaves=15
num_cat=0
split_feature=0 9 4 3 3 2 6 0 2 5 6 31 9 13
split_gain=0.0665197 0.0738728 0.0563247 0.0321169 0.0281237 0.0184352 0.0178865 0.0128321 0.012168 0.011949 0.011905 0.00754382 0.00515118 0.00680801
threshold=5.0631000000000013 4.3460312500000011 48.500000000000007 266690.00000000006 258620.00000000003 2022.5000000000002 70.500000000000014 5.6023000000000005 1974.5000000000002 75.500000000000014 76.500000000000014 1.0000000180025095e-35 5.5955000000000004 23.500000000000004
decision_type=10 8 10 8 8 10 8 10 10 8 10 2 10 10
left_child=8 9 4 12 -3 6 -5 -6 -1 -2 -8 -10 13 -4
right_child=1 2 3 5 7 -7 10 -9 11 -11 -12 -13 -14 -15
leaf_value=0.00045003611377200642 0.0074423875784662549 -0.0017436596973233872 0.0025429574515530144 0.00068803685848360045 -0.00068767515147307486 0.00079055004888245017 -0.0074977857309981646 0.0050862278320075519 -0.0035455961954410846 -0.00027598722883060859 0.00041230192895590732 0.00036681179667585542 -0.00081362392098926312 -0.00079525402915541865
leaf_weight=0.46017431771906636 0.34048813960180235 0.057190538758732146 0.18908904676573002 0.026585077896015719 0.033797211224737111 0.029730138405284379 0.29295033462403808 0.32181634605512954 1.413637077925159 0.061929447678267024 0.021512371342396364 0.15302965657610901 0.029753826587693766 0.015617265038599726
leaf_count=1089 130 80 293 12 205 8 434 39 3313 17 11 259 30 10
internal_value=-1.31623e-09 0.00308937 -0.00109297 -0.00397101 0.0029507 -0.0056557 -0.00638811 0.004435 -0.00247047 0.00690476 -0.00705466 -0.00316942 0.00111652 0.00183956
internal_weight=3.4473 1.42046 1.01804 0.605238 0.412804 0.370778 0.341048 0.355614 2.02684 0.402418 0.314463 1.56667 0.23446 0.204706
internal_count=5930 1269 1122 798 324 465 457 244 4661 147 445 3572 333 303
is_linear=0
shrinkage=0.025


Tree=401
num_leaves=15
num_cat=0
split_feature=0 32 30 13 2 4 1 2 4 7 31 2 7 2
split_gain=0.0762501 0.0714503 0.0720488 0.0470655 0.0266197 0.0419868 0.0138025 0.0108778 0.00779547 0.00801076 0.00725644 0.00377212 0.00480474 0.00370159
threshold=5.0631000000000013 1.0000000180025095e-35 1.0000000180025095e-35 16.500000000000004 1995.5000000000002 43.500000000000007 4.5000000000000009 1968.5000000000002 56.500000000000007 39.500000000000007 1.0000000180025095e-35 1959.5000000000002 5.5000000000000009 1989.5000000000002
decision_type=10 2 2 8 10 10 10 10 10 2 2 8 2 8
left_child=7 2 3 6 13 -6 -2 11 9 -7 -9 -1 -13 -5
right_child=1 -3 -4 4 5 8 -8 10 -10 -11 -12 12 -14 -15
leaf_value=-0.00094400121824495399 -0.0027404873988125977 -0.0034710653048105247 -0.0028150735060188587 0.00081039061841714629 -0.001214134892031795 0.009656847348189293 0.0014288843346475586 -0.003606203528058525 1.815528157437873e-05 -4.4315268635282149e-05 0.00033011637841994955 0.0017484526519729296 -0.00075344914719475064 -0.0013478288668853969
leaf_weight=0.037743424065411868 0.077068508406227587 0.065757417629356385 0.067678525567316572 0.048461654514540098 0.036316235993581136 0.8617033474802156 0.086753644874988822 1.4688574749052348 0.060965231637965189 0.045392997340968577 0.15348806073598087 0.31448649406229379 0.065593292853009189 0.062599489723652368
leaf_count=5 210 167 131 12 89 391 70 3319 34 66 259 843 235 99
internal_value=-4.46601e-10 0.00331853 0.00498773 0.00645451 0.00761561 0.00832822 -0.00120194 -0.0026336 0.00912122 0.0094027 -0.00324992 0.000363808 0.00108359 -0.000524308
internal_weight=3.45287 1.4127 1.34694 1.27926 1.11544 1.00438 0.163822 2.04017 0.968062 0.907096 1.62235 0.417823 0.38008 0.111061
internal_count=5930 1269 1102 971 691 580 280 4661 491 457 3578 1083 1078 111
is_linear=0
shrinkage=0.025


Tree=402
num_leaves=15
num_cat=0
split_feature=12 0 32 4 6 9 6 12 9 0 11 12 8 8
split_gain=0.08447 0.0533881 0.0443591 0.032459 0.0295246 0.0394503 0.0238471 0.0177136 0.0124186 0.0115338 0.0109717 0.00856868 0.0111054 0.00920992
threshold=9.5000000000000018 4.2657000000000007 1.0000000180025095e-35 56.500000000000007 77.500000000000014 2.3679937500000006 71.500000000000014 5.5000000000000009 3.960509197324416 5.6401500000000011 13.8902911991607 50.500000000000007 6.1307000000000009 4.8306000000000013
decision_type=10 10 2 8 8 8 8 8 8 10 10 8 10 8
left_child=1 7 3 6 9 -6 -3 -1 -9 -2 11 12 13 -7
right_child=4 2 -4 -5 5 10 -8 8 -10 -11 -12 -13 -14 -15
leaf_value=-0.0028712493797487092 -0.001179805278355064 -0.00062500620164291677 -0.0017994455664405572 -0.00084552951377747524 0.00091770566913824199 6.2394089190506366e-05 0.0085665909168820709 -0.0013050922813191788 0.0024378350563380989 0.0027236894098463509 0.0004701603579626264 -9.3532289791076577e-05 0.00033495479617613532 -0.0071005388147312599
leaf_weight=0.28875324445834871 0.0767850427509984 0.054033358203014359 0.026405624164908659 0.10472065429712529 0.4872068002405282 0.10135876619824524 0.60226564637196134 0.13171011993836146 0.37202354904729873 0.15287497296230868 0.035451069998089335 0.18245513281726755 0.053257934887369629 0.75843215333406988
leaf_count=1122 259 27 108 155 369 142 306 381 953 18 10 19 24 2037
internal_value=2.80159e-09 0.0032767 0.00575473 0.00688982 -0.00296844 -0.00394294 0.00788938 -0.00102235 0.0012421 0.00152048 -0.0054849 -0.00581001 -0.00630632 -0.00667661
internal_weight=3.42773 1.57991 0.787425 0.76102 1.84782 1.61816 0.656299 0.792487 0.503734 0.22966 1.13096 1.0955 0.913049 0.859791
internal_count=5930 3052 596 488 2878 2601 333 2456 1334 277 2232 2222 2203 2179
is_linear=0
shrinkage=0.025


Tree=403
num_leaves=15
num_cat=0
split_feature=1 30 7 4 8 7 31 7 2 3 2 6 0 3
split_gain=0.102314 0.0575717 0.0336835 0.0241411 0.0203923 0.0190878 0.0143355 0.0136577 0.0074765 0.00746233 0.0069494 0.00337625 0.00347051 0.0099527
threshold=3.5000000000000004 1.0000000180025095e-35 7.5000000000000009 58.500000000000007 5.824650000000001 7.5000000000000009 1.0000000180025095e-35 35.500000000000007 1989.5000000000002 185988.00000000003 1985.5000000000002 78.500000000000014 5.8037500000000009 245183.50000000003
decision_type=10 2 2 8 10 2 2 2 8 8 10 8 8 10
left_child=2 3 4 5 9 -2 8 -7 10 -1 -4 -11 -13 -14
right_child=1 -3 6 -5 -6 7 -8 -9 -10 11 -12 12 13 -15
leaf_value=0.000909288086306428 -0.00049179541518404746 -0.0024981209425393495 -0.0014280728353727827 -0.00094438165955406956 0.0027553052769077567 0.0077546712705303519 0.00058347069036497905 -0.00031055918050245209 -0.0058453178963253092 0.00045844667451495056 0.001413161259171595 -0.0030326465154651367 -0.0015124010605150314 0.0014130494759735015
leaf_weight=0.1820801247740752 0.085637282623792887 0.054216318701946875 0.073498916841344797 0.040537132979807211 0.16995881499678933 0.74271473558110301 0.084227720639319159 0.061210504871269222 0.67185115617030533 0.025117826735367998 0.078681259026780026 0.21372401740154567 0.81988771545729833 0.258886713119864
leaf_count=171 117 82 31 95 58 227 115 64 2316 57 18 1249 1173 157
internal_value=-3.20091e-09 0.00455294 -0.00252507 0.0060453 4.27322e-05 0.00669504 -0.0047942 0.00730885 -0.0053624 -0.00124396 -7.53708e-06 -0.00180546 -0.00203024 -0.00046832
internal_weight=3.56223 0.984316 2.57791 0.9301 1.66966 0.889563 0.908259 0.803925 0.824031 1.4997 0.15218 1.31762 1.2925 1.07877
internal_count=5930 585 5345 503 2865 408 2480 291 2365 2807 49 2636 2579 1330
is_linear=0
shrinkage=0.025


Tree=404
num_leaves=15
num_cat=0
split_feature=6 0 3 2 9 0 9 8 3 13 3 34 5 35
split_gain=0.102375 0.0524231 0.0251949 0.0225799 0.0219102 0.0118063 0.0117086 0.00968224 0.00379237 0.00467512 0.00297175 0.00198963 0.00317287 0.00180643
threshold=80.500000000000014 5.9030500000000012 185988.00000000003 2016.5000000000002 4.9495350000000018 4.8527500000000012 5.2659953125000003 6.315100000000001 253921.00000000003 23.500000000000004 164891.50000000003 1.0000000180025095e-35 77.500000000000014 1.0000000180025095e-35
decision_type=8 10 8 10 8 10 10 8 8 8 10 2 8 2
left_child=4 2 10 -3 5 -1 8 11 -6 -10 -2 12 -4 -9
right_child=1 3 7 -5 6 -7 -8 13 9 -11 -12 -13 -14 -15
leaf_value=-0.00026773445475586935 -0.00051275272933443356 -0.0013446558566798329 -0.0062454080820486821 0.0041681250351974569 0.00040500552087647759 0.0067506988440307562 0.0016223842442794328 -0.00097884450113111857 -0.0030039374995771461 0.0004453820118675514 0.0016261009698049394 2.2388943696613219e-06 -0.0013233643877734638 0.0004874199590625625
leaf_weight=0.085042980972502846 0.054079129855382546 0.14888484386028711 0.62072745602563384 0.21828787226695567 0.051575206074630842 0.42030543365399353 0.087119997959234752 0.67956004287407257 0.066646339779254049 0.026052440240164287 0.17793393336614827 0.046998779795103363 0.81388023159888701 0.058879349584458396
leaf_count=210 102 37 2570 15 35 114 38 1158 110 25 150 140 1147 79
internal_value=5.33114e-10 -0.00228842 -0.00355531 0.00258425 0.00503242 0.00617634 -0.000452766 -0.00423848 -0.00202859 -0.0025141 0.00111603 -0.00504519 -0.00514355 -0.000648806
internal_weight=3.55597 2.81923 2.45206 0.367173 0.736742 0.505348 0.231394 2.22005 0.144274 0.0926988 0.232013 1.48161 1.43461 0.738439
internal_count=5930 5398 5346 52 532 324 208 5094 170 135 252 3857 3717 1237
is_linear=0
shrinkage=0.025


Tree=405
num_leaves=15
num_cat=0
split_feature=20 8 31 5 9 0 9 2 2 12 0 9 34 11
split_gain=0.101541 0.0384024 0.0389294 0.0250976 0.0215967 0.0157496 0.0133721 0.0206534 0.0122767 0.0172437 0.0121362 0.0113731 0.0101063 0.0100199
threshold=1.0000000180025095e-35 6.0657500000000004 1.0000000180025095e-35 68.500000000000014 4.9495350000000018 5.7425000000000006 3.960509197324416 2022.5000000000002 2021.5000000000002 8.5000000000000018 4.8527500000000012 5.2659953125000003 1.0000000180025095e-35 12.078727736792976
decision_type=2 8 2 10 8 10 10 10 8 10 10 10 2 10
left_child=4 2 3 5 10 -2 13 12 9 -3 -1 -6 -8 -5
right_child=1 8 -4 6 11 -7 7 -9 -10 -11 -12 -13 -14 -15
leaf_value=-0.00028107857628252553 -0.0019866110632634879 0.0037739823533331548 0.001878814130075145 -0.001691052362991924 -0.001999781021438008 0.0018261125926723417 -0.0085710972690089191 0.00063010443070320925 -0.0012536358735686169 -0.0006694735172034544 0.0067323379977802583 0.0015984320318183189 0.00021244774702730321 0.0017086184404138322
leaf_weight=0.086264687808580098 0.7971206386901033 0.23513951130007593 0.10718500532675523 0.095483902980049606 0.14407599982223473 0.15392543829511851 0.41778266460823943 0.035502576676663011 0.31684901385597197 0.52917588630225509 0.41865645203506574 0.087408977502491325 0.036625409491534811 0.072185836106655188
leaf_count=213 1664 98 127 605 171 29 1374 45 1134 223 114 40 70 23
internal_value=-2.74834e-10 -0.00229019 -0.00393348 -0.00489253 0.00500793 -0.000749845 -0.00681705 -0.00757042 0.000954659 0.00206179 0.00614354 -0.000446414 -0.00820384 -1.76113e-05
internal_weight=3.53338 2.79698 1.71581 1.60863 0.736406 0.951046 0.65758 0.489911 1.08116 0.764315 0.504921 0.231485 0.454408 0.16767
internal_count=5930 5392 3937 3810 538 1693 2117 1489 1455 321 327 211 1444 628
is_linear=0
shrinkage=0.025


Tree=406
num_leaves=15
num_cat=0
split_feature=0 2 2 9 6 7 0 2 9 2 35 13 31 6
split_gain=0.115159 0.0850775 0.0398524 0.0177252 0.0157724 0.0217257 0.0123282 0.0130424 0.00397142 0.00367745 0.00425603 0.00293476 0.00238579 0.00193889
threshold=5.0760000000000014 2016.5000000000002 2008.5000000000002 4.3334924242424249 74.500000000000014 28.000000000000004 5.5964000000000009 1996.5000000000002 5.2751500000000009 1968.5000000000002 1.0000000180025095e-35 17.500000000000004 1.0000000180025095e-35 72.500000000000014
decision_type=10 10 8 10 8 2 10 10 10 8 2 10 2 8
left_child=9 2 6 -4 -3 -6 -2 8 -8 -1 12 -9 13 -11
right_child=1 4 3 -5 5 -7 7 11 -10 10 -12 -13 -14 -15
leaf_value=8.949982122533378e-05 -0.0011786309839494653 -0.00018695561413368438 0.00086670219210641651 -0.0055324427955655182 0.0084588590219060317 -0.00047390344295287118 -0.0016191179334002208 -7.9301453176742435e-05 0.00070804009769901474 6.6816381881225839e-05 0.00016437324742983844 0.0040080533102212776 -0.00018279302494557045 -0.0039389554521068806
leaf_weight=0.14545304339844811 0.086151393621548555 0.12181984054041095 0.046158140743500553 0.12507763838584651 0.56850292849412654 0.077187008697364945 0.053147337283007801 0.078572722093667835 0.063511274405755103 0.04384736878273543 0.10867981903720636 0.25309864078008104 0.22419757218449365 1.5552891498828101
leaf_count=13 540 33 29 290 148 48 23 50 23 166 164 45 444 3914
internal_value=-2.37504e-09 0.00401679 -0.00153197 -0.00454026 0.00709899 0.00775192 0.00176256 0.0027513 -0.000852688 -0.00322812 -0.00342323 0.00370734 -0.00361955 -0.00384567
internal_weight=3.55069 1.47323 0.705717 0.171236 0.76751 0.64569 0.534481 0.44833 0.116659 2.07747 1.93201 0.331671 1.82333 1.59914
internal_count=5930 1229 1000 319 229 196 681 141 46 4701 4688 95 4524 4080
is_linear=0
shrinkage=0.025


Tree=407
num_leaves=15
num_cat=0
split_feature=6 8 31 5 9 0 9 2 2 12 9 0 34 11
split_gain=0.0995736 0.03905 0.0380016 0.0265047 0.0204738 0.0153919 0.0133893 0.0202297 0.0120815 0.0165337 0.0114629 0.0106899 0.00997686 0.00989757
threshold=80.500000000000014 6.0657500000000004 1.0000000180025095e-35 68.500000000000014 4.9495350000000018 5.7425000000000006 3.960509197324416 2022.5000000000002 2021.5000000000002 8.5000000000000018 5.2659953125000003 4.8527500000000012 1.0000000180025095e-35 12.078727736792976
decision_type=8 8 2 10 8 10 10 10 8 10 10 10 2 10
left_child=4 2 3 5 11 -2 13 12 9 -3 -6 -1 -8 -5
right_child=1 8 -4 6 10 -7 7 -9 -10 -11 -12 -13 -14 -15
leaf_value=-0.00023380875358108497 -0.0019366092770185953 0.0037505389927889525 0.0018408583119571263 -0.0016810215657179434 -0.0019880225152141295 0.0018254864320214358 -0.0085761091647151809 0.00061473388583863434 -0.001221001517578696 -0.00062754819711124509 0.0016216379033535781 0.0066192273871754489 0.00020845496954628915 0.0016984112123352259
leaf_weight=0.084591887454735115 0.79857879047449454 0.23424943604186377 0.10791305155726139 0.095124153627693886 0.14309798028261866 0.15388769994024187 0.41723513938995893 0.035209296736866236 0.31656289186503284 0.52992102458665613 0.086828325918759219 0.41435120572714368 0.036394708444277057 0.071796355576225324
leaf_count=210 1665 98 128 605 170 29 1378 45 1134 223 38 114 70 23
internal_value=-1.77816e-09 -0.00226457 -0.0039246 -0.00486893 0.00497334 -0.000705128 -0.00683826 -0.00759111 0.000990745 0.00207973 -0.00041471 0.0060765 -0.00821277 -1.76331e-05
internal_weight=3.52574 2.79687 1.71614 1.60823 0.728869 0.952466 0.65576 0.488839 1.08073 0.76417 0.229926 0.498943 0.45363 0.166921
internal_count=5930 5398 3943 3815 532 1694 2121 1493 1455 321 208 324 1448 628
is_linear=0
shrinkage=0.025


Tree=408
num_leaves=15
num_cat=0
split_feature=11 30 32 13 2 13 7 4 3 3 13 35 2 5
split_gain=0.111227 0.0609032 0.0657599 0.0534409 0.0313436 0.0291396 0.0301462 0.0082416 0.00823296 0.00553072 0.00526661 0.00353055 0.00415405 0.00345525
threshold=11.687454184458785 1.0000000180025095e-35 1.0000000180025095e-35 16.500000000000004 1995.5000000000002 25.500000000000004 1.5000000000000002 56.500000000000007 293119.50000000006 326855.00000000006 28.500000000000004 1.0000000180025095e-35 1968.5000000000002 63.500000000000007
decision_type=10 2 2 8 10 8 2 10 8 10 10 2 8 10
left_child=11 2 3 8 13 6 -6 9 -2 -8 -7 12 -1 -5
right_child=1 -3 -4 4 5 10 7 -9 -10 -11 -12 -13 -14 -15
leaf_value=0.00010974873718482284 0.00091661177257820834 -0.0028296779046471194 -0.0025393783040699967 0.00073676458227486027 -0.00067509769656861067 -0.0015451169393552592 0.010456866695468324 3.6706599156525362e-05 -0.0024519996948211549 9.9358044036673959e-05 0.0010154537883858934 0.00014099013806039113 -0.0035545403638423956 -0.0013869944307596026
leaf_weight=0.14462362392805572 0.10654657777195065 0.06821601160117996 0.059807977704622206 0.040874284488381929 0.051007155620027 0.054827952342748287 0.80750012872522348 0.058485459183430066 0.056664218405785505 0.052488897421426373 0.040693531962460838 0.11019220721209411 1.8240180761968077 0.068454482487140922
leaf_count=11 168 128 163 13 66 96 299 31 101 59 10 166 4523 96
internal_value=-4.11651e-10 0.00395687 0.00533032 0.00661802 0.00783991 0.00860126 0.00930939 0.00992675 -0.00135544 0.010218 -0.00052309 -0.00316871 -0.00333906 -0.000644589
internal_weight=3.5444 1.46557 1.39735 1.33754 1.17433 1.065 0.969482 0.918474 0.163211 0.859989 0.0955215 2.07883 1.96864 0.109329
internal_count=5930 1230 1102 939 670 561 455 389 269 358 106 4700 4534 109
is_linear=0
shrinkage=0.025


Tree=409
num_leaves=15
num_cat=0
split_feature=6 31 4 0 4 0 9 2 3 2 34 5 0 9
split_gain=0.0972612 0.0352943 0.0307056 0.0267957 0.020507 0.0207646 0.0177869 0.0166487 0.0111243 0.00961574 0.00943803 0.00869364 0.007892 0.00620593
threshold=79.500000000000014 1.0000000180025095e-35 49.500000000000007 5.9030500000000012 57.500000000000007 5.0760000000000014 3.960509197324416 2022.5000000000002 185988.00000000003 2021.5000000000002 1.0000000180025095e-35 69.500000000000014 4.5355000000000016 5.2798613636363649
decision_type=8 2 10 10 8 10 8 10 8 8 2 10 10 10
left_child=4 2 3 8 5 -1 12 10 -2 -3 -8 13 -4 -7
right_child=1 9 6 -5 -6 11 7 -9 -10 -11 -12 -13 -14 -15
leaf_value=-0.00059424153607918464 0.0010001236698010808 0.0030839977685530847 -0.0013291685180337454 0.0026733347848896015 -0.00096467092908070077 -0.0013180083698777773 -0.0074751099116031885 0.00059041878751918842 -0.0024426519148503666 -0.00074352232750187364 0.00026269414880572567 0.007148706416375019 0.0017217356169227918 0.0013845911733569589
leaf_weight=0.11707355490943883 0.16845776436821425 0.15107677032938216 0.072118656367820111 0.20271279558073718 0.038856884581036866 0.076599804131546989 0.431638478732566 0.036497670429525897 1.5157397889015556 0.1510001960414229 0.035017025227716658 0.41052459778438788 0.080386490368255181 0.048160224236198701
leaf_count=311 129 108 442 14 67 51 1399 36 2783 341 58 90 94 7
internal_value=-2.60943e-09 -0.0021978 -0.00314571 -0.000610071 0.00499627 0.00572026 -0.00566704 -0.00653147 -0.00185399 0.0020691 -0.00711126 0.00658883 0.000377537 2.87224e-05
internal_weight=3.53586 2.84465 2.54257 1.88691 0.691215 0.652358 0.655658 0.503153 1.6842 0.302077 0.466656 0.535285 0.152505 0.12476
internal_count=5930 5404 4955 2926 526 459 2029 1493 2912 449 1457 148 536 58
is_linear=0
shrinkage=0.025


Tree=410
num_leaves=15
num_cat=0
split_feature=11 12 2 6 9 2 9 4 8 2 35 8 7 31
split_gain=0.146588 0.0729135 0.0504662 0.0246101 0.0171111 0.0134248 0.00820286 0.00578158 0.00386738 0.00374944 0.00284078 0.00294409 0.00242346 0.00183176
threshold=11.84760677120016 9.5000000000000018 2008.5000000000002 74.500000000000014 4.3334924242424249 1998.5000000000002 5.628962500000001 55.500000000000007 5.5820000000000007 1968.5000000000002 1.0000000180025095e-35 6.4345500000000007 46.500000000000007 1.0000000180025095e-35
decision_type=10 8 8 8 10 10 10 8 10 8 2 10 2 2
left_child=9 3 5 -2 -4 7 8 -3 -7 -1 11 13 -10 -11
right_child=1 2 4 -5 -6 6 -8 -9 12 10 -12 -13 -14 -15
leaf_value=3.9523695724452611e-05 -0.00045532496854058102 -0.0018234634107411008 0.00083673690855894935 0.0082383424745467223 -0.0055275661252130927 -0.00024447094735684889 -0.0005918624729074109 0.00089788938082880569 0.004373919164729935 -0.0042545450857829235 1.4244428455977265e-05 0.00020331435679140167 -8.4973686924619225e-05 -0.00028456268091985357
leaf_weight=0.14661775372224006 0.11819689568073954 0.10128209433241875 0.045059635616780724 0.62482183040992789 0.12259586264917743 0.02044444144848967 0.023465801699785516 0.078055468617094448 0.2989252074075921 1.6230602015893962 0.11024305218597863 0.0099847459932788096 0.041136216437735129 0.22990991530241434
leaf_count=13 30 153 26 167 248 132 22 75 158 4232 164 15 49 446
internal_value=1.70719e-09 0.00454467 -0.00094355 0.00738758 -0.00456537 0.0023652 0.00342327 -0.000881998 0.00392755 -0.00360388 -0.00379684 -0.00394857 0.00417363 -0.00403436
internal_weight=3.5938 1.47398 0.730965 0.743019 0.167655 0.563309 0.383972 0.179338 0.360506 2.11982 1.9732 1.86295 0.340061 1.85297
internal_count=5930 1060 863 197 274 589 361 228 339 4870 4857 4693 207 4678
is_linear=0
shrinkage=0.025


Tree=411
num_leaves=15
num_cat=0
split_feature=6 0 3 4 0 5 4 0 12 0 8 9 8 3
split_gain=0.117369 0.0488052 0.0235157 0.0228643 0.0240618 0.0113669 0.00914917 0.00824036 0.015545 0.0112503 0.00661092 0.00630563 0.00619491 0.010389
threshold=80.500000000000014 5.9030500000000012 185988.00000000003 57.500000000000007 5.0760000000000014 69.500000000000014 49.500000000000007 5.786900000000001 36.500000000000007 5.8367500000000012 6.315100000000001 5.2798613636363649 4.8471000000000011 245183.50000000003
decision_type=8 10 8 8 10 10 8 8 10 8 10 10 8 10
left_child=3 2 -2 4 -1 11 -3 8 10 -9 -4 -6 13 -11
right_child=1 6 7 -5 5 -7 -8 9 -10 12 -12 -13 -14 -15
leaf_value=-0.00065162710321299241 0.00099349757007760066 0.0032631739383485099 -0.0068103198265620562 -0.0010115753053590644 -0.0013625351420561971 0.0075581564824124294 -0.00062740831509328077 0.0011524761927745525 0.00064447585794849527 -0.0015439336037531698 0.00028591393982356977 0.0013621264065186041 -0.0028704729868374006 0.0016718578221245357
leaf_weight=0.12071401457069442 0.2347312966376206 0.20523074781522144 0.53023727653453567 0.039752274569764268 0.076554848099476658 0.48724448164284695 0.15463827847270295 0.12785994372097742 0.0230569449304312 0.27270134232094267 0.0043939889583270988 0.047651025117374957 1.01636469134246 0.24044504690391477
leaf_count=314 252 10 2963 68 51 92 42 26 37 211 7 7 1797 53
internal_value=-3.45837e-09 -0.00247239 -0.00366034 0.00531568 0.00604488 0.00695089 0.00235938 -0.00430913 -0.00608267 -0.00164795 -0.00660369 -3.54123e-05 -0.00224511 7.19569e-05
internal_weight=3.58158 2.80966 2.44979 0.771917 0.732164 0.61145 0.359869 2.21506 0.557688 1.65737 0.534631 0.124206 1.52951 0.513146
internal_count=5930 5398 5346 532 464 150 52 5094 3007 2087 2970 58 2061 264
is_linear=0
shrinkage=0.025


Tree=412
num_leaves=15
num_cat=0
split_feature=11 30 32 4 2 13 7 3 8 3 13 5 35 8
split_gain=0.130854 0.0645881 0.0688101 0.047749 0.0395522 0.0348965 0.0343531 0.0139049 0.0089871 0.00657244 0.00566364 0.00406506 0.00246531 0.00130822
threshold=11.84760677120016 1.0000000180025095e-35 1.0000000180025095e-35 56.500000000000007 1996.5000000000002 25.500000000000004 1.5000000000000002 185988.00000000003 6.1058500000000011 175011.00000000003 28.500000000000004 66.500000000000014 1.0000000180025095e-35 3.6992000000000003
decision_type=10 2 2 10 10 8 2 8 10 10 10 10 2 8
left_child=7 2 3 4 11 6 -6 9 -5 13 -7 -2 -9 -1
right_child=1 -3 -4 8 5 10 -8 12 -10 -11 -12 -13 -14 -15
leaf_value=0.00028754944033205414 0.00075120667935520374 -0.0028530361505928661 -0.0025552596044793423 -0.0024336395953175704 -0.00073715978969932355 -0.0016968608332232401 0.010174823494700282 -0.0040781433637430923 0.0010853549400889105 0.0016977410028358399 0.00099506954946243227 -0.0015878965781087246 -2.3315958399785267e-05 -0.0013731112868255583
leaf_weight=0.011527050941368411 0.043781000560556893 0.068403410925384267 0.058971173202735261 0.070590420222288119 0.057355571112565951 0.052008717662829551 0.9998416552953131 1.7859561735313034 0.042498548544244841 0.12748381124401931 0.03871166148383054 0.0791850540372252 0.10892516755848181 0.075732060795417055
leaf_count=26 21 110 136 141 71 80 373 4462 8 98 7 113 162 122
internal_value=1.57188e-11 0.00424451 0.00561111 0.00688497 0.0078769 0.00876061 0.00951226 -0.00342789 -0.0013242 0.000599254 -0.000689014 -0.000827753 -0.00393363 -0.00109103
internal_weight=3.62097 1.51135 1.44294 1.38397 1.27088 1.14792 1.0572 2.10962 0.113089 0.214743 0.0907204 0.122966 1.89488 0.0872591
internal_count=5930 1060 950 814 665 531 444 4870 149 246 87 134 4624 148
is_linear=0
shrinkage=0.025


Tree=413
num_leaves=15
num_cat=0
split_feature=11 9 4 6 0 3 2 3 7 3 6 8 35 8
split_gain=0.103701 0.071951 0.0530212 0.0452139 0.0284492 0.0242953 0.0228956 0.0134476 0.00838898 0.00630724 0.0053171 0.00508257 0.00287763 0.00127354
threshold=11.84760677120016 4.3460312500000011 49.500000000000007 75.500000000000014 5.9030500000000012 328514.50000000006 2022.5000000000002 185988.00000000003 42.500000000000007 175011.00000000003 73.500000000000014 5.9814500000000006 1.0000000180025095e-35 3.6992000000000003
decision_type=10 8 10 10 10 10 10 8 2 10 8 10 2 8
left_child=7 -2 4 5 11 6 8 9 -4 13 -7 -3 -9 -1
right_child=1 2 3 -5 -6 10 -8 12 -10 -11 -12 -13 -14 -15
leaf_value=0.00029255241501846085 0.0075318328047320436 -0.0021083338672554558 -0.0076264707461954507 0.0020950621566709501 0.0047564245236707721 0.0017632186169709082 0.00084570083384777567 -0.0037415204573006651 0.00014198558163698298 0.0017248541443173682 -0.00090076045308786195 0.00068745380660981278 4.174753024821184e-05 -0.0013155060177442144
leaf_weight=0.011489815980895268 0.41175707648289939 0.12481972389286966 0.3132077214831952 0.12619387783342972 0.29695455683395267 0.062961370669654571 0.035538138406991493 1.7634976014560377 0.054535900093469536 0.12713879498187453 0.030760148318222491 0.049297455221676501 0.10869900399120513 0.074932818723027594
leaf_count=26 123 260 439 22 16 7 14 4462 94 98 60 25 162 122
internal_value=-5.62971e-09 0.00377785 -0.000556629 -0.003502 0.00307172 -0.00537333 -0.00640617 -0.0030681 -0.00721291 0.000680627 0.000864722 -0.00140544 -0.00358381 -0.00102922
internal_weight=3.59178 1.50603 1.09427 0.623197 0.471072 0.497003 0.403282 2.08576 0.367744 0.213561 0.0937215 0.174117 1.8722 0.0864226
internal_count=5930 1060 937 636 301 614 547 4870 533 246 67 285 4624 148
is_linear=0
shrinkage=0.025


Tree=414
num_leaves=15
num_cat=0
split_feature=0 30 32 13 12 13 7 3 4 3 1 13 12 12
split_gain=0.106785 0.0591576 0.0638882 0.0573641 0.0326221 0.0317036 0.0305725 0.0199783 0.00908197 0.00721643 0.00600847 0.00509556 0.00441119 0.00344625
threshold=5.0760000000000014 1.0000000180025095e-35 1.0000000180025095e-35 16.500000000000004 30.500000000000004 25.500000000000004 1.5000000000000002 332746.50000000006 56.500000000000007 326855.00000000006 4.5000000000000009 28.500000000000004 51.500000000000007 36.500000000000007
decision_type=10 2 2 8 8 8 2 8 10 10 10 10 10 10
left_child=12 2 3 7 5 6 -5 10 9 -8 -2 -7 -1 -6
right_child=1 -3 -4 4 13 11 8 -9 -10 -11 -12 -13 -14 -15
leaf_value=-0.0034056556133651851 -0.00072935701185564161 -0.0028305785421323167 -0.0025407219334090832 -0.00068978521781527411 -0.0014281407913889193 -0.0015831166321852433 0.010470334418190678 -0.0033491119575843158 3.1798691189336537e-06 4.8454218857420177e-05 0.0023596002945157576 0.0009590548152259952 9.1432779833183639e-05 0.00071067301129794185
leaf_weight=1.8452707083633875 0.045727243024884623 0.068086912444414227 0.059842850958375382 0.050995318459171934 0.063181794543197722 0.054193121140997502 0.82093022993649356 0.048072290133859497 0.056798330948367948 0.052044556807231857 0.11152160593337612 0.039255741423403379 0.18909646484826215 0.045336659881286323
leaf_count=4682 163 128 163 66 97 96 298 52 31 59 54 10 19 12
internal_value=6.28428e-10 0.00380817 0.00514915 0.00640578 0.00776431 0.00854439 0.00928686 -0.00136899 0.00990794 0.0102066 0.00160729 -0.000614759 -0.00315759 -0.000699565
internal_weight=3.55035 1.51599 1.4479 1.38806 1.18274 1.07422 0.980768 0.205321 0.929773 0.872975 0.157249 0.0934489 2.03437 0.108518
internal_count=5930 1229 1101 938 669 560 454 269 388 357 217 106 4701 109
is_linear=0
shrinkage=0.025


Tree=415
num_leaves=15
num_cat=0
split_feature=6 0 13 4 0 9 0 8 9 9 2 2 5 31
split_gain=0.104262 0.0439244 0.026875 0.0216535 0.0230733 0.01847 0.0286817 0.0167348 0.0123071 0.0115322 0.00787299 0.00340354 0.00286633 0.00299831
threshold=79.500000000000014 5.9030500000000012 18.500000000000004 57.500000000000007 5.0760000000000014 3.6998208333333342 4.5355000000000016 4.4800500000000012 5.1245128571428573 5.2659953125000003 1971.5000000000002 1951.0000000000002 77.500000000000014 1.0000000180025095e-35
decision_type=8 10 10 8 10 10 10 10 10 10 8 10 10 2
left_child=3 5 -3 4 -1 6 10 -7 -6 -10 -2 -9 13 -13
right_child=1 2 -4 -5 8 7 -8 11 9 -11 -12 12 -14 -15
leaf_value=-0.00065780373374073363 0.00064567805145989527 -0.0017346221196025203 0.0039967169983355288 -0.00099350854879518479 0.0074129386432976651 0.00061926453946473635 0.002690788885098095 9.5250959932012918e-05 -0.0019343535434326858 0.0017576602247524335 -0.0026188004148232735 -0.0064025598890833646 0.00011368569944428392 7.1751654333323281e-05
leaf_weight=0.11722285256837495 0.15349092724500324 0.13504949474008743 0.25918450276367366 0.038929032962187193 0.44008327508345246 0.076509808008267899 0.13278621730569273 0.025109190282819327 0.042012678037281148 0.075531394482823089 1.4058837411939749 0.60739846514479723 0.0091391098976600915 0.023393040304654278
leaf_count=311 13 38 14 67 96 95 123 178 34 18 2580 2290 34 39
internal_value=-2.0752e-09 -0.00229443 0.00219742 0.0051249 0.00586031 -0.00345011 -0.000931466 -0.00536248 0.00677315 -0.000112033 -0.00217074 -0.00600927 -0.00616082 -0.00626569
internal_weight=3.54172 2.82794 0.394234 0.713779 0.67485 2.43371 1.69216 0.74155 0.557627 0.117544 1.55937 0.66504 0.639931 0.630792
internal_count=5930 5404 52 526 459 5352 2716 2636 148 52 2593 2541 2363 2329
is_linear=0
shrinkage=0.025


Tree=416
num_leaves=15
num_cat=0
split_feature=6 4 11 9 9 2 11 6 7 3 2 3 7 12
split_gain=0.0884842 0.040426 0.0493856 0.0315136 0.0236556 0.0243512 0.0185157 0.0139741 0.00817775 0.0100954 0.0118503 0.00774251 0.00677342 0.00619445
threshold=71.500000000000014 49.500000000000007 13.249341063562463 5.1045277777777782 3.960509197324416 2022.5000000000002 11.693950334875408 70.500000000000014 10.500000000000002 245183.50000000003 2011.5000000000002 219141.50000000003 3.5000000000000004 4.5000000000000009
decision_type=10 10 10 8 8 10 10 8 2 10 10 8 2 10
left_child=1 2 8 6 -3 7 -2 -6 9 11 12 13 -11 -1
right_child=3 4 -4 -5 5 -7 -8 -9 -10 10 -12 -13 -14 -15
leaf_value=-0.0011190380730823188 -0.00050422604668651021 0.00068583686392223106 0.0040918200984688177 -0.0013379719523637906 0.00048224954223510108 0.00094759952223322686 0.0068714224548175025 -0.0072993046110348238 -0.0031349142272853315 -0.00051158493661864434 -0.0012307655975731446 -0.0022105685287139637 0.003247188036944914 0.0014440567327208989
leaf_weight=0.089411552882667 0.098753863450838142 0.18301841938591668 0.33321783889550705 0.068580201826989651 0.02973708543140674 0.040058519240119494 0.44574312174518127 0.4699103814746195 0.37996149982427585 0.083087436767527723 0.081036084418883547 0.59686300196335662 0.2107318806265539 0.4253018495219294
leaf_count=253 218 572 31 61 34 44 89 1483 1110 148 303 1323 108 153
internal_value=8.48998e-11 -0.002027 0.000151661 0.00492882 -0.00489679 -0.00600581 0.00607336 -0.00682343 -0.0017339 -0.000258994 0.0014888 -0.00127433 0.0026104 0.000553982
internal_weight=3.53541 2.92234 2.19961 0.613077 0.722724 0.539706 0.544497 0.499647 1.86639 1.48643 0.374855 1.11158 0.293819 0.514713
internal_count=5930 5562 3429 368 2133 1561 307 1517 3398 2288 559 1729 256 406
is_linear=0
shrinkage=0.025


Tree=417
num_leaves=15
num_cat=0
split_feature=11 30 32 3 11 4 12 7 6 7 12 8 4 35
split_gain=0.137351 0.06492 0.0691222 0.031833 0.032262 0.0298733 0.0297119 0.0148421 0.010427 0.009554 0.00467745 0.00269257 0.00243491 0.00212342
threshold=11.84760677120016 1.0000000180025095e-35 1.0000000180025095e-35 332746.50000000006 13.6682613900416 48.500000000000007 31.500000000000004 46.500000000000007 76.500000000000014 1.5000000000000002 51.500000000000007 6.4345500000000007 46.500000000000007 1.0000000180025095e-35
decision_type=10 2 2 8 10 8 10 2 10 2 10 10 10 2
left_child=10 2 3 4 6 -5 7 9 -7 12 11 13 -2 -1
right_child=1 -3 -4 5 -6 8 -8 -9 -10 -11 -12 -13 -14 -15
leaf_value=-0.0040127431636033991 0.00089004143532766676 -0.0028348363301691267 -0.0025426669954254941 0.0027519673326278932 -0.00097257937993137195 -0.0037826317058923817 -0.00067370666849480795 -0.00029723457576354682 0.00079020652075096134 0.0099834621756665319 4.3733417147547566e-05 0.000193543801788799 -0.00082328604052127785 -4.6334135467785956e-05
leaf_weight=1.7643441111558793 0.040505386117728692 0.067469095240085042 0.058571843459503614 0.14456280368176533 0.034439319162629656 0.11266380904999096 0.064767566593218362 0.037423843459691852 0.032809448020998389 0.88473160273133544 0.18884513378725376 0.0099222064309286706 0.036416310696949949 0.11130828375462432
leaf_count=4672 17 110 136 32 4 129 78 59 4 422 19 15 69 164
internal_value=-3.48118e-11 0.00433376 0.00568997 0.00695649 0.0080338 -0.000188262 0.00865534 0.0092946 -0.0029618 0.00962911 -0.00354429 -0.00379426 6.76241e-05 -0.00387533
internal_weight=3.58878 1.51436 1.44689 1.38832 1.09828 0.290036 1.06384 0.999077 0.145473 0.961653 2.07442 1.88557 0.0769217 1.87565
internal_count=5930 1060 950 814 649 165 645 567 133 508 4870 4851 86 4836
is_linear=0
shrinkage=0.025


Tree=418
num_leaves=15
num_cat=0
split_feature=11 30 32 4 2 13 7 8 7 2 3 8 35 6
split_gain=0.134446 0.0640576 0.0680834 0.0491014 0.0318804 0.0394523 0.0335828 0.0084968 0.00510083 0.00473311 0.00321823 0.00266632 0.00202597 0.00133152
threshold=11.84760677120016 1.0000000180025095e-35 1.0000000180025095e-35 56.500000000000007 1994.5000000000002 25.500000000000004 1.5000000000000002 6.1058500000000011 2.5000000000000004 1974.5000000000002 295380.00000000006 6.4345500000000007 1.0000000180025095e-35 70.500000000000014
decision_type=10 2 2 10 10 8 2 10 2 8 10 10 2 8
left_child=9 2 3 4 10 6 -6 -5 -7 -1 -2 12 13 -11
right_child=1 -3 -4 7 5 8 -8 -9 -10 11 -12 -13 -14 -15
leaf_value=5.261893029219929e-05 -0.001403141873043255 -0.0028227450695940993 -0.0025270503594449988 -0.0024264286539978103 -0.0007293319850112484 0.00087218433452087717 0.010075452799541588 0.0010299708207266111 -0.0017296444687859532 6.452580814693961e-05 0.0006760016253106447 0.00019345099355587371 -5.0458040370470242e-05 -0.0040272238489235694
leaf_weight=0.1895265695202405 0.051986291535285889 0.067296568438905413 0.05838858277638781 0.070170070222957182 0.056749887247860564 0.045081102904077963 1.0279502845078239 0.040486845638952218 0.048844908185856184 0.01884911245724652 0.046425596341578057 0.0099367330258245401 0.11142845000722434 1.7427774962889087
leaf_count=19 69 110 136 141 72 28 406 8 65 73 25 15 164 4599
internal_value=-2.24014e-09 0.00428831 0.00563793 0.00689596 0.00790082 0.00861055 0.00943147 -0.00137308 -0.000825125 -0.00350792 -0.000699829 -0.00376024 -0.00384125 -0.00397593
internal_weight=3.5859 1.51338 1.44608 1.38769 1.27704 1.17863 1.0847 0.110657 0.093926 2.07252 0.0984119 1.88299 1.87306 1.76163
internal_count=5930 1060 950 814 665 571 478 149 93 4870 94 4851 4836 4672
is_linear=0
shrinkage=0.025


Tree=419
num_leaves=15
num_cat=0
split_feature=1 30 7 8 4 9 8 3 2 6 2 2 8 9
split_gain=0.108759 0.058324 0.0399925 0.0287166 0.0257154 0.0229679 0.0123633 0.00713463 0.00748178 0.00634805 0.00393533 0.00437979 0.00355934 0.00342654
threshold=3.5000000000000004 1.0000000180025095e-35 7.5000000000000009 5.824650000000001 58.500000000000007 5.4337500000000007 4.304050000000001 216144.00000000003 1974.5000000000002 74.500000000000014 1959.5000000000002 2021.5000000000002 4.0059000000000013 5.6968333333333341
decision_type=10 2 2 10 8 10 8 8 8 10 10 10 10 10
left_child=2 4 3 7 5 -2 12 10 -9 13 -1 -12 -4 -8
right_child=1 -3 6 -5 -6 -7 9 8 -10 -11 11 -13 -14 -15
leaf_value=-0.00092949112723163447 0.0075016724860872634 -0.0025000375314178 -0.0008772990958932494 0.0032741966201986941 -0.00099385063849512473 -0.00056320362487398607 -0.0062844856618500646 0.00070656921501672859 -0.0026690432168251102 9.3688234541809776e-05 0.0017427369436622466 -0.00065610631959682399 0.001188301275591901 -9.1724095444938362e-05
leaf_weight=0.036187401739880998 0.8187411368708124 0.053774713724124013 0.057925537388655246 0.19690483137674153 0.040994677408889402 0.10113605574588291 0.60018874758316088 0.077450922617572471 0.88540168720646761 0.081218688341323286 0.36920920076954644 0.097200365838943981 0.075109330398845486 0.088938211920321919
leaf_count=4 369 82 188 58 95 39 2119 7 2336 102 200 260 44 27
internal_value=-6.14118e-10 0.00464318 -0.00262341 0.000131891 0.00611404 0.00678347 -0.00509909 -0.0014471 -0.00217588 -0.00567965 0.000467966 0.00113631 0.000308408 -0.00601272
internal_weight=3.58038 1.01465 2.56573 1.66235 0.960872 0.919877 0.903381 1.46545 0.962853 0.770346 0.502597 0.46641 0.133035 0.689127
internal_count=5930 585 5345 2865 503 408 2480 2807 2343 2248 464 460 232 2146
is_linear=0
shrinkage=0.025


Tree=420
num_leaves=15
num_cat=0
split_feature=6 4 0 28 0 31 3 9 2 3 12 6 35 3
split_gain=0.103893 0.0381818 0.0345063 0.0329664 0.0225957 0.0202106 0.0183416 0.0116256 0.00919567 0.00795195 0.00777138 0.00655726 0.00634864 0.00516326
threshold=71.500000000000014 49.500000000000007 5.9030500000000012 1.0000000180025095e-35 5.1626500000000011 1.0000000180025095e-35 295380.00000000006 1.5828000000000002 1985.5000000000002 214022.50000000003 2.5000000000000004 69.500000000000014 1.0000000180025095e-35 225259.00000000003
decision_type=10 8 10 2 10 2 10 8 10 10 8 8 2 8
left_child=1 2 10 5 -2 6 12 -5 13 -10 -1 -12 -3 -9
right_child=4 3 -4 7 -6 -7 -8 8 9 -11 11 -13 -14 -15
leaf_value=0.00080751446069970826 -0.00075103884251373335 -0.0072625722201107648 0.0041668483000504011 -0.0019074215626212804 0.0062172863739954187 0.00035715723062284209 0.00024198875638256642 0.00072547704647951932 -0.00066143083593313105 0.0027773495924046836 0.00056839371402953791 -0.0033029988668352183 -9.5066354836351939e-05 -0.0017964013105159042
leaf_weight=0.038666280150210564 0.11771967713139009 0.63903068357831216 0.25036943051964045 0.27650094308773976 0.53194330792757683 0.2377732609747909 0.18449654240976088 0.1802799063443673 0.13829991657985374 0.52554617266287096 0.026246031484333798 0.17738048250248539 0.10920494818128645 0.14314417135028634
leaf_count=70 256 3010 11 320 112 441 537 17 48 137 22 731 159 59
internal_value=-1.41789e-09 -0.00221167 0.00183783 -0.00332773 0.00526476 -0.00519709 -0.00606519 -6.53939e-05 0.00115072 0.00209398 -0.00198571 -0.00274635 -0.00686923 -0.000904683
internal_weight=3.5766 2.92694 0.492662 2.43428 0.649663 1.17051 0.932732 1.26377 0.98727 0.663846 0.242293 0.203627 0.748236 0.323424
internal_count=5930 5562 834 4728 368 4147 3706 581 261 185 823 753 3169 76
is_linear=0
shrinkage=0.025


Tree=421
num_leaves=15
num_cat=0
split_feature=11 30 32 13 3 13 7 12 6 2 7 2 3 3
split_gain=0.125412 0.062672 0.0670756 0.0360782 0.0310266 0.0298336 0.0289706 0.0257123 0.0137623 0.00433511 0.003395 0.00270446 0.00270376 0.00788839
threshold=11.84760677120016 1.0000000180025095e-35 1.0000000180025095e-35 16.500000000000004 329620.00000000006 25.500000000000004 1.5000000000000002 31.500000000000004 73.500000000000014 1974.5000000000002 14.500000000000002 1989.5000000000002 219141.50000000003 213073.50000000003
decision_type=10 2 2 8 10 10 2 8 8 8 2 8 8 10
left_child=9 2 3 8 5 6 -5 -8 -2 -1 -10 -9 13 -11
right_child=1 -3 -4 4 -6 -7 7 11 10 12 -12 -13 -14 -15
leaf_value=4.5732164341227166e-05 0.0016821652160990321 -0.0028268232304619455 -0.0025370112781449437 -0.00064735489456694694 -0.00090836551668961639 -0.00069984386855703198 0.010206418508910301 0.00072631740679741724 -0.0027492676375990639 -0.0016694473301667378 0.00032576195009868521 -0.0011140981730124407 -0.0040852095709844683 0.0011834980538962961
leaf_weight=0.1886829600043719 0.07138631702400744 0.06707671784897673 0.058391022852447239 0.057206787121685809 0.049225055176066346 0.068369757933396502 0.9304825755061753 0.04111748337163601 0.077626086876989242 0.35098145390656976 0.04371997605994693 0.040061773390334565 1.3466994094669644 0.17803507399003138
leaf_count=19 14 110 136 79 85 27 327 9 152 626 72 49 4114 111
internal_value=-1.42795e-10 0.00414969 0.00550135 0.00676496 0.00773651 0.00836064 0.00899834 0.00959444 -0.000687857 -0.00339172 -0.00233887 -0.000372324 -0.00363316 -0.000563231
internal_weight=3.56906 1.50466 1.43759 1.3792 1.18646 1.13724 1.06887 1.01166 0.192732 2.0644 0.121346 0.0811793 1.87572 0.529017
internal_count=5930 1060 950 814 576 491 464 385 238 4870 224 58 4851 737
is_linear=0
shrinkage=0.025


Tree=422
num_leaves=15
num_cat=0
split_feature=6 0 3 13 0 5 8 3 8 2 2 2 35 12
split_gain=0.11451 0.0421921 0.0352787 0.0269676 0.0243273 0.0144953 0.00877203 0.0042231 0.00266595 0.00190738 0.00472699 0.00287175 0.00267944 0.00166041
threshold=79.500000000000014 5.9030500000000012 185988.00000000003 18.500000000000004 5.0760000000000014 69.500000000000014 6.4345500000000007 164891.50000000003 4.9938000000000011 2017.5000000000002 2021.5000000000002 2003.5000000000002 1.0000000180025095e-35 39.500000000000007
decision_type=8 10 8 10 10 10 8 10 8 10 10 8 2 10
left_child=4 2 7 -3 8 -6 -4 -2 -1 11 -11 13 -13 -8
right_child=1 3 6 -5 5 -7 9 -9 -10 10 -12 12 -14 -15
leaf_value=0.00059165848583576464 -0.00056359582630054726 -0.0017942985115802631 -0.0052264513339009321 0.0039001694644957233 -0.0002389695805288682 0.0069842377163329642 0.00089412824618749433 0.0020762039148786099 -0.0013357730817281242 0.0013768102918011666 -0.00098273981888896233 -0.0020451516995276383 0.00034478021685600498 -0.00050229167343069357
leaf_weight=0.027418854326242581 0.054509132394742976 0.13379495800472785 1.4397936479090279 0.25660047098062932 0.12383483051962685 0.48889521886303555 0.11190610693301994 0.20208992843254237 0.10645632805244531 0.10467162888380699 0.077653207103139721 0.23330571382393828 0.056818181008566171 0.14451774123881478
leaf_count=61 102 38 3872 14 60 112 23 151 293 68 292 746 76 22
internal_value=-3.77112e-09 -0.00242688 -0.00354038 0.00206171 0.00530179 0.00628142 -0.00442717 0.00151319 -0.000767363 -0.000738488 0.000390646 -0.0011242 -0.00167265 0.000333729
internal_weight=3.56227 2.81566 2.42527 0.390395 0.746605 0.61273 2.16867 0.256599 0.133875 0.728873 0.182325 0.546548 0.290124 0.256424
internal_count=5930 5404 5352 52 526 172 5099 253 354 1227 360 867 822 45
is_linear=0
shrinkage=0.025


Tree=423
num_leaves=15
num_cat=0
split_feature=11 30 32 2 4 4 7 7 2 10 8 35 6 3
split_gain=0.121104 0.0614585 0.0667017 0.0303352 0.0415301 0.0296849 0.0137526 0.00600322 0.00435696 0.00316169 0.00257051 0.00223489 0.00134561 0.00134537
threshold=11.84760677120016 1.0000000180025095e-35 1.0000000180025095e-35 1994.5000000000002 43.500000000000007 57.500000000000007 46.500000000000007 1.5000000000000002 1974.5000000000002 2.5000000000000004 6.4345500000000007 1.0000000180025095e-35 70.500000000000014 287436.50000000006
decision_type=10 2 2 10 10 10 2 2 8 10 10 2 8 8
left_child=8 2 3 9 -5 6 7 13 -1 -2 11 12 -10 -6
right_child=1 -3 -4 4 5 -7 -8 -9 10 -11 -12 -13 -14 -15
leaf_value=5.7564421164494244e-05 0.00062224465389446439 -0.0028104535988445947 -0.0025490076750394938 -0.0013554462535626422 -0.00055058785431399396 -0.00084475742915221747 -0.00026461919638680635 0.0093133762157147741 7.2017795711123726e-05 -0.0014981578296396781 0.00019668360943518972 -1.7853730778824474e-05 -0.0038547060743184705 0.00073316182978763885
leaf_weight=0.1880527312387138 0.039694512583082431 0.066885904147056752 0.058315008394856593 0.0366358887113164 0.02597979265556194 0.041987408400018356 0.046075995745923026 1.0600355162496269 0.018697381528909318 0.059358609589253319 0.0098686282290144645 0.11095997632946808 1.730231949532026 0.065367321916710353
leaf_count=19 35 110 136 74 45 87 59 407 73 75 15 164 4599 32
internal_value=2.50118e-09 0.00408094 0.00542528 0.00669427 0.00739865 0.00814712 0.00870336 0.00901842 -0.00333693 -0.000855411 -0.00357943 -0.00366123 -0.0038018 0.000198099
internal_weight=3.55815 1.50034 1.43345 1.37514 1.27608 1.23945 1.19746 1.15138 2.05781 0.0990531 1.86976 1.85989 1.74893 0.0913471
internal_count=5930 1060 950 814 704 630 543 484 4870 110 4851 4836 4672 77
is_linear=0
shrinkage=0.025


Tree=424
num_leaves=15
num_cat=0
split_feature=6 0 13 0 8 6 31 0 2 2 2 35 5 10
split_gain=0.099555 0.0278958 0.0495189 0.0211913 0.0106678 0.0114011 0.012116 0.00599077 0.00557065 0.00591834 0.00624531 0.00302091 0.00290413 0.0011894
threshold=71.500000000000014 5.786900000000001 17.500000000000004 5.1626500000000011 6.315100000000001 69.500000000000014 1.0000000180025095e-35 5.9340000000000011 2021.5000000000002 2017.5000000000002 2003.5000000000002 1.0000000180025095e-35 77.500000000000014 1.0000000180025095e-35
decision_type=10 10 10 10 8 8 2 10 8 10 8 2 10 8
left_child=1 4 7 13 5 -1 12 -3 9 10 -6 -10 -7 -2
right_child=3 2 -4 -5 8 6 -8 -9 11 -11 -12 -13 -14 -15
leaf_value=0.00068663834371682979 0.00033885927116856406 0.00032405248798972081 0.0039481306050540479 0.0060723786583887591 0.00080599479266194561 -0.0049471422240246555 0.00054385507145408385 -0.0036947798669211256 -0.0019034337535735663 0.0018609671218136913 -0.0018206271863165124 0.00042851171507981846 0.00016233323698555557 -0.0010469936204870116
leaf_weight=0.032884670945350081 0.020846609695581608 0.1065049614990129 0.42752101784572005 0.53017888739123009 0.3265856791549594 1.268318444077523 0.082472678594058269 0.082910208031535149 0.25155637697025668 0.15391466965957079 0.10456208352843532 0.058127344149397686 0.0076765159246862105 0.096315495917224325
leaf_count=52 38 33 45 112 56 3863 141 26 1026 85 112 78 45 218
internal_value=8.29823e-10 -0.00217521 0.00123288 0.00515371 -0.00319023 -0.00408145 -0.00443907 -0.00306247 -0.000381693 0.000760615 -0.000658055 -0.00147275 -0.00485858 -0.000717812
internal_weight=3.55038 2.90303 0.616936 0.647341 2.2861 1.39135 1.35847 0.189415 0.894746 0.585062 0.431148 0.309684 1.27599 0.117162
internal_count=5930 5562 104 368 5458 4101 4049 59 1357 253 168 1104 3908 256
is_linear=0
shrinkage=0.025


Tree=425
num_leaves=15
num_cat=0
split_feature=6 4 0 28 4 11 31 3 8 12 12 3 3 12
split_gain=0.0962446 0.0357596 0.0333968 0.0305131 0.0212647 0.0232333 0.0210958 0.0172107 0.00974368 0.00768019 0.00752282 0.0114049 0.00754297 0.00642491
threshold=71.500000000000014 49.500000000000007 5.9030500000000012 1.0000000180025095e-35 57.500000000000007 11.693950334875408 1.0000000180025095e-35 295380.00000000006 3.9887000000000001 2.5000000000000004 40.500000000000007 225259.00000000003 214022.50000000003 63.500000000000007
decision_type=10 8 10 2 8 10 2 10 8 8 8 8 10 8
left_child=1 2 9 6 5 -2 7 13 -5 -1 12 -12 -10 -3
right_child=4 3 -4 8 -6 -7 -8 -9 10 -11 11 -13 -14 -15
leaf_value=0.0008048560952363589 -0.00074909222567363053 -0.0072669417250463665 0.0040827608261576288 -0.0018436010204040108 -0.00098836113461660876 0.0067247918385425339 0.00043631145497927121 0.0002287945573094829 -0.00070054573377662281 -0.0027262290391056013 0.0012821340645296838 -0.0022851321283108772 0.0025329992176995391 -0.00030894108648826991
leaf_weight=0.038172702403245107 0.09270327174453985 0.55393439226281771 0.24832411669194698 0.19350036616378918 0.037296002134098671 0.51459861423063558 0.23654705962690059 0.18320461321127368 0.13896669648238447 0.2017689551175863 0.20309338532388221 0.1572442025935743 0.55978126502304804 0.18509919764255756
leaf_count=70 205 2325 11 251 60 103 441 537 54 753 18 67 191 844
internal_value=1.28008e-09 -0.00213907 0.00178455 -0.00322377 0.00507212 0.00582767 -0.00502516 -0.00592422 -6.62532e-05 -0.00196841 0.000996121 -0.000810041 0.00185609 -0.006704
internal_weight=3.54423 2.89964 0.488266 2.41137 0.644598 0.607302 1.15879 0.922238 1.25259 0.239942 1.05909 0.360338 0.698748 0.739034
internal_count=5930 5562 834 4728 368 308 4147 3706 581 823 330 85 245 3169
is_linear=0
shrinkage=0.025


Tree=426
num_leaves=15
num_cat=0
split_feature=11 30 32 13 13 7 12 6 3 2 7 3 3 3
split_gain=0.111946 0.0594242 0.0654863 0.0366151 0.0305974 0.0312004 0.0325554 0.0133249 0.00802038 0.00407283 0.00350879 0.0026702 0.0026218 0.00735623
threshold=11.84760677120016 1.0000000180025095e-35 1.0000000180025095e-35 16.500000000000004 25.500000000000004 1.5000000000000002 31.500000000000004 73.500000000000014 326855.00000000006 1974.5000000000002 14.500000000000002 295380.00000000006 219141.50000000003 213073.50000000003
decision_type=10 2 2 8 10 2 8 8 10 8 2 10 8 10
left_child=9 2 3 7 5 -5 8 -2 -7 -1 -9 -8 13 -11
right_child=1 -3 -4 4 -6 6 11 10 -10 12 -12 -13 -14 -15
leaf_value=5.7795155176837368e-05 0.001620967189943742 -0.0027940203545350983 -0.0025592349696121394 -0.00078542905261180492 -0.00082203766451186845 0.0098933387211265402 -0.001284504697102748 -0.0027723507978611849 2.3188455691301735e-05 -0.001595662966990457 0.00033397038190512282 0.0006180085211206208 -0.0038826740433969271 0.0011567041546947034
leaf_weight=0.18834570881881596 0.069508425760432146 0.066364551581500453 0.057814706069620914 0.062545232372940407 0.072572409429994988 0.89722625185095206 0.04240941825992206 0.077487015201768039 0.057727916024305159 0.34884660982061144 0.044365707668475807 0.039745087546180002 1.335388839328516 0.17643612245228724
leaf_count=19 14 110 136 88 37 321 47 152 65 626 72 18 4114 111
internal_value=-1.02646e-09 0.00393541 0.00527373 0.00654811 0.00754147 0.00822205 0.00888417 -0.000759423 0.00961374 -0.003211 -0.00235181 -0.000643539 -0.00344642 -0.000518931
internal_weight=3.53678 1.48777 1.4214 1.36359 1.17223 1.09965 1.03711 0.191361 0.954954 2.04902 0.121853 0.0821545 1.86067 0.525283
internal_count=5930 1060 950 814 576 539 451 238 386 4870 224 65 4851 737
is_linear=0
shrinkage=0.025


Tree=427
num_leaves=15
num_cat=0
split_feature=6 0 13 3 4 5 11 3 6 5 3 12 2 0
split_gain=0.0937408 0.0417505 0.0343917 0.0262598 0.020967 0.0230789 0.0252811 0.0197814 0.0109093 0.013868 0.00551086 0.00530564 0.0125806 0.00502388
threshold=71.500000000000014 5.786900000000001 17.500000000000004 185988.00000000003 57.500000000000007 69.500000000000014 11.693950334875408 295380.00000000006 69.500000000000014 77.500000000000014 286463.00000000006 17.500000000000004 1985.5000000000002 5.6023000000000005
decision_type=10 10 10 8 8 10 10 10 8 8 8 10 10 8
left_child=1 3 7 -1 5 10 -7 -3 -5 -10 -2 -11 -13 -14
right_child=4 2 -4 8 -6 6 -8 -9 9 11 -12 12 13 -15
leaf_value=0.0012215345187459518 0.00090969611652491524 -0.003772728635431705 0.0038750644143116242 0.00064701527536167272 -0.00098598012852696535 -0.00076511142765989942 0.0075041156247648262 0.001455239088633202 -0.0064002891454106939 -0.0021578940781531988 -0.0017965525951297756 -0.0016783369956171008 -0.00063276078072794335 0.0022584815898764473
leaf_weight=0.22895494053955312 0.049932022899156325 0.097485202422831096 0.42340702103683725 0.035077525550150312 0.037310834042727947 0.072328282069065608 0.45908834613510408 0.084515956463292241 0.52714741984527869 0.80047781859684597 0.022862063851789571 0.28235375678195851 0.029632141653564759 0.37936444222577848
leaf_count=254 48 50 45 58 60 149 78 9 2757 2087 33 41 193 68
internal_value=-3.13632e-09 -0.00211486 0.00183973 -0.00340449 0.00500965 0.00576371 0.00661395 -0.00216775 -0.00415126 -0.00442133 -0.000822624 -0.00143417 0.000184194 0.00174859
internal_weight=3.52994 2.88842 0.605408 2.28301 0.641522 0.604211 0.531417 0.182001 2.05405 2.01898 0.0727941 1.49183 0.69135 0.408997
internal_count=5930 5562 104 5458 368 308 227 59 5204 5146 81 2389 302 261
is_linear=0
shrinkage=0.025


Tree=428
num_leaves=15
num_cat=0
split_feature=0 32 4 12 2 11 9 3 6 2 7 7 35 11
split_gain=0.107574 0.0522164 0.0503138 0.0361847 0.0690256 0.0198551 0.0106849 0.00575346 0.00491511 0.00393835 0.003456 0.00345081 0.00264161 0.00168647
threshold=5.0760000000000014 1.0000000180025095e-35 56.500000000000007 9.5000000000000018 2008.5000000000002 13.313089297866917 3.5246458333333339 225259.00000000003 74.500000000000014 1974.5000000000002 23.500000000000004 7.5000000000000009 1.0000000180025095e-35 12.784339132765984
decision_type=10 2 10 8 8 10 10 8 8 8 2 2 2 10
left_child=9 2 3 -2 5 10 -4 -6 -9 -1 11 -5 -11 -13
right_child=1 -3 6 4 7 -7 -8 8 -10 12 -12 13 -14 -15
leaf_value=5.2820949689890773e-05 0.0083034889903218553 -0.0025917224516351133 0.0010771982877800532 -0.00074723630020043252 0.00032057632202456005 0.005056007011564616 -0.0029062374412933568 0.00024510310538789463 -0.0050586210200817142 -0.0035655782994652185 -0.0014888223018393377 -0.00029798119810667658 4.0221694992686644e-05 0.0016522455784005264
leaf_weight=0.18862815013562872 0.62489832982828342 0.059238493427983374 0.03587124180921808 0.048239569183351816 0.024987383312691236 0.330652903590817 0.098165261813846882 0.023245497344760224 0.09115510373521829 1.7205068880630277 0.057431853863818105 0.022616771300818073 0.10998216181178566 0.087173277905094437
leaf_count=19 162 163 8 178 17 41 219 20 151 4518 148 102 164 20
internal_value=3.52219e-09 0.00383147 0.00504739 0.00623862 0.000546652 0.00379127 -0.00183036 -0.00433597 -0.00472805 -0.00317734 -0.000712531 0.00061162 -0.00341126 0.001344
internal_weight=3.52279 1.50368 1.44444 1.3104 0.685502 0.546114 0.134037 0.139388 0.114401 2.01912 0.215461 0.15803 1.83049 0.10979
internal_count=5930 1229 1066 839 677 489 227 188 171 4701 448 300 4682 122
is_linear=0
shrinkage=0.025


Tree=429
num_leaves=15
num_cat=0
split_feature=6 4 0 28 31 4 5 11 6 9 2 12 35 6
split_gain=0.0915263 0.0337783 0.0319631 0.0290965 0.021402 0.0207595 0.0228217 0.0247868 0.0111786 0.0102985 0.00845791 0.00767629 0.0071225 0.00622952
threshold=71.500000000000014 49.500000000000007 5.9030500000000012 1.0000000180025095e-35 1.0000000180025095e-35 57.500000000000007 69.500000000000014 11.693950334875408 70.500000000000014 1.5828000000000002 1985.5000000000002 2.5000000000000004 1.0000000180025095e-35 69.500000000000014
decision_type=10 8 10 2 2 8 10 10 8 8 10 8 2 8
left_child=1 2 11 4 8 6 -2 -8 -3 -5 -11 -1 -10 -13
right_child=5 3 -4 9 -6 -7 7 -9 12 10 -12 13 -14 -15
leaf_value=0.00081396027787050066 -0.00082130642232102933 0.00044493681094816485 0.003991225046576995 -0.0017943953260617569 0.00048214362128818418 -0.00098673638450192617 -0.00075729160521951751 0.0074384637010007325 -0.0065566101119934016 -0.00087425240893890623 0.0020017892280537893 0.00055160363069748687 7.7697571336017228e-06 -0.0032377178521091434
leaf_weight=0.038041972922656764 0.072997351977391989 0.034881378982390743 0.24373221304267645 0.27512129928800266 0.23417538974899799 0.037257501244312152 0.072065748085151426 0.45655019988771528 0.77125452481959655 0.32231595797929924 0.65081189921329496 0.025617154009523802 0.10719277759199031 0.17480876873014495
leaf_count=70 81 52 11 320 441 60 149 78 3496 76 185 22 158 731
internal_value=-7.19412e-10 -0.00209334 0.00173457 -0.00314771 -0.00491236 0.00495333 0.0057076 0.00655667 -0.0058246 -6.20626e-05 0.0010889 -0.00193226 -0.00617788 -0.00269735
internal_weight=3.51682 2.87795 0.4822 2.39575 1.1475 0.638871 0.601613 0.528616 0.913329 1.24825 0.973128 0.238468 0.878447 0.200426
internal_count=5930 5562 834 4728 4147 368 308 227 3706 581 261 823 3654 753
is_linear=0
shrinkage=0.025


Tree=430
num_leaves=15
num_cat=0
split_feature=0 9 12 2 9 0 3 2 4 7 2 8 6 0
split_gain=0.10254 0.0600364 0.0454804 0.044395 0.0508313 0.0226655 0.00415317 0.00408792 0.00243596 0.00229933 0.0022523 0.00106322 0.00124954 0.000979581
threshold=5.0760000000000014 4.3460312500000011 17.500000000000004 2021.5000000000002 5.9025500000000006 5.7040500000000014 325673.50000000006 1996.5000000000002 60.500000000000007 7.5000000000000009 1963.5000000000002 6.4345500000000007 69.500000000000014 5.9030500000000012
decision_type=10 8 10 10 10 10 10 10 8 2 8 10 8 10
left_child=10 -2 3 4 6 8 9 -7 -4 13 -1 12 -12 -3
right_child=1 2 5 -5 -6 7 -8 -9 -10 -11 11 -13 -14 -15
leaf_value=7.0887463040015457e-05 0.0072094139520437438 -0.00061479150723598949 -0.0017561875993698458 0.0021987206428515467 0.001854597349148245 -5.7066602895462394e-05 6.3258429468344645e-05 0.0044787382019159123 0.00040602074010403502 -0.0075734253023488907 0.00010038506381137775 8.6913200425896297e-05 -0.0033108398452158364 0.00048327323812339762
leaf_weight=0.091194328153506699 0.39235321717569571 0.048810052638145862 0.11215695004284498 0.10134551808732795 0.086646565468981862 0.10954978177323937 0.031956609218468657 0.32910251390421763 0.025254862517613219 0.2394322770414874 0.0096477578699705191 0.0083584448002510525 1.9054287051039862 0.017892215400934219
leaf_count=7 141 98 466 41 7 27 39 56 78 275 42 14 4638 1
internal_value=-3.33455e-09 0.00374947 -0.000325858 -0.00330094 -0.00523539 0.00276163 -0.00708049 0.00409368 -0.00135121 -0.00730371 -0.00310256 -0.0032258 -0.00326511 -0.00014332
internal_weight=3.50913 1.4945 1.10215 0.526083 0.424738 0.576064 0.338091 0.438652 0.137412 0.306135 2.01463 1.92343 1.91508 0.0667023
internal_count=5930 1229 1088 461 420 627 413 83 544 374 4701 4694 4680 99
is_linear=0
shrinkage=0.025


Tree=431
num_leaves=15
num_cat=0
split_feature=6 0 3 4 4 5 11 8 3 9 4 3 3 2
split_gain=0.101852 0.0337553 0.0334295 0.0250173 0.0218921 0.0237163 0.0170792 0.0116805 0.00761013 0.00744452 0.00600265 0.00390748 0.00367782 0.0020602
threshold=79.500000000000014 5.9030500000000012 185988.00000000003 49.500000000000007 57.500000000000007 69.500000000000014 11.693950334875408 6.4345500000000007 269953.50000000006 5.2798613636363649 54.500000000000007 164891.50000000003 198985.50000000003 2017.5000000000002
decision_type=8 10 8 8 8 10 10 8 10 10 10 10 8 10
left_child=4 2 11 -3 5 9 -7 -4 -5 10 12 -2 -1 -9
right_child=1 3 7 8 -6 6 -8 13 -10 -11 -12 -13 -14 -15
leaf_value=0.00039239592663536786 -0.00052021556320636629 0.003666607855389976 -0.0050387709979198793 -0.0026702889536177441 -0.0010216814196140369 -0.00043271388393138126 0.0074722724712555887 -0.00097693717964189488 0.00078538748797545238 0.0012459496150578637 0.00071638962952575444 0.002072942325947126 -0.0028437613350763649 0.00050266061813762663
leaf_weight=0.0067302879469934842 0.053910495233141176 0.22679079696536053 1.418717749660573 0.075463096203748137 0.039631300256587565 0.075419621760374866 0.45371553981385659 0.54368891890771909 0.074670382949989289 0.046065017857472412 0.029154571922845207 0.19885565313597908 0.081857540841156151 0.18171424817410298
leaf_count=9 102 10 3872 28 67 165 88 867 14 12 23 151 162 360
internal_value=-1.49033e-09 -0.00230381 -0.0032867 0.00179414 0.00501805 0.00576294 0.00679941 -0.00416697 -0.00176307 -0.000550682 -0.00173943 0.0015461 -0.00246329 -0.000529781
internal_weight=3.50639 2.77381 2.39689 0.376924 0.732574 0.692943 0.529135 2.14412 0.150133 0.163807 0.117742 0.252766 0.0885878 0.725403
internal_count=5930 5404 5352 52 526 459 253 5099 42 206 194 253 171 1227
is_linear=0
shrinkage=0.025


Tree=432
num_leaves=15
num_cat=0
split_feature=0 32 12 2 13 0 2 3 2 35 2 7 8 2
split_gain=0.0985199 0.0502615 0.0393034 0.0675647 0.0377123 0.0219594 0.00899579 0.00574672 0.00367205 0.00274507 0.00229294 0.00223217 0.00113932 0.000849175
threshold=5.0760000000000014 1.0000000180025095e-35 9.5000000000000018 2008.5000000000002 16.500000000000004 5.7040500000000014 1996.5000000000002 240813.00000000003 1974.5000000000002 1.0000000180025095e-35 1986.5000000000002 31.500000000000004 6.4345500000000007 2005.5000000000002
decision_type=10 2 8 8 8 10 10 8 8 2 10 2 10 10
left_child=8 2 4 5 -2 10 -7 -5 -1 12 -4 -9 -10 -12
right_child=1 -3 3 7 -6 6 -8 11 9 -11 13 -13 -14 -15
leaf_value=5.614412563861662e-05 -0.0010307100472205545 -0.0025722456469576085 0.00044689823087375251 0.00028748939512905517 0.008113285594785925 -0.00025675224086074412 0.0052027158676683435 -0.0051506984050020566 -0.0034672758558557241 6.513010430103185e-05 -0.0016884134007849696 6.4071377030621327e-05 8.7058568205131389e-05 0.00014032039628271886
leaf_weight=0.188461552665104 0.094568164306110369 0.058762880566064157 0.016740122206101771 0.030019225083378842 0.59678189781698165 0.11500499880639836 0.32619407231686637 0.096545282336592209 1.7076230448401473 0.10976253516855639 0.10592855211507413 0.028348101881420007 0.0083753946964860715 0.019325311746797524
leaf_count=19 56 163 11 38 150 29 47 151 4504 164 433 61 14 90
internal_value=-1.37468e-09 0.00368186 0.00489191 3.32034e-05 0.00699262 0.00337525 0.00458891 -0.00457694 -0.00303935 -0.00326567 -0.00111196 -0.00496232 -0.00342426 -0.00153231
internal_weight=3.50244 1.48822 1.42946 0.738106 0.69135 0.583193 0.441199 0.154913 2.01422 1.82576 0.141994 0.124893 1.716 0.125254
internal_count=5930 1229 1066 860 206 610 76 250 4701 4682 534 212 4518 523
is_linear=0
shrinkage=0.025


Tree=433
num_leaves=15
num_cat=0
split_feature=6 4 0 9 2 4 5 11 0 3 9 4 9 3
split_gain=0.0989283 0.032491 0.039784 0.0365954 0.0229184 0.021738 0.0232741 0.0166127 0.0124559 0.011126 0.0073186 0.00596613 0.00532246 0.0033459
threshold=79.500000000000014 49.500000000000007 5.9030500000000012 3.960509197324416 2022.5000000000002 57.500000000000007 69.500000000000014 11.693950334875408 4.5355000000000016 185988.00000000003 5.2798613636363649 54.500000000000007 5.9689500000000004 164891.50000000003
decision_type=8 10 10 8 10 8 10 10 10 8 10 10 10 10
left_child=5 2 9 8 12 6 10 -8 -3 13 11 -1 -5 -2
right_child=1 3 -4 4 -6 -7 7 -9 -10 -11 -12 -13 -14 -15
leaf_value=-0.0024494239439077415 -0.00060668935316814945 -0.0013766257871883798 0.003625236032965223 -0.0073190594313258172 0.00084577087923872396 -0.0010269295207739528 -0.00042435903282942496 0.0073928192200903341 0.0025594533271707832 -0.0023303293240723986 0.0012347095671363497 0.00071622453580819383 0.00020478926967437314 0.0015825829395997538
leaf_weight=0.088535681905341335 0.044472454232164726 0.080043540361657395 0.24996415991336096 0.45391477452176332 0.037422538865939714 0.03959098034829367 0.0752928136207629 0.45031047106022015 0.1138224778114818 1.6198998363870487 0.0456809430179419 0.02913464889570605 0.0058151357370661563 0.16361447190865874
leaf_count=171 75 457 15 1458 39 67 165 88 103 3136 12 23 6 115
internal_value=2.3466e-09 -0.00227115 -0.0001189 -0.00484556 -0.00638404 0.00495209 0.00570027 0.00672886 0.00114247 -0.00173176 -0.000548486 -0.00172608 -0.00714879 0.000999801
internal_weight=3.49751 2.76897 2.07795 0.691018 0.497152 0.728546 0.688955 0.525603 0.193866 1.82799 0.163351 0.11767 0.45973 0.208087
internal_count=5930 5404 3341 2063 1503 526 459 253 560 3326 206 194 1464 190
is_linear=0
shrinkage=0.025


Tree=434
num_leaves=15
num_cat=0
split_feature=0 30 32 4 2 4 8 8 8 35 5 8 6 31
split_gain=0.119664 0.0601684 0.0674758 0.0460751 0.0329457 0.0474455 0.00708609 0.00361061 0.0029921 0.00261222 0.00160382 0.00117403 0.00157696 0.00151184
threshold=5.0760000000000014 1.0000000180025095e-35 1.0000000180025095e-35 56.500000000000007 1994.5000000000002 43.500000000000007 6.1058500000000011 6.1307000000000009 5.5168500000000007 1.0000000180025095e-35 76.500000000000014 6.4345500000000007 70.500000000000014 1.0000000180025095e-35
decision_type=10 2 2 10 10 10 10 10 10 2 10 10 8 2
left_child=9 2 3 4 7 -6 8 -2 -5 11 -7 12 -1 -14
right_child=1 -3 -4 6 5 10 -8 -9 -10 -11 -12 -13 13 -15
leaf_value=0.00010350241226601179 -0.0015015007976880094 -0.0027648482170566577 -0.0025735586331521831 0.00034235964500092917 -0.0013544244738497128 0.0093997100395055745 0.00092485643793520107 0.00071875809500594647 -0.002608594623264059 4.441586037965353e-05 0.00019946414387426539 8.8138016320683332e-05 -0.003774694841346125 -0.0002376989040097415
leaf_weight=0.017870059578854125 0.064594072529871371 0.066488979682617244 0.058646249141020124 0.011257822792685945 0.037296758826414478 1.0509213407422064 0.03671632576151751 0.028761115128872916 0.062776377635600511 0.1111572261143009 0.056239787892991333 0.0083793259836965062 1.6590697566443857 0.22286014973360568
leaf_count=70 107 128 163 54 84 552 8 3 108 166 22 14 4008 443
internal_value=-2.67213e-09 0.00407659 0.00541413 0.00670939 0.00769713 0.00843281 -0.00132102 -0.000785709 -0.0022589 -0.0033399 0.00924882 -0.00348452 -0.00352524 -0.00358366
internal_weight=3.49304 1.4737 1.40721 1.34856 1.23781 1.14446 0.110751 0.0933552 0.0740342 2.01934 1.10716 1.90818 1.8998 1.88193
internal_count=5930 1229 1101 938 768 658 170 110 162 4701 574 4535 4521 4451
is_linear=0
shrinkage=0.025


Tree=435
num_leaves=15
num_cat=0
split_feature=6 4 0 9 5 4 11 2 3 6 6 9 3 9
split_gain=0.0843297 0.0311722 0.0434693 0.0236276 0.0199183 0.0221969 0.0232459 0.0174172 0.0120981 0.0119493 0.00679106 0.0058707 0.00544799 0.00510495
threshold=71.500000000000014 49.500000000000007 5.9030500000000012 4.3026277777777784 69.500000000000014 57.500000000000007 11.693950334875408 2022.5000000000002 185988.00000000003 70.500000000000014 69.500000000000014 2.1645500000000006 286463.00000000006 5.9689500000000004
decision_type=10 10 10 8 10 8 10 10 8 8 8 10 8 10
left_child=1 2 8 11 12 6 -6 9 -1 -5 -10 -3 -2 -11
right_child=4 3 -4 7 5 -7 -8 -9 10 13 -12 -13 -14 -15
leaf_value=0.0010893229748685134 0.0008850767126217492 -0.0009975193210505467 0.0038557262724968119 0.00044140497178404901 -0.00073113011556537441 -0.00094181416031592982 0.00722985933607442 0.00071338896990478585 0.00070437299769317502 -0.0070216212280237141 -0.0026158096048785515 0.0016844534487252913 -0.0018200756333644564 0.00020554512699211708
leaf_weight=0.20984997658524762 0.05137996382836707 0.059941620304016285 0.26389487762935449 0.028570985617989209 0.071589541519642808 0.035769097070442513 0.44666200486244634 0.037231507798423991 0.026973388914484531 0.42061355897931207 1.6657232024626862 0.1405355028800841 0.022930698294658214 0.0058363352873129761
leaf_count=192 51 347 16 34 149 57 78 40 30 1405 3191 301 33 6
internal_value=-1.08288e-09 -0.00201311 -1.84756e-05 -0.00455503 0.0047711 0.0055985 0.00637292 -0.00574588 -0.00169911 -0.00640145 -0.00232096 0.000719603 -0.000866844 -0.00684796
internal_weight=3.4875 2.85917 2.16644 0.69273 0.628331 0.554021 0.518252 0.492252 1.90255 0.455021 1.6927 0.200477 0.0743107 0.42645
internal_count=5930 5562 3429 2133 368 284 227 1485 3413 1445 3221 648 84 1411
is_linear=0
shrinkage=0.025


Tree=436
num_leaves=15
num_cat=0
split_feature=1 30 32 13 0 3 31 11 35 6 8 6 8 3
split_gain=0.114169 0.0593784 0.0597168 0.0319389 0.0255133 0.021939 0.0150094 0.0050788 0.00398116 0.00277932 0.0015128 0.00186919 0.00147762 0.000993461
threshold=2.5000000000000004 1.0000000180025095e-35 1.0000000180025095e-35 12.500000000000002 5.8037500000000009 332746.50000000006 1.0000000180025095e-35 11.687454184458785 1.0000000180025095e-35 70.500000000000014 6.4345500000000007 74.500000000000014 6.2014500000000004 276417.50000000006
decision_type=10 2 2 10 10 10 2 10 2 8 10 10 8 8
left_child=4 2 3 -2 6 7 8 -5 9 -1 11 -11 13 -8
right_child=1 -3 -4 5 -6 -7 12 -9 -10 10 -12 -13 -14 -15
leaf_value=0.00014906974311712661 -0.0010707174705862055 -0.0025333270147620836 -0.0021787150163698403 -7.9811706960903527e-05 0.0014203449414271489 -0.00063651257555302136 0.0012459291037194417 0.0086911789028863203 5.6496826198567029e-05 -0.0045168380646829374 8.767134564861087e-05 7.1856533211341065e-06 -0.00038187113387056225 -0.00023477172382602502
leaf_weight=0.020965604599041399 0.029962588781927257 0.057139177864882984 0.041155528917443007 0.023709212840913096 0.23122545547084872 0.034456880566722248 0.093198045011376851 0.88460872695941362 0.11093532465747546 1.7311564775245654 0.0082268434489377595 0.055057527031749376 0.14224965864559636 0.01981868184520863
leaf_count=81 77 113 85 127 39 69 105 343 166 4262 11 102 303 47
internal_value=1.21222e-10 0.00463057 0.00609176 0.00736871 -0.00281 0.00804999 -0.00356387 0.00854038 -0.00410931 -0.00429353 -0.0043802 -0.00442486 0.000546841 0.00100863
internal_weight=3.48387 1.07103 1.01389 0.972737 2.41283 0.942775 2.18161 0.908318 1.92634 1.81541 1.79444 1.78621 0.255266 0.113017
internal_count=5930 814 701 616 5116 539 5077 470 4622 4456 4375 4364 455 152
is_linear=0
shrinkage=0.025


Tree=437
num_leaves=15
num_cat=0
split_feature=6 4 0 9 5 4 11 2 3 6 6 9 3 9
split_gain=0.0824952 0.0316564 0.0410088 0.023568 0.0200101 0.0221049 0.0229865 0.0175165 0.0118867 0.0117473 0.00683872 0.00580265 0.00542864 0.00514671
threshold=71.500000000000014 49.500000000000007 5.9030500000000012 4.3026277777777784 69.500000000000014 57.500000000000007 11.693950334875408 2022.5000000000002 185988.00000000003 70.500000000000014 69.500000000000014 2.1645500000000006 286463.00000000006 5.9689500000000004
decision_type=10 10 10 8 10 8 10 10 8 8 8 10 8 10
left_child=1 2 8 11 12 6 -6 9 -1 -5 -10 -3 -2 -11
right_child=4 3 -4 7 5 -7 -8 -9 10 13 -12 -13 -14 -15
leaf_value=0.0011025917303719446 0.00087792921899380308 -0.00099043945718573011 0.0037713738831220236 0.00043348047944369739 -0.00072800678176672038 -0.00094472268845314426 0.0071833492261450379 0.00071705040189089871 0.00072344856140505993 -0.0070210514524601869 -0.0025568539176953164 0.0016773995729006054 -0.0018276718121040397 0.00020717758180168364
leaf_weight=0.21040284397895548 0.051206699266913236 0.059707347627408924 0.25991503580007691 0.028323228340013884 0.071607669364311732 0.03586761504993774 0.44577409420162439 0.037372983308159746 0.027673500102537218 0.41900521370735078 1.6622701881024111 0.13982078677872778 0.023003486494417302 0.0059021495253546155
leaf_count=192 51 347 16 34 149 57 78 40 30 1405 3191 301 33 6
internal_value=1.4748e-09 -0.00199458 7.15883e-06 -0.00455736 0.00471897 0.00555401 0.00633022 -0.00574593 -0.00163049 -0.00640556 -0.00225416 0.000718915 -0.000881419 -0.00684571
internal_weight=3.47785 2.85039 2.16026 0.690132 0.62746 0.553249 0.517382 0.490604 1.90035 0.453231 1.68994 0.199528 0.0742102 0.424907
internal_count=5930 5562 3429 2133 368 284 227 1485 3413 1445 3221 648 84 1411
is_linear=0
shrinkage=0.025


Tree=438
num_leaves=15
num_cat=0
split_feature=6 4 0 31 4 5 11 3 2 0 3 3 3 3
split_gain=0.0980504 0.0321197 0.0366821 0.0332286 0.0214744 0.0232043 0.0159037 0.0106384 0.00755975 0.00428278 0.00344034 0.00335215 0.00266906 0.00837559
threshold=79.500000000000014 49.500000000000007 5.9030500000000012 1.0000000180025095e-35 57.500000000000007 69.500000000000014 11.693950334875408 185988.00000000003 2022.5000000000002 5.7655500000000002 328514.50000000006 164891.50000000003 258620.00000000003 280360.00000000006
decision_type=8 10 10 2 8 10 10 8 10 8 10 10 10 10
left_child=4 2 7 8 5 9 -7 11 -3 -1 -11 -2 -9 -14
right_child=1 3 -4 -5 -6 6 -8 12 -10 10 -12 -13 13 -15
leaf_value=0.00081480265136620706 -0.00061249968771353842 -0.0063241056777047699 0.0034807297387445661 0.0014575280045717263 -0.0010256770706608097 -0.00040689268619067758 0.0073014216380528621 -0.0026665341313025885 0.00020583579537608124 -0.0020153936741063691 0.00051016046004255012 0.0015705443620826231 0.0012763592781619036 -0.0016343361145036838
leaf_weight=0.11203437941730954 0.04482114766142431 0.56837563464796392 0.24428599001839746 0.060923897719476372 0.039616218833543826 0.075137374384212308 0.46327086149540264 1.1094546995409471 0.053182017090875888 0.030437127250479534 0.02133496108581312 0.16354533302364871 0.30393280805583356 0.18270247521286365
leaf_count=127 75 1872 15 34 67 165 88 2196 157 71 8 115 333 607
internal_value=1.00128e-09 -0.00228627 -0.000123037 -0.00484728 0.00489748 0.00563788 0.00666045 -0.00167809 -0.00598301 -0.000558171 -0.00147911 0.000982688 -0.00227018 -0.000180708
internal_weight=3.47305 2.73122 2.04874 0.682482 0.741831 0.702215 0.538408 1.80446 0.621558 0.163806 0.0517721 0.208366 1.59609 0.486635
internal_count=5930 5404 3341 2063 526 459 253 3326 2029 206 79 190 3136 940
is_linear=0
shrinkage=0.025


Tree=439
num_leaves=15
num_cat=0
split_feature=0 30 4 2 4 3 7 3 7 35 31 8 6 12
split_gain=0.140974 0.0625321 0.0313707 0.0410558 0.0245498 0.0253685 0.0159516 0.00475621 0.00441768 0.00353898 0.00241227 0.00237997 0.00206341 0.00159857
threshold=5.0760000000000014 1.0000000180025095e-35 43.500000000000007 1994.5000000000002 58.500000000000007 332746.50000000006 46.500000000000007 295380.00000000006 1.5000000000000002 1.0000000180025095e-35 1.0000000180025095e-35 4.3667000000000007 72.500000000000014 8.5000000000000018
decision_type=10 2 10 10 10 10 2 10 2 2 2 8 8 8
left_child=9 2 7 -4 5 6 8 13 -5 10 12 -12 -1 -2
right_child=1 -3 3 4 -6 -7 -8 -9 -10 -11 11 -13 -14 -15
leaf_value=6.6820571113927947e-05 0.0002255793026120509 -0.0027221356700736282 -0.0013909372133044811 0.00020502531062734292 -0.00080928620123138029 -0.0007540430522293706 -0.00035296465046902298 0.00073852516429641672 0.008945117840013693 8.0852098099957266e-05 0.0007683112225955526 -0.00088410973287105172 -0.004128938804727535 -0.0021419740827459269
leaf_weight=0.042959085396432783 0.0066907778164021483 0.065417048412200418 0.065462688813567982 0.085410589319508179 0.034450680053850991 0.039903833781863685 0.048897480210143729 0.034057791584928054 1.0471377766734802 0.11065489557222452 0.036512557562673353 0.18734115184633993 1.6226620746874694 0.0405235509351769
leaf_count=166 15 128 113 78 69 88 96 35 502 166 53 391 3925 105
internal_value=-8.82447e-10 0.00442581 0.00575347 0.00648824 0.0073335 0.0078241 0.00832668 -0.00114496 0.00869121 -0.00364074 -0.00381124 -0.000207031 -0.00403625 -0.00191144
internal_weight=3.46808 1.46795 1.40254 1.32126 1.2558 1.22135 1.18145 0.0812721 1.13255 2.00013 1.88947 0.223854 1.66562 0.0472143
internal_count=5930 1229 1101 946 833 764 676 155 580 4701 4535 444 4091 120
is_linear=0
shrinkage=0.025


Tree=440
num_leaves=15
num_cat=0
split_feature=20 5 0 2 13 2 3 11 9 2 9 0 8 3
split_gain=0.064578 0.0399709 0.03513 0.0308984 0.0390848 0.031288 0.0177233 0.0129206 0.0118797 0.00940246 0.00761269 0.00720003 0.00550818 0.00504745
threshold=1.0000000180025095e-35 69.500000000000014 5.9030500000000012 2021.5000000000002 17.500000000000004 1986.5000000000002 180732.00000000003 11.693950334875408 5.2798613636363649 1986.5000000000002 4.3026277777777784 5.9340000000000011 6.315100000000001 219141.50000000003
decision_type=2 10 8 8 8 10 8 10 10 8 8 8 10 8
left_child=1 8 6 4 -4 13 -2 -3 10 -8 -1 -5 -11 -6
right_child=2 7 3 11 5 -7 9 -9 -10 12 -12 -13 -14 -15
leaf_value=0.00060609873609187789 0.00089886127530499163 -0.00037246505316769604 -0.0027554450753441082 0.00064774331266453499 0.00064703419934884201 0.0046357251448869386 0.00046733582673077578 0.0061385939466733971 0.0012166294485192587 -0.0056787553050726258 -0.0035053472208716376 -0.0031734389447961478 0.00028661174036541848 -0.001913934389312825
leaf_weight=0.03923347934323862 0.050516493494797365 0.093488994403742254 0.090088314820604309 0.023374121636152378 0.16939134949643642 1.006983201827097 0.020530273817712441 0.5122463766601868 0.045130295693525113 0.67751004637284495 0.089374477887758985 0.43700437240477186 0.0046063924819463855 0.20219567159074359
leaf_count=55 74 209 216 1 17 393 24 113 12 3040 149 1591 7 29
internal_value=3.39663e-09 0.00391046 -0.00188978 0.000293098 0.00192649 0.00326227 -0.00445882 0.00552755 -0.00163343 -0.0051457 -0.00282539 -0.00266873 -0.00549203 -0.00112591
internal_weight=3.46167 0.779474 2.6822 1.92904 1.46866 1.37857 0.753163 0.605735 0.173738 0.702647 0.128608 0.460378 0.682116 0.371587
internal_count=5930 538 5392 2247 655 439 3145 322 216 3071 204 1592 3047 46
is_linear=0
shrinkage=0.025


Tree=441
num_leaves=15
num_cat=0
split_feature=0 9 2 3 9 0 2 3 3 9 3 8 3 4
split_gain=0.0624942 0.0774552 0.0562909 0.0373056 0.0485974 0.0211379 0.0168708 0.0117302 0.00605164 0.00589559 0.00432861 0.00384924 0.004243 0.00133259
threshold=5.0760000000000014 4.3460312500000011 2008.5000000000002 216144.00000000003 5.9025500000000006 5.786900000000001 2022.5000000000002 185988.00000000003 175011.00000000003 6.113500000000001 325673.50000000006 5.9814500000000006 260140.50000000003 60.500000000000007
decision_type=10 8 8 8 10 10 10 8 10 8 10 10 8 8
left_child=7 -2 5 -4 6 11 10 8 -1 -9 -5 12 -3 -14
right_child=1 2 3 4 -6 -7 -8 9 -10 -11 -12 -13 13 -15
leaf_value=-0.00096737708772294095 0.0069388210779835029 0.00049035250756772591 0.0017162883715221471 -0.0082185428053552379 0.0016630731099115813 0.0040940878746506407 0.00052538261309567104 -0.0036833132483411832 0.0017626383208376761 -0.00038771562214957238 3.9112710909200486e-05 0.00064656544632967817 -0.0024526651173608334 0.00015702812518062157
leaf_weight=0.081558703874179739 0.39132322332079605 0.073807129072520072 0.07401672931155201 0.30016702373541193 0.086049614939838648 0.32833358470816165 0.032164150914468337 1.047686507066828 0.12712323537562042 0.71917273108556412 0.031193810977129033 0.040297307408764027 0.11245034272360499 0.0099507380691647995
leaf_count=145 141 161 41 357 8 56 16 3228 97 1231 39 19 334 57
internal_value=-7.68737e-10 0.00293109 -0.00114237 -0.00423563 -0.00572353 0.00259937 -0.00740937 -0.00244271 0.000778067 -0.00296684 -0.00799569 -0.00110854 -0.00170818 -0.00228962
internal_weight=3.45529 1.47975 1.08843 0.523591 0.449575 0.564839 0.363525 1.97554 0.208682 1.76686 0.331361 0.236506 0.196208 0.122401
internal_count=5930 1229 1088 461 420 627 412 4701 242 4459 396 571 552 391
is_linear=0
shrinkage=0.025


Tree=442
num_leaves=15
num_cat=0
split_feature=1 30 32 4 10 8 0 7 35 0 7 9 5 9
split_gain=0.109049 0.0570123 0.0581715 0.0292498 0.0244069 0.0154447 0.0141798 0.0103733 0.00864013 0.00770935 0.00614344 0.00743227 0.00498313 0.00588566
threshold=2.5000000000000004 1.0000000180025095e-35 1.0000000180025095e-35 58.500000000000007 1.0000000180025095e-35 6.0657500000000004 5.0631000000000013 46.500000000000007 1.0000000180025095e-35 5.1626500000000011 9.5000000000000018 5.5955000000000004 68.500000000000014 1.9186892857142859
decision_type=10 2 2 8 8 10 8 2 2 10 2 10 8 8
left_child=4 2 3 7 6 8 -1 9 12 -2 11 -8 -6 -14
right_child=1 -3 -4 -5 5 -7 10 -9 -10 -11 -12 -13 13 -15
leaf_value=-0.0017620961901944185 -0.00013105702456671532 -0.0024938614190383908 -0.0021688094089398302 -0.00095684551815956214 4.5726827370929854e-05 0.00078295105463783033 0.0030779843731485661 -0.00021473667792900822 0.00039990953013009309 0.0084171929698722628 -0.00062643937526635956 -0.00057952984411574775 5.7392321231892827e-05 -0.0052890019471784223
leaf_weight=0.18854345830550379 0.036957350301235925 0.056120992318028473 0.04084524724385119 0.040513343199563678 0.11006653514959874 0.097925625159405061 0.40589389613523963 0.043981848528346745 0.061948346527060383 0.85377949466783321 0.095702727150637656 0.099714216368738562 0.11405136579924136 1.2055187371333886
leaf_count=962 174 113 85 114 407 112 332 50 81 278 123 29 149 2921
internal_value=1.41808e-09 0.00451536 0.00594746 0.00721329 -0.00276878 -0.00396445 0.000508021 0.00787894 -0.00446527 0.00818079 0.00187572 0.00245084 -0.00475392 -0.00500138
internal_weight=3.45156 1.0722 1.01608 0.975232 2.37936 1.58951 0.789854 0.934719 1.49158 0.890737 0.601311 0.505608 1.42964 1.31957
internal_count=5930 814 701 616 5116 3670 1446 502 3558 452 484 361 3477 3070
is_linear=0
shrinkage=0.025


Tree=443
num_leaves=15
num_cat=0
split_feature=6 4 0 9 12 5 4 0 7 6 12 1 12 9
split_gain=0.0787926 0.0475815 0.0326924 0.021145 0.0234996 0.0193976 0.0215861 0.0209043 0.0169756 0.013107 0.00735922 0.00763366 0.0119723 0.00562295
threshold=71.500000000000014 49.500000000000007 5.9030500000000012 3.960509197324416 3.5000000000000004 69.500000000000014 57.500000000000007 5.0760000000000014 10.500000000000002 70.500000000000014 4.5000000000000009 5.5000000000000009 39.500000000000007 5.9689500000000004
decision_type=10 10 10 8 8 10 8 10 2 8 10 8 10 10
left_child=1 2 8 -3 -5 -2 7 -7 10 -6 -1 -12 -13 -11
right_child=5 3 -4 4 9 6 -8 -9 -10 13 11 12 -14 -15
leaf_value=-0.0011178832355283246 -0.00087946886545251868 0.00057123918431156544 0.0036470773665285765 0.00090353982708854324 0.0004446077098092349 -0.00067740258550256615 -0.00094552782887236814 0.0069827450415935813 -0.0032089225369757897 -0.0075394686995768415 -0.00094821280849488967 0.0029478700146205097 -0.00073849951761430926 0.00020941659788935199
leaf_weight=0.40876035978726699 0.073952682650997192 0.17029693939912238 0.25496611476410169 0.038143726953421719 0.028672013198956847 0.070105664504808374 0.035871114348992705 0.4541031199041754 0.39239524375807366 0.44677650015728432 0.13863451092765866 0.58302991377422597 0.34371887058659922 0.0059567440766841164
leaf_count=1451 84 572 16 44 34 147 57 80 1118 1477 554 249 41 6
internal_value=1.45553e-09 -0.00196906 0.000361557 -0.00510898 -0.00612149 0.0045928 0.00541594 0.00618599 -0.00120297 -0.00691229 0.000412156 0.00125621 0.00190696 -0.00736354
internal_weight=3.44538 2.81135 2.12151 0.689846 0.519549 0.634033 0.56008 0.524209 1.86654 0.481405 1.47414 1.06538 0.926749 0.452733
internal_count=5930 5562 3429 2133 1561 368 284 227 3413 1517 2295 844 290 1483
is_linear=0
shrinkage=0.025


Tree=444
num_leaves=15
num_cat=0
split_feature=1 30 4 9 31 2 2 9 3 2 2 3 6 6
split_gain=0.0929387 0.0519722 0.024629 0.0219776 0.0179965 0.012893 0.00871831 0.00634982 0.00511588 0.00866858 0.00500784 0.00397005 0.00377049 0.00347192
threshold=3.5000000000000004 1.0000000180025095e-35 58.500000000000007 5.9025500000000006 1.0000000180025095e-35 2021.5000000000002 2016.5000000000002 5.5109375000000007 226587.00000000003 2001.5000000000002 2003.5000000000002 224928.00000000003 70.500000000000014 76.500000000000014
decision_type=10 2 8 8 2 8 10 10 8 10 10 10 8 8
left_child=3 2 7 4 8 6 10 -2 9 -1 -5 13 -10 -11
right_child=1 -3 -4 5 -6 -7 -8 -9 12 11 -12 -13 -14 -15
leaf_value=0.0014424445847602688 0.0067267410879213695 -0.0023762138937510726 -0.0010082307656289044 0.00077362145727142401 0.0009580609071962445 -0.0016006720235671136 0.0028782604368734095 -8.62174728328154e-05 0.0001924436752840569 0.00038839174568657664 -0.0015607981195342846 0.00051360128306397821 -0.0048550570045462231 -0.0025659340289423786
leaf_weight=0.11352775595150943 0.81333671954780573 0.051222363425040385 0.040755896254268009 0.33396175139932882 0.11359922688279755 0.29943416683818214 0.23235931360977702 0.063436010925215669 0.019236622043536045 0.023980108977411874 0.082291591948887799 0.046129212423693389 1.1180754572305884 0.12613430565033923
leaf_count=87 379 82 95 60 152 1096 95 29 72 48 94 28 3226 387
internal_value=2.98382e-09 0.00434738 0.00576619 -0.00243931 -0.00365868 0.000415712 0.00175286 0.00645052 -0.00426451 -0.00026599 -0.000464082 -0.00163394 -0.00471959 -0.00216664
internal_weight=3.47748 0.968751 0.917529 2.50873 1.56068 0.948047 0.648613 0.876773 1.44708 0.309771 0.416253 0.196244 1.13731 0.150114
internal_count=5930 585 503 5345 4000 1345 249 408 3848 550 154 463 3298 435
is_linear=0
shrinkage=0.025


Tree=445
num_leaves=15
num_cat=0
split_feature=6 3 11 3 5 13 4 2 11 3 35 9 2 2
split_gain=0.0839296 0.0254501 0.0279461 0.023612 0.0213291 0.026708 0.01563 0.0146896 0.0119779 0.00889547 0.00875888 0.00786849 0.00641224 0.00817834
threshold=79.500000000000014 226587.00000000003 13.8902911991607 256930.50000000003 69.500000000000014 14.500000000000002 47.500000000000007 2017.5000000000002 11.693950334875408 290013.50000000006 1.0000000180025095e-35 5.2798613636363649 2021.5000000000002 1959.5000000000002
decision_type=8 8 10 10 10 10 10 10 10 10 2 10 10 10
left_child=4 12 3 10 11 -6 9 -8 -7 -5 -3 -1 13 -2
right_child=1 2 -4 6 5 8 7 -9 -10 -11 -12 -13 -14 -15
leaf_value=-0.0018821163827779373 -0.0010044717360130531 -0.006222323597102529 0.0016613112084021061 0.0023433844213476139 -0.0011367537778667204 -0.00026544683425495919 -0.0033920711278887222 0.0010665354951585727 0.0070071496587706152 -0.00096302149682494273 0.00013613230976397875 0.0012168452652603851 -0.00097543838983880785 0.0022080462836036037
leaf_weight=0.12175561314506922 0.039387373515638369 0.69295346186481743 0.085963122372049727 0.42603097298342618 0.033811880261055194 0.078510810373700224 0.27829124771415081 0.14379779028604389 0.45307797087298241 0.12049383287376259 0.10145359512534924 0.045287460277904756 0.16291070441366173 0.68962145485784276
leaf_count=203 6 2156 15 431 45 172 1075 279 94 341 156 12 466 479
internal_value=6.52208e-10 -0.00210675 -0.00331118 -0.00406716 0.00454914 0.00557075 -0.000433541 -0.00219125 0.00646103 0.00146307 -0.00578696 -0.000719186 0.000820531 0.00155391
internal_weight=3.47335 2.7409 1.84898 1.76302 0.732444 0.565401 0.968614 0.422089 0.531589 0.546525 0.794407 0.167043 0.89192 0.729009
internal_count=5930 5404 4453 4438 526 311 2126 1354 266 772 2312 215 951 485
is_linear=0
shrinkage=0.025


Tree=446
num_leaves=15
num_cat=0
split_feature=6 12 0 28 5 5 13 3 2 11 0 2 0 9
split_gain=0.0830754 0.0301291 0.0389341 0.0281286 0.0304977 0.0210288 0.0263902 0.0144252 0.0132618 0.0119111 0.0103059 0.00831956 0.00918712 0.00782477
threshold=79.500000000000014 9.5000000000000018 5.0631000000000013 1.0000000180025095e-35 68.500000000000014 69.500000000000014 14.500000000000002 245183.50000000003 2018.5000000000002 11.693950334875408 inf 1985.5000000000002 5.2487500000000002 5.2798613636363649
decision_type=8 8 10 2 8 10 10 10 10 10 8 10 8 10
left_child=5 2 8 4 -3 13 -7 -5 -2 -8 -6 -9 -13 -1
right_child=1 3 -4 7 10 6 9 11 -10 -11 -12 12 -14 -15
leaf_value=-0.0018721062607114241 0.00095340593761818063 0.00093396278258920404 0.003805692138292439 -0.0017113345491995885 -0.0073764522381948132 -0.0011291621593099734 -0.00026645071579716514 -0.00088945594171254598 -0.0032212196049755896 0.0069715949721442447 -0.00041025825546997269 -0.00081134322173693053 0.0031864013615779223 0.0012163859852146995
leaf_weight=0.122288449179905 0.18042569064709901 0.15830864915005771 0.34933068968530279 0.56684334521560231 0.3811645575624425 0.033850819090730511 0.078518124384572729 0.071145239664474502 0.34685247800734942 0.45211532547546085 0.28455784526158823 0.035058099478192162 0.36390265510272002 0.045265259672305547
leaf_count=203 223 439 171 179 1663 45 172 14 1328 94 1161 183 43 12
internal_value=1.46746e-09 -0.00209739 0.00102422 -0.00341186 -0.00528131 0.004526 0.005541 -6.28272e-05 -0.0021038 0.00642622 -0.0064327 0.00173689 0.00250626 -0.000710543
internal_weight=3.46963 2.73759 0.876609 1.86098 0.824031 0.732038 0.564484 1.03695 0.527278 0.530633 0.665722 0.470106 0.398961 0.167554
internal_count=5930 5404 1722 3682 3263 526 311 419 1551 266 2824 240 226 215
is_linear=0
shrinkage=0.025


Tree=447
num_leaves=15
num_cat=0
split_feature=0 30 32 13 13 2 3 3 2 3 3 0 35 4
split_gain=0.0933416 0.0530456 0.0624163 0.0398266 0.0320797 0.0313463 0.0117584 0.0114828 0.00326244 0.00330189 0.00720272 0.00679929 0.00405072 0.0031237
threshold=5.1626500000000011 1.0000000180025095e-35 1.0000000180025095e-35 16.500000000000004 25.500000000000004 1994.5000000000002 326855.00000000006 332746.50000000006 1974.5000000000002 219141.50000000003 213073.50000000003 3.5614000000000003 1.0000000180025095e-35 54.500000000000007
decision_type=10 2 2 8 10 10 10 8 8 8 10 10 2 10
left_child=8 2 3 7 5 -5 -7 13 -1 10 11 -10 -11 -2
right_child=1 -3 -4 4 -6 6 -8 -9 9 12 -12 -13 -14 -15
leaf_value=4.1515854113727896e-05 -0.00051866484379281725 -0.002669605843269069 -0.0025640120315666287 -0.00071923484845247149 -0.0009116214963135219 0.0091452231123200257 -0.00012439215383727923 -0.0024766573144360793 -0.0022452646744916039 -0.0038172827394615098 0.0012017277076461776 0.00084484498551862144 0.00013741099283007504 0.0017744748611740167
leaf_weight=0.18962431710679162 0.02525576862535639 0.063421483224374131 0.056300415250006952 0.083403562231978645 0.070373851784097607 0.90588876713445643 0.061739461696561193 0.041814687130681705 0.29814299967256341 1.2165036163169132 0.17809974306146614 0.050970746044185944 0.10161318982136447 0.12022665663971566
leaf_count=19 57 108 132 75 34 371 71 47 482 3997 113 145 156 123
internal_value=-3.09349e-09 0.00365309 0.00495144 0.0062453 0.00732661 0.00805374 0.00879115 -0.00094683 -0.00292303 -0.00313519 -0.000400083 -0.0015023 -0.00358465 0.00127112
internal_weight=3.46338 1.42842 1.365 1.3087 1.12141 1.05103 0.967628 0.187297 2.03495 1.84533 0.527213 0.349114 1.31812 0.145482
internal_count=5930 1018 910 778 551 517 442 227 4912 4893 740 627 4153 180
is_linear=0
shrinkage=0.025


Tree=448
num_leaves=15
num_cat=0
split_feature=6 3 11 3 11 5 13 5 11 2 35 2 2 13
split_gain=0.0797454 0.0416512 0.0292828 0.0260554 0.0322477 0.0206528 0.0258993 0.0140326 0.0111826 0.0102758 0.00989856 0.0088152 0.0108036 0.00878991
threshold=79.500000000000014 226587.00000000003 13.8902911991607 258620.00000000003 13.609673682610634 69.500000000000014 14.500000000000002 68.500000000000014 11.693950334875408 1986.5000000000002 1.0000000180025095e-35 2021.5000000000002 1959.5000000000002 21.500000000000004
decision_type=8 8 10 10 8 10 10 8 10 10 2 10 10 8
left_child=5 11 3 7 -5 -1 -7 -3 -8 -6 -9 12 -2 -14
right_child=1 2 -4 4 9 6 8 10 -10 -11 -12 -13 13 -15
leaf_value=-0.00071704568633709754 -0.0010212137844844307 0.00034161339109061112 0.0016184428186987979 -0.0030233872325485119 -0.00086898303325977366 -0.0011246746890439588 -0.00024727279411952181 -0.0071632603961967328 0.0068641811289315742 0.0030446396029822393 9.1394042363636226e-05 -0.00093696207696117762 -0.00063269021395543636 0.0034497696889157557
leaf_weight=0.16631025512469932 0.039712651196169513 0.093427321855415135 0.083927456405945011 0.41370899634421221 0.087964192047365941 0.03382875099487137 0.078238688511191867 0.63825992633792339 0.44712324030115269 0.42716066505090566 0.099777464609360322 0.1623139442926913 0.075170678206632147 0.60728805874896352
leaf_count=215 6 214 15 1773 19 45 172 2004 94 275 153 466 234 245
internal_value=2.84721e-10 -0.00205639 -0.00364999 -0.0043965 -0.000453342 0.00444374 0.0054541 -0.00614876 0.00633731 0.00224389 -0.0066942 0.00144003 0.00220812 0.00289132
internal_weight=3.45421 2.72871 1.84423 1.7603 0.928834 0.725501 0.559191 0.831465 0.525362 0.515125 0.738037 0.884485 0.722171 0.682459
internal_count=5930 5404 4453 4438 2067 526 311 2371 266 294 2157 951 485 479
is_linear=0
shrinkage=0.025


Tree=449
num_leaves=15
num_cat=0
split_feature=1 30 32 4 7 3 8 13 6 28 8 0 0 4
split_gain=0.0919611 0.0534686 0.0563232 0.0282283 0.025031 0.0201786 0.0126558 0.0100482 0.0093103 0.00844994 0.00865192 0.006438 0.00582746 0.00553387
threshold=2.5000000000000004 1.0000000180025095e-35 1.0000000180025095e-35 58.500000000000007 7.5000000000000009 332746.50000000006 4.304050000000001 21.500000000000004 71.500000000000014 1.0000000180025095e-35 3.9887000000000001 6.0443500000000006 5.1626500000000011 49.500000000000007
decision_type=10 2 2 8 2 10 8 10 10 2 8 10 10 8
left_child=4 2 3 5 7 12 -6 9 11 13 -11 -8 -2 -1
right_child=1 -3 -4 -5 6 -7 8 -9 -10 10 -12 -13 -14 -15
leaf_value=0.00059326164917632845 -7.9461467773878284e-05 -0.0024845897983600779 -0.0022019494306993299 -0.00096970242328588835 0.00042195633026555283 -0.00062674710287862097 -0.0059419465190455531 0.0018276577481329062 0.0002010005068774505 -0.001370786213704559 0.0014654425825799107 0.00030033782841651672 0.0082247785090559019 -0.002607808241404237
leaf_weight=0.031171296821413064 0.034812982528819481 0.055822621387051075 0.040960864869703073 0.0406394685342093 0.13012026415162825 0.034715163234068314 0.55011873815419676 0.14684482538723376 0.11289256867894437 0.16061962600360857 0.71192209811124485 0.011636693030595779 0.85242879716679454 0.53375894452256034
leaf_count=81 155 113 85 114 232 66 1870 298 199 171 152 1 281 2112
internal_value=3.32999e-09 0.00416657 0.00559197 0.00687659 -0.00253181 0.00754704 -0.00454703 -0.000144794 -0.00518509 -0.00101344 0.000490116 -0.00570313 0.00802949 -0.00216495
internal_weight=3.44846 1.05938 1.00356 0.962596 2.38909 0.921957 0.804768 1.58432 0.674648 1.43747 0.872542 0.561755 0.887242 0.56493
internal_count=5930 814 701 616 5116 502 2302 2814 2070 2516 323 1871 436 2193
is_linear=0
shrinkage=0.025


end of trees

feature_importances:
duration_ms=986
release_year=828
fame_score=593
artist_mean_fame_score=432
artist_song_count=419
artist_max_fame_score=393
falsetto_max_midi=370
song_age=308
fame_views_log1p=283
artist_genre_09=238
artist_genre_05=233
range_width=199
artist_genre_02=184
range_high_midi=164
range_low_midi=140
cert_score=116
artist_max_cert_score=99
artist_genre_04=71
artist_genre_06=53
artist_genre_00=22
falsetto_max_midi_missing=12
artist_genre_08=12
artist_genre_03=2
range_high_midi_missing=1
artist_genre_01=1
artist_genre_07=1

parameters:
[boosting: gbdt]
[objective: lambdarank]
[metric: ndcg]
[tree_learner: serial]
[device_type: cpu]
[data_sample_strategy: bagging]
[data: ]
[valid: ]
[num_iterations: 450]
[learning_rate: 0.025]
[num_leaves: 15]
[num_threads: 8]
[seed: 42]
[deterministic: 1]
[force_col_wise: 1]
[force_row_wise: 0]
[histogram_pool_size: -1]
[max_depth: -1]
[min_data_in_leaf: 20]
[min_sum_hessian_in_leaf: 0.001]
[bagging_fraction: 0.9]
[pos_bagging_fraction: 1]
[neg_bagging_fraction: 1]
[bagging_freq: 0]
[bagging_seed: 400]
[bagging_by_query: 0]
[feature_fraction: 0.9]
[feature_fraction_bynode: 1]
[feature_fraction_seed: 30056]
[extra_trees: 0]
[extra_seed: 12879]
[early_stopping_round: 0]
[early_stopping_min_delta: 0]
[first_metric_only: 0]
[max_delta_step: 0]
[lambda_l1: 0]
[lambda_l2: 1]
[linear_lambda: 0]
[min_gain_to_split: 0]
[drop_rate: 0.1]
[max_drop: 50]
[skip_drop: 0.5]
[xgboost_dart_mode: 0]
[uniform_drop: 0]
[drop_seed: 17869]
[top_rate: 0.2]
[other_rate: 0.1]
[min_data_per_group: 100]
[max_cat_threshold: 32]
[cat_l2: 10]
[cat_smooth: 10]
[max_cat_to_onehot: 4]
[top_k: 20]
[monotone_constraints: ]
[monotone_constraints_method: basic]
[monotone_penalty: 0]
[feature_contri: ]
[forcedsplits_filename: ]
[refit_decay_rate: 0.9]
[cegb_tradeoff: 1]
[cegb_penalty_split: 0]
[cegb_penalty_feature_lazy: ]
[cegb_penalty_feature_coupled: ]
[path_smooth: 0]
[interaction_constraints: ]
[verbosity: -1]
[saved_feature_importance_type: 0]
[use_quantized_grad: 0]
[num_grad_quant_bins: 4]
[quant_train_renew_leaf: 0]
[stochastic_rounding: 1]
[linear_tree: 0]
[max_bin: 255]
[max_bin_by_feature: ]
[min_data_in_bin: 3]
[bin_construct_sample_cnt: 200000]
[data_random_seed: 175]
[is_enable_sparse: 1]
[enable_bundle: 1]
[use_missing: 1]
[zero_as_missing: 0]
[feature_pre_filter: 1]
[pre_partition: 0]
[two_round: 0]
[header: 0]
[label_column: ]
[weight_column: ]
[group_column: ]
[ignore_column: ]
[categorical_feature: ]
[forcedbins_filename: ]
[precise_float_parser: 0]
[parser_config_file: ]
[objective_seed: 16083]
[num_class: 1]
[is_unbalance: 0]
[scale_pos_weight: 1]
[sigmoid: 1]
[boost_from_average: 1]
[reg_sqrt: 0]
[alpha: 0.9]
[fair_c: 1]
[poisson_max_delta_step: 0.7]
[tweedie_variance_power: 1.5]
[lambdarank_truncation_level: 100]
[lambdarank_norm: 1]
[label_gain: 0,1,3,7,15]
[lambdarank_position_bias_regularization: 0]
[eval_at: 50]
[multi_error_top_k: 1]
[auc_mu_weights: ]
[num_machines: 1]
[local_listen_port: 12400]
[time_out: 120]
[machine_list_filename: ]
[machines: ]
[gpu_platform_id: -1]
[gpu_device_id: -1]
[gpu_use_dp: 0]
[num_gpu: 1]

end of parameters

pandas_categorical:null
